value	occurrences	distinct_functions	kind	functions
-65536.0	51	4	2^16 fixed point	0x00469960,0x00492000,0x00495850,0x004969d0
-0.5	41	10	UNATTRIBUTED	0x00406110,0x00424270,0x00428520,0x004367a0,0x00437430,0x00492000,0x00495850,0x004969d0,0x004b2210,0x004b2300
0.01	37	13	UNATTRIBUTED	0x00424270,0x00424bf0,0x0043a900,0x0045d7b0,0x0045dcb0,0x0045de00,0x0046ac80,0x0049b1e0,0x0049b350,0x0049b4c0,0x0049b530,0x0049b5a0
0.003921569	32	4	1/255	0x00476a50,0x00487f10,0x00488d60,0x004896d0
0.001	31	10	UNATTRIBUTED	0x004236b0,0x00439ba0,0x00459e70,0x0045a9d0,0x00464ea0,0x00464f70,0x00465ac0,0x004a4d10,0x004a5670,0x004b2300
5.0	25	16	UNATTRIBUTED	0x00402be0,0x00402d60,0x00424d00,0x0042c0d0,0x0042c420,0x0042c8d0,0x0043b870,0x0043bcc0,0x00443f80,0x00444890,0x00445650,0x00446440
-0.0001	22	6	UNATTRIBUTED	0x00484b70,0x004856d0,0x004857f0,0x00485d10,0x00486290,0x004869a0
255.0	18	5	byte colour range	0x0046e4e0,0x00495850,0x004a7220,0x004a7250,0x004a7300
10.0	17	10	UNATTRIBUTED	0x00401180,0x004028c0,0x004059a0,0x0041fe90,0x00424270,0x00432300,0x00459e70,0x0045a920,0x00495850,0x004969d0
6.2831855	16	7	2*pi	0x00427140,0x004279f0,0x00428490,0x00428520,0x00456010,0x00456c80,0x004af060
0.25	15	10	UNATTRIBUTED	0x00401180,0x004026d0,0x004028c0,0x00402be0,0x00402d60,0x00411f10,0x004399c0,0x0045c920,0x004af060,0x004b0e20
1.4013e-45	15	11	UNATTRIBUTED	0x00401970,0x004026d0,0x004231b0,0x00424270,0x00429b40,0x00443d20,0x00444e90,0x004564b0,0x00459e70,0x00468c40,0x00495850
-5.0	11	5	UNATTRIBUTED	0x00427440,0x0043b870,0x00456010,0x00456c80,0x004af060
-6.2831855	11	5	-2*pi	0x00427140,0x004279f0,0x00428490,0x00428520,0x004af060
3.051851e-05	9	6	UNATTRIBUTED	0x004024a0,0x0045e100,0x004a4d10,0x004ae660,0x004aee40,0x004af060
0.1	8	5	UNATTRIBUTED	0x0042cb50,0x00459e70,0x0045d930,0x004aed00,0x004af060
0.2	8	5	UNATTRIBUTED	0x004067a0,0x004248e0,0x00424ac0,0x0042cf90,0x004af060
-300.0	7	3	UNATTRIBUTED	0x004289f0,0x00428d60,0x004290f0
0.4	6	2	UNATTRIBUTED	0x00439ba0,0x004af060
0.6667	6	1	2/3	0x00424d00
3.1415927	6	5	pi	0x00472a10,0x00474e10,0x004ae660,0x004aee40,0x004af060
-0.7	5	2	UNATTRIBUTED	0x0042c0d0,0x004386c0
-10.0	5	5	UNATTRIBUTED	0x00401c00,0x00420d10,0x0042d5c0,0x00432300,0x00453400
-0.5236	4	4	-pi/6 (-30 deg)	0x00421830,0x00427440,0x00427ec0,0x0042c0d0
-250.0	4	1	UNATTRIBUTED	0x004290f0
0.0001	4	2	UNATTRIBUTED	0x0042cde0,0x00482a10
0.004021569	4	2	UNATTRIBUTED	0x00487f10,0x00488d60
0.017453292	4	4	deg->rad (pi/180)	0x0041fe90,0x00421ab0,0x00433840,0x00459e70
1000.0	4	4	UNATTRIBUTED	0x004289f0,0x004753e0,0x00495850,0x004969d0
20.0	4	2	UNATTRIBUTED	0x00425770,0x00428c20
4.0	4	1	UNATTRIBUTED	0x00439ba0
65536.0	4	2	2^16 fixed point	0x00469960,0x00495850
-0.01	3	2	UNATTRIBUTED	0x0045c040,0x00479660
-4.0	3	3	UNATTRIBUTED	0x00402be0,0x0043b730,0x004af060
-5000.0	3	1	UNATTRIBUTED	0x00476480
0.19999999	3	1	UNATTRIBUTED	0x00459e70
0.5236	3	3	pi/6 (30 deg)	0x00421830,0x00427440,0x00427ec0
0.75	3	2	UNATTRIBUTED	0x00402250,0x004b2300
1048576.0	3	2	UNATTRIBUTED	0x00495850,0x004969d0
3.4906585	3	1	UNATTRIBUTED	0x004af060
8.0	3	2	UNATTRIBUTED	0x0042d5c0,0x0042fdc0
921.6	3	3	UNATTRIBUTED	0x00482720,0x00482860,0x00482a10
-0.24	2	1	UNATTRIBUTED	0x004b0530
-0.35	2	2	UNATTRIBUTED	0x004059a0,0x00428520
-1.2	2	1	UNATTRIBUTED	0x0042c8d0
-3.0	2	1	UNATTRIBUTED	0x004236b0
-60.0	2	2	UNATTRIBUTED	0x00418d40,0x00432300
-8.0	2	2	UNATTRIBUTED	0x00405040,0x00427ec0
0.00390625	2	1	UNATTRIBUTED	0x00483510
0.005	2	2	UNATTRIBUTED	0x0043bcc0,0x00489920
0.032258064	2	1	UNATTRIBUTED	0x0046e4e0
0.39999998	2	1	UNATTRIBUTED	0x00439ba0
0.9	2	2	UNATTRIBUTED	0x0041fe90,0x004226d0
1.01	2	1	UNATTRIBUTED	0x00479660
1.2	2	1	UNATTRIBUTED	0x0042c8d0
1.396	2	1	UNATTRIBUTED	0x0044a410
100.0	2	2	UNATTRIBUTED	0x00411f10,0x004a4d10
12.0	2	2	UNATTRIBUTED	0x00427440,0x0042d5c0
2.10195e-44	2	2	UNATTRIBUTED	0x004236b0,0x00468c40
3.14159265359	2	2	UNATTRIBUTED	0x004af060,0x004b0e20
5.60519e-45	2	2	UNATTRIBUTED	0x0042c0d0,0x00468c40
5000.0	2	1	UNATTRIBUTED	0x00476480
-0.001	1	1	UNATTRIBUTED	0x004236b0
-0.1	1	1	UNATTRIBUTED	0x00432300
-0.25	1	1	UNATTRIBUTED	0x004af060
-0.6	1	1	UNATTRIBUTED	0x00439ba0
-0.8	1	1	UNATTRIBUTED	0x004248e0
-0.9	1	1	UNATTRIBUTED	0x00423c20
-0.95	1	1	UNATTRIBUTED	0x00472a10
-120.0	1	1	UNATTRIBUTED	0x004af060
-14.0	1	1	UNATTRIBUTED	0x00402d60
-2.2	1	1	UNATTRIBUTED	0x004289f0
-20.0	1	1	UNATTRIBUTED	0x00428c20
-28.0	1	1	UNATTRIBUTED	0x00429b40
-30.0	1	1	UNATTRIBUTED	0x00433390
-50.0	1	1	UNATTRIBUTED	0x00406610
-99.0	1	1	UNATTRIBUTED	0x0045d930
0.00027777778	1	1	UNATTRIBUTED	0x0040ee60
0.0004960318	1	1	UNATTRIBUTED	0x0046e4e0
0.0009765625	1	1	UNATTRIBUTED	0x0049f9a0
0.0010080645	1	1	UNATTRIBUTED	0x0046e4e0
0.011111111	1	1	UNATTRIBUTED	0x00459e70
0.015151516	1	1	UNATTRIBUTED	0x0043c190
0.016666668	1	1	UNATTRIBUTED	0x0040ee60
0.019607844	1	1	UNATTRIBUTED	0x00474fc0
0.025	1	1	UNATTRIBUTED	0x0043b870
0.05	1	1	UNATTRIBUTED	0x0043bcc0
0.16666667	1	1	UNATTRIBUTED	0x0041fe90
0.3	1	1	UNATTRIBUTED	0x00439ba0
0.333	1	1	UNATTRIBUTED	0x0043bcc0
0.33333334	1	1	UNATTRIBUTED	0x0041fe90
0.35	1	1	UNATTRIBUTED	0x00428520
0.71	1	1	UNATTRIBUTED	0x00423c20
0.89	1	1	UNATTRIBUTED	0x004374a0
0.95	1	1	UNATTRIBUTED	0x00472a10
0.99	1	1	UNATTRIBUTED	0x0041d220
1.1	1	1	UNATTRIBUTED	0x00424ac0
1.12104e-44	1	1	UNATTRIBUTED	0x00468c40
1.26117e-44	1	1	UNATTRIBUTED	0x00468c40
1.4426950408889634	1	1	UNATTRIBUTED	0x00474fc0
1.5751008e-05	1	1	UNATTRIBUTED	0x0046e4e0
1.667	1	1	UNATTRIBUTED	0x0043b870
1.68156e-44	1	1	UNATTRIBUTED	0x00468c40
1.82169e-44	1	1	UNATTRIBUTED	0x00468c40
1.96182e-44	1	1	UNATTRIBUTED	0x00468c40
10000.0	1	1	UNATTRIBUTED	0x00476480
10000.9	1	1	UNATTRIBUTED	0x004290f0
11.0	1	1	UNATTRIBUTED	0x00405040
15.0	1	1	UNATTRIBUTED	0x00459e70
15.707963	1	1	UNATTRIBUTED	0x004af060
2.2	1	1	UNATTRIBUTED	0x00406110
2.24208e-44	1	1	UNATTRIBUTED	0x00468c40
2.38221e-44	1	1	UNATTRIBUTED	0x00468c40
2.52234e-44	1	1	UNATTRIBUTED	0x00468c40
2.66247e-44	1	1	UNATTRIBUTED	0x00468c40
2.8026e-44	1	1	UNATTRIBUTED	0x00468c40
2.94273e-44	1	1	UNATTRIBUTED	0x00468c40
28.0	1	1	UNATTRIBUTED	0x0041fe90
3.08286e-44	1	1	UNATTRIBUTED	0x00468c40
3.1502015e-05	1	1	UNATTRIBUTED	0x0046e4e0
3.22299e-44	1	1	UNATTRIBUTED	0x00468c40
3.3	1	1	UNATTRIBUTED	0x004236b0
3600.0	1	1	UNATTRIBUTED	0x0040ee60
4.1	1	1	UNATTRIBUTED	0x0042b2a0
4.2039e-45	1	1	UNATTRIBUTED	0x0042c0d0
4.5	1	1	UNATTRIBUTED	0x004564b0
400.0	1	1	UNATTRIBUTED	0x00401f60
50.0	1	1	UNATTRIBUTED	0x0045c530
55.0	1	1	UNATTRIBUTED	0x0042c2e0
57.6	1	1	UNATTRIBUTED	0x00483650
6.0	1	1	UNATTRIBUTED	0x00428520
6.663305e-39	1	1	UNATTRIBUTED	0x00488d60
6.66422e-39	1	1	UNATTRIBUTED	0x00488d60
6.664284e-39	1	1	UNATTRIBUTED	0x00488d60
6.664906e-39	1	1	UNATTRIBUTED	0x00488d60
6.66497e-39	1	1	UNATTRIBUTED	0x00488d60
6.885183e-39	1	1	UNATTRIBUTED	0x004af060
6.888497e-39	1	1	UNATTRIBUTED	0x004af060
60.0	1	1	UNATTRIBUTED	0x0040ee60
7.00649e-45	1	1	UNATTRIBUTED	0x00468c40
8.40779e-45	1	1	UNATTRIBUTED	0x00468c40
86400.0	1	1	UNATTRIBUTED	0x0045c310
9.0	1	1	UNATTRIBUTED	0x0043a600
9.80909e-45	1	1	UNATTRIBUTED	0x00468c40
