address,bytes,prologue,direct_calls,abs_refs,in_span
0x00401020,c20400909090,check,0,7,
0x00401030,b818c74c00c3,likely,0,1,
0x00401040,8b41206a0050,likely,0,11,
0x00401050,8b41206a0150,likely,0,11,
0x00404280,51565733c9c7,likely,0,1,ui_widgets;menus;savegame
0x00404620,8b49046a008b,likely,0,1,ui_widgets;menus;savegame
0x00404b30,890d4ca24d00,check,0,1,ui_widgets;menus;savegame
0x00404bb0,db054ca24d00,check,0,1,ui_widgets;menus;savegame
0x00405ea0,0e5d4000435d,check,0,1,ui_widgets;menus;savegame
0x00406890,51568bf16a01,likely,0,1,ui_widgets;menus;savegame
0x004068c0,51568bf16a01,likely,0,1,ui_widgets;menus;savegame
0x004068f0,51568bf16a01,likely,0,1,ui_widgets;menus;savegame
0x00406920,8b442404568b,likely,0,1,ui_widgets;menus;savegame
0x004069f0,e88df10b0040,check,0,1,ui_widgets;menus;savegame
0x00406e90,e80b000000e9,check,0,1,ui_widgets;menus;savegame
0x00406ec0,b9e85c4e00e9,check,0,1,ui_widgets;menus;savegame
0x00407130,b801000000c3,likely,0,2,ui_widgets;menus;savegame
0x00407160,b801000000c2,likely,0,16,ui_widgets;menus;savegame
0x00407170,8a442404568b,check,0,1,ui_widgets;menus;savegame
0x00408d20,e80b000000e9,check,0,1,ui_widgets;menus;savegame
0x00408d50,b9d05d4e00e9,check,0,1,ui_widgets;menus;savegame
0x00409950,e80b000000e9,check,0,1,ui_widgets;menus;savegame
0x00409980,b9e05d4e00e9,check,0,1,ui_widgets;menus;savegame
0x0040b140,8b4424045657,likely,0,1,ui_widgets;menus;savegame
0x0040bc20,e80b000000e9,check,0,1,ui_widgets;menus;savegame
0x0040bc50,b9f05d4e00e9,check,0,1,ui_widgets;menus;savegame
0x0040d070,e80b000000e9,check,0,1,ui_widgets;menus;savegame
0x0040d0a0,b9085e4e00e9,check,0,1,ui_widgets;menus;savegame
0x0040d1e0,e80b000000e9,check,0,1,ui_widgets;menus;savegame
0x0040d210,b914d74e00e9,check,0,1,ui_widgets;menus;savegame
0x0040d260,e80b000000e9,check,0,1,ui_widgets;menus;savegame
0x0040d290,b968da4e00e9,check,0,1,ui_widgets;menus;savegame
0x0040d2f0,e80b000000e9,check,0,1,ui_widgets;menus;savegame
0x0040d320,b918d74e00e9,check,0,1,ui_widgets;menus;savegame
0x0040d400,e80b000000e9,check,0,1,ui_widgets;menus;savegame
0x0040d430,b9d05e4e00e9,check,0,1,ui_widgets;menus;savegame
0x0040f2d0,6a00e8294a0a,likely,0,2,ui_widgets;menus;savegame
0x0040fab0,6a006a006a00,likely,0,1,ui_widgets;menus;savegame
0x0040fbb0,8b4424048b08,likely,0,1,ui_widgets;menus;savegame
0x00411710,c39090909090,check,0,1,ui_widgets;menus;savegame
0x00412bd0,b801000000c2,likely,0,1,ui_widgets;menus;savegame
0x00412be0,8b44240450e8,likely,0,2,ui_widgets;menus;savegame
0x00412bf0,8b016a01ff50,likely,0,2,ui_widgets;menus;savegame
0x00412c00,8b016a00ff50,likely,0,2,ui_widgets;menus;savegame
0x00412c60,83ec1456578b,likely,0,1,ui_widgets;menus;savegame
0x004130d0,83ec1456578b,likely,0,1,ui_widgets;menus;savegame
0x00413340,83ec1056578b,likely,0,1,ui_widgets;menus;savegame
0x00413500,a1d45e4e0056,likely,0,1,ui_widgets;menus;savegame
0x004135f0,8b016a00ff50,likely,0,1,ui_widgets;menus;savegame
0x00413600,e85b4dffff48,check,1,0,ui_widgets;menus;savegame
0x004136f0,e80b000000e9,check,0,1,ui_widgets;menus;savegame
0x00413720,b9905e4e00e9,check,0,1,ui_widgets;menus;savegame
0x004143d0,e88b3effff85,check,1,0,ui_widgets;menus;savegame
0x00414550,e84bb6050085,check,0,9,ui_widgets;menus;savegame
0x00414590,83ec54a1883a,likely,1,0,ui_widgets;menus;savegame
0x00414660,e92bffffff90,likely,0,1,ui_widgets;menus;savegame
0x00414a60,e80b000000e9,check,0,1,ui_widgets;menus;savegame
0x00414a90,b978db4e00e9,check,0,1,ui_widgets;menus;savegame
0x00414ad0,8b4424045355,likely,0,1,ui_widgets;menus;savegame
0x00414b50,33c0c2040090,likely,0,3,ui_widgets;menus;savegame
0x00415100,e80b000000e9,check,0,1,ui_widgets;menus;savegame
0x00415130,b958dc4e00e9,check,0,1,ui_widgets;menus;savegame
0x004153d0,51568bf1578b,likely,0,1,ui_widgets;menus;savegame
0x00415810,e80b000000e9,check,0,1,ui_widgets;menus;savegame
0x00415840,b948dc4e00e9,check,0,1,ui_widgets;menus;savegame
0x004159d0,33c0c2080090,likely,0,2,ui_widgets;menus;savegame
0x00415a80,8a442404568b,check,0,1,ui_widgets;menus;savegame
0x00416b80,8b416885c074,likely,1,0,ui_widgets;menus;savegame
0x00416bb0,8b416885c074,likely,1,0,ui_widgets;menus;savegame
0x00417350,e80b000000e9,check,0,1,ui_widgets;menus;savegame
0x00417380,b9c00c4f00e9,check,0,1,ui_widgets;menus;savegame
0x00417680,518bcae8a8fd,likely,0,1,ui_widgets;menus;savegame
0x00417690,8b442408508b,likely,0,1,ui_widgets;menus;savegame
0x004176d0,8b4c240c68ec,likely,0,1,ui_widgets;menus;savegame
0x00417ca0,8d41e883f805,check,0,6,ui_widgets;menus;savegame
0x00419380,83e900742a49,check,0,1,ui_widgets;menus;savegame
0x00419690,51568bf1578b,likely,0,1,ui_widgets;menus;savegame
0x004198d0,5633c9e8e8d8,likely,0,1,ui_widgets;menus;savegame
0x00419940,8b0d9c324f00,likely,0,1,ui_widgets;menus;savegame
0x00419990,81ec00010000,likely,0,1,ui_widgets;menus;savegame
0x0041ab60,e80b000000e9,check,0,1,ui_widgets;menus;savegame
0x0041ab90,b9a0324f00e9,check,0,1,ui_widgets;menus;savegame
0x0041afd0,b8d0fb4c00c3,likely,0,1,ui_widgets;menus;savegame
0x0041afe0,83ec08535556,likely,0,1,ui_widgets;menus;savegame
0x0041b2f0,81ec04020000,likely,0,1,ui_widgets;menus;savegame
0x0041b5a0,83ec74535657,likely,0,1,ui_widgets;menus;savegame
0x0041b780,81ec80010000,likely,0,1,ui_widgets;menus;savegame
0x0041bca0,515356578bf9,likely,0,1,ui_widgets;menus;savegame
0x0041bd10,8b4104c78094,likely,0,1,ui_widgets;menus;savegame
0x0041c5e0,e80b000000e9,check,0,1,ui_widgets;menus;savegame
0x0041c6b0,b9c8324f00e9,check,0,1,ui_widgets;menus;savegame
0x0041c880,53568b74240c,likely,0,1,ui_widgets;menus;savegame
0x0041c970,b8d0034d00c3,likely,0,1,ui_widgets;menus;savegame
0x0041c980,e80b000000e9,check,0,1,ui_widgets;menus;savegame
0x0041ca10,68885b4c006a,likely,0,1,ui_widgets;menus;savegame
0x0041cc10,e90b00000090,likely,0,1,ui_widgets;menus;savegame
0x0041cc40,e90b00000090,likely,0,1,ui_widgets;menus;savegame
0x0041cc70,e90b00000090,likely,0,1,ui_widgets;menus;savegame
0x0041dcf0,83ec0c568bf2,likely,0,1,ui_widgets;menus;savegame
0x0041ea90,e90b00000090,likely,0,1,ui_widgets;menus;savegame
0x0041eac0,e90b00000090,likely,0,1,ui_widgets;menus;savegame
0x0041eaf0,e80b000000e9,check,0,1,ui_widgets;menus;savegame
0x0041eb20,b978374f00e9,check,0,1,ui_widgets;menus;savegame
0x0041eb50,e80b000000e9,check,0,1,ui_widgets;menus;savegame
0x0041eb80,b950364f00e9,check,0,1,ui_widgets;menus;savegame
0x0041ebd0,e90b00000090,likely,0,1,ui_widgets;menus;savegame
0x0041ec00,e90b00000090,likely,0,1,ui_widgets;menus;savegame
0x0041ec30,e80b000000e9,check,0,1,ui_widgets;menus;savegame
0x0041ec70,b9b0374f00e9,check,0,1,ui_widgets;menus;savegame
0x0041ecc0,b9a8334f00e9,check,0,1,ui_widgets;menus;savegame
0x0041ef30,e80b000000e9,check,0,1,ui_widgets;menus;savegame
0x0041ef70,51a15c3a4f00,likely,0,1,ui_widgets;menus;savegame
0x0041f640,a1a4364f0056,likely,0,1,ui_widgets;menus;savegame
0x0041f850,5153558b6c24,likely,0,1,ui_widgets;menus;savegame
0x004262d0,726142006b61,check,0,1,ui_widgets;menus;savegame
0x00429f10,e80b000000e9,check,0,1,ui_widgets;menus;savegame
0x00429f50,51a1e43a4f00,likely,0,1,ui_widgets;menus;savegame
0x0042de10,b890094d00c3,likely,0,1,ui_widgets;menus;input;savegame
0x0042de20,e80b000000e9,check,0,1,ui_widgets;menus;input;savegame
0x0042de50,b9a83c4f00e9,check,0,1,ui_widgets;menus;input;savegame
0x0042e520,81ec38070000,likely,0,1,ui_widgets;menus;input;savegame
0x0042e930,a1d03e4f0056,likely,0,1,ui_widgets;menus;input;savegame
0x0042e9f0,5633f6e81899,likely,0,1,ui_widgets;menus;input;savegame
0x0042eac0,a1f43d4f0085,likely,0,1,ui_widgets;menus;input;savegame
0x0042eb00,b801000000c2,likely,0,2,ui_widgets;menus;input;savegame
0x0042eb10,6a0183c108e8,likely,0,1,ui_widgets;menus;input;savegame
0x0042eb60,33c9e8e96afe,likely,0,1,ui_widgets;menus;input;savegame
0x0042ec80,83c110e85844,check,0,1,ui_widgets;menus;input;savegame
0x0042eca0,6a0083c110e8,likely,0,1,ui_widgets;menus;input;savegame
0x0042edb0,51568bf18b46,likely,0,1,ui_widgets;menus;input;savegame
0x0042ee50,8b4128c74104,likely,0,1,ui_widgets;menus;input;savegame
0x0042ee70,8b412885c075,likely,0,1,ui_widgets;menus;input;savegame
0x0042eec0,8b44240485c0,likely,0,1,ui_widgets;menus;input;savegame
0x0042f8e0,64a100000000,check,0,1,ui_widgets;menus;input;savegame
0x0042f9d0,e8abaf0500b9,check,0,1,ui_widgets;menus;input;savegame
0x00430240,b8f00b4d00c3,likely,0,1,ui_widgets;menus;input;savegame
0x00430740,33c0b9a83c4f,likely,0,1,ui_widgets;menus;input;savegame
0x004308a0,8b41206a006a,likely,0,1,ui_widgets;menus;input;savegame
0x00430a70,e8cb78fdff8b,check,0,1,ui_widgets;menus;input;savegame
0x00430bf0,380b4300800b,check,0,1,ui_widgets;menus;input;savegame
0x00430c90,81ec00010000,likely,0,1,ui_widgets;menus;input;savegame
0x00430d80,64a100000000,check,0,1,ui_widgets;menus;input;savegame
0x00431270,8b81d8010000,likely,0,1,ui_widgets;menus;input;savegame
0x00431290,8b81d8010000,likely,0,1,ui_widgets;menus;input;savegame
0x004312b0,8b81d8010000,likely,0,1,ui_widgets;menus;input;savegame
0x004312d0,8b81d8010000,likely,0,1,ui_widgets;menus;input;savegame
0x004312f0,8b81d8010000,likely,0,1,ui_widgets;menus;input;savegame
0x00431310,8b81d8010000,likely,0,1,ui_widgets;menus;input;savegame
0x004313d0,568b74240857,likely,0,1,ui_widgets;menus;input;savegame
0x00431430,568b74240857,likely,0,1,ui_widgets;menus;input;savegame
0x00431490,568b74240857,likely,0,1,ui_widgets;menus;input;savegame
0x004314f0,568b74240857,likely,0,1,ui_widgets;menus;input;savegame
0x00431550,568b74240857,likely,0,1,ui_widgets;menus;input;savegame
0x004315b0,568b74240857,likely,0,1,ui_widgets;menus;input;savegame
0x004316c0,56578b7c240c,likely,4,0,ui_widgets;menus;input;savegame
0x00431790,6a00e829ffff,likely,0,1,ui_widgets;menus;input;savegame
0x004317a0,6a01e819ffff,likely,0,1,ui_widgets;menus;input;savegame
0x004317b0,6a02e809ffff,likely,0,1,ui_widgets;menus;input;savegame
0x004317c0,6a03e8f9feff,likely,0,1,ui_widgets;menus;input;savegame
0x004317d0,8b4424088b91,likely,3,0,ui_widgets;menus;input;savegame
0x00431870,568b74240857,likely,0,1,ui_widgets;menus;input;savegame
0x004318b0,8b4424046a01,likely,0,1,ui_widgets;menus;input;savegame
0x004318c0,8b4424046a02,likely,0,1,ui_widgets;menus;input;savegame
0x004318d0,8b4424046a03,likely,0,1,ui_widgets;menus;input;savegame
0x004318e0,8b4424046a00,likely,0,1,ui_widgets;menus;input;savegame
0x00431900,e81b69fdff8b,check,0,1,ui_widgets;menus;input;savegame
0x00431950,e86b6afdff8b,check,0,1,ui_widgets;menus;input;savegame
0x004319a0,a1043f4f0081,likely,0,1,ui_widgets;menus;input;savegame
0x00431a80,8b4c24046a01,likely,0,3,ui_widgets;menus;input;savegame
0x00431a90,33c9e90966fd,likely,0,1,ui_widgets;menus;input;savegame
0x00431ad0,b901000000e9,check,0,1,ui_widgets;menus;input;savegame
0x00431b10,8b44240c568b,likely,0,1,ui_widgets;menus;input;savegame
0x00431b50,8a442404568b,check,0,1,ui_widgets;menus;input;savegame
0x00431bf0,e90b00000090,likely,0,1,ui_widgets;menus;input;savegame
0x00431c20,e90b00000090,likely,0,1,ui_widgets;menus;input;savegame
0x004327e0,568bf2578bf9,likely,0,2,ui_widgets;menus;input;savegame
0x00432ed0,81ec80000000,likely,0,1,ui_widgets;menus;input;savegame
0x004337e0,83ec54b91400,likely,0,2,ui_widgets;menus;input;savegame
0x00433f40,83ec54568bf2,likely,0,2,ui_widgets;menus;input;savegame
0x004340a0,568bf28b4e18,likely,0,2,ui_widgets;menus;input;savegame
0x00434190,538bda8b4b04,likely,0,2,ui_widgets;menus;input;savegame
0x00434230,b801000000c3,likely,0,1,ui_widgets;menus;input;savegame
0x00434240,a17ccf4d0053,likely,0,1,ui_widgets;menus;input;savegame
0x004342d0,83ec0c53568b,likely,0,2,ui_widgets;menus;input;savegame
0x004343f0,568d72088bce,likely,0,2,ui_widgets;menus;input;savegame
0x004344b0,568bf2e8f8dc,likely,0,2,ui_widgets;menus;input;savegame
0x00434920,566a006a008b,likely,0,2,ui_widgets;menus;input;savegame
0x00434970,e9cb08000090,likely,0,1,ui_widgets;menus;input;savegame
0x00434dc0,e9ab0c000090,likely,0,1,ui_widgets;menus;input;savegame
0x00435a30,e80b000000e9,check,0,1,ui_widgets;menus;input;savegame
0x00435a60,b9b03f4f00e9,check,0,1,ui_widgets;menus;input;savegame
0x00437ca0,a1883a4f0056,likely,0,2,ui_widgets;menus;input;savegame
0x00437e50,8bcae8c9f9ff,likely,0,1,ui_widgets;menus;input;savegame
0x00437ef0,a1c0d14d0085,likely,0,1,ui_widgets;menus;input;savegame
0x0043b800,8b4204c7806c,likely,0,1,ui_widgets;menus;input;savegame
0x0043cdf0,53568b74240c,likely,0,1,ui_widgets;menus;input;savegame
0x0043ce80,81ec90030000,likely,2,0,ui_widgets;menus;input;savegame
0x0043cf20,e90b00000090,likely,0,1,ui_widgets;menus;input;savegame
0x0043dcc0,b818194d00c3,likely,0,1,ui_widgets;menus;input;savegame
0x0043e1c0,b888100000e8,likely,0,1,ui_widgets;menus;input;savegame
0x0043e4b0,83ec588d4424,likely,0,1,ui_widgets;menus;input;savegame
0x0043e520,83ec588d4424,likely,0,1,ui_widgets;menus;input;savegame
0x0043e550,81ecbc010000,likely,0,1,ui_widgets;menus;input;savegame
0x0043e680,a1748553008b,likely,0,1,ui_widgets;menus;input;savegame
0x0043e6a0,64a100000000,check,0,1,ui_widgets;menus;input;savegame
0x0043ec00,b808100000e8,likely,0,1,ui_widgets;menus;input;savegame
0x0043ed10,b808100000e8,likely,0,1,ui_widgets;menus;input;savegame
0x0043ee40,a174855300c7,likely,0,1,ui_widgets;menus;input;savegame
0x0043ee60,a174855300c7,likely,0,1,ui_widgets;menus;input;savegame
0x0043f4d0,83ec10568bf1,likely,0,1,ui_widgets;menus;input;savegame
0x0043f550,83ec10568bf1,likely,0,1,ui_widgets;menus;input;savegame
0x0043f6b0,b804100000e8,likely,0,1,ui_widgets;menus;input;savegame
0x0043f830,a16485530081,likely,0,1,ui_widgets;menus;input;savegame
0x0043f9d0,8b44240881ec,likely,0,1,ui_widgets;menus;input;savegame
0x0043fa70,8b44240c8b0d,likely,0,1,ui_widgets;menus;input;savegame
0x0043fa90,81ec84010000,likely,0,1,ui_widgets;menus;input;savegame
0x0043fde0,8b44240885c0,likely,0,1,ui_widgets;menus;input;savegame
0x0043fe50,8b44240881ec,likely,0,1,ui_widgets;menus;input;savegame
0x0043ff80,81ec80000000,likely,0,1,ui_widgets;menus;input;savegame
0x004401d0,8b44240881ec,likely,0,1,ui_widgets;menus;input;savegame
0x004402c0,8b44240881ec,likely,0,1,ui_widgets;menus;input;savegame
0x00440c80,8b44240881ec,likely,0,1,ui_widgets;menus;input;savegame
0x00440ce0,8b44240881ec,likely,0,1,ui_widgets;menus;input;savegame
0x00440d40,8b4c240c8b44,likely,0,1,ui_widgets;menus;input;savegame
0x00440d90,8b44240885c0,likely,0,1,ui_widgets;menus;input;savegame
0x00440e10,8b44240c81ec,likely,0,1,ui_widgets;menus;input;savegame
0x00440ef0,8b44240881ec,likely,0,1,ui_widgets;menus;input;savegame
0x00440f40,81ec80000000,likely,0,1,ui_widgets;menus;input;savegame
0x00441040,8b44240881ec,likely,0,1,ui_widgets;menus;input;savegame
0x004411c0,8b44240885c0,likely,0,1,ui_widgets;menus;input;savegame
0x00441200,8b44240885c0,likely,0,1,ui_widgets;menus;input;savegame
0x00441240,33c0c2100090,likely,0,1,ui_widgets;menus;input;savegame
0x00441250,33c0c20c0090,likely,0,1,ui_widgets;menus;input;savegame
0x00441260,8b44240881ec,likely,0,1,ui_widgets;menus;input;savegame
0x004412c0,8b44241081ec,likely,0,1,ui_widgets;menus;input;savegame
0x00441350,83ec288b0d68,likely,0,1,ui_widgets;menus;input;savegame
0x00441480,8b44240881ec,likely,0,1,ui_widgets;menus;input;savegame
0x00441660,8b44240c8b4c,likely,0,1,ui_widgets;menus;input;savegame
0x00441a00,a1b0c24c00c3,likely,0,10,ui_widgets;menus;input;savegame
0x00441a10,b8101d4d00c3,likely,0,1,ui_widgets;menus;input;savegame
0x00441a20,8b81c0000000,likely,0,1,ui_widgets;menus;input;savegame
0x00441a40,83ec08535657,likely,0,1,ui_widgets;menus;input;savegame
0x004420c0,c78118010000,likely,0,1,ui_widgets;menus;input;savegame
0x004420d0,e93bffffff90,likely,0,1,ui_widgets;menus;input;savegame
0x00442260,b8b01e4d00c3,likely,0,1,ui_widgets;menus;input;savegame
0x00442320,8b44240881ec,likely,0,1,ui_widgets;menus;input;savegame
0x00442660,688cd44d00e8,likely,0,1,ui_widgets;menus;input;savegame
0x00442680,6898d44d00e8,likely,0,1,ui_widgets;menus;input;savegame
0x00442720,8b44240883e8,likely,0,1,ui_widgets;menus;input;savegame
0x00442770,8b44240483c0,likely,0,2,ui_widgets;menus;input;savegame
0x004427d0,8b44240c8b4c,likely,0,1,ui_widgets;menus;input;savegame
0x00442890,a148c24c00c3,likely,0,1,ui_widgets;menus;input;savegame
0x00442a30,8b81d0000000,likely,0,2,ui_widgets;menus;input;savegame
0x00443790,a15cc24c00c3,likely,0,1,ui_widgets;menus;input;savegame
0x004437a0,b8e0204d00c3,likely,0,2,ui_widgets;menus;input;savegame
0x004437b0,a160c24c00c3,likely,0,1,ui_widgets;menus;input;savegame
0x004437c0,b8f8204d00c3,likely,0,2,ui_widgets;menus;input;savegame
0x004438a0,8b4c240485c9,likely,0,2,ui_widgets;menus;input;savegame
0x004438c0,51568b74240c,likely,0,1,ui_widgets;menus;input;savegame
0x004438f0,e99325080090,likely,0,1,ui_widgets;menus;input;savegame
0x00443a40,e86b1f060085,check,2,0,ui_widgets;menus;input;savegame
0x00443a50,e82d210800e8,check,0,1,ui_widgets;menus;input;savegame
0x00443a60,8b442404568b,likely,0,1,ui_widgets;menus;input;savegame
0x00443ae0,8b44240c568b,likely,0,1,ui_widgets;menus;input;savegame
0x00443b50,8b5424088b89,likely,0,1,ui_widgets;menus;input;savegame
0x0044f720,a1a89b53008b,likely,0,1,collision;ui_widgets;menus;input;savegame
0x0044f750,53568b35a09b,likely,0,1,collision;ui_widgets;menus;input;savegame
0x00451840,57b90d000000,likely,0,1,collision;ui_widgets;menus;input;savegame;zclass_nodes
0x00457650,e80b000000e9,check,0,1,collision;ui_widgets;menus;input;savegame;declient
0x004576b0,51a1f49d5300,likely,0,1,collision;ui_widgets;menus;input;savegame;declient
0x00457c10,8b4c24048b41,likely,0,1,collision;ui_widgets;menus;input;savegame;declient
0x00458bb0,8b4254f6c402,likely,0,2,collision;ui_widgets;menus;input;savegame;declient
0x0045d010,515355565785,likely,0,2,collision;ui_widgets;menus;input;savegame;zeffect
0x0045d4c0,535685c957bb,likely,0,1,collision;ui_widgets;menus;input;savegame;zeffect
0x00460490,b884440000e8,likely,0,1,collision;ui_widgets;menus;input;savegame;zeffect
0x00461040,81ecb0000000,likely,0,1,collision;ui_widgets;menus;input;savegame;zeffect
0x00461670,53558b6c240c,likely,0,1,collision;ui_widgets;menus;input;savegame;zeffect
0x004621b0,51568bf1f646,likely,0,1,collision;ui_widgets;menus;input;savegame;zeffect
0x00462ed0,dd442404d959,check,0,1,collision;ui_widgets;menus;input;savegame
0x00462ee0,d9410cd84108,likely,0,1,collision;ui_widgets;menus;input;savegame
0x00463320,8b15e8bb5600,likely,0,1,collision;ui_widgets;menus;input;savegame
0x004636d0,515355568bf1,likely,0,1,collision;ui_widgets;menus;input;savegame
0x00463920,56e8fa2e0400,likely,0,3,collision;ui_widgets;menus;input;savegame
0x00463c90,33c0c2080090,likely,0,1,collision;ui_widgets;menus;input;savegame
0x00463ca0,8b490c85c974,likely,0,1,collision;ui_widgets;menus;input;savegame
0x0046fc90,fcfb460003fc,check,0,1,collision;ui_widgets;menus;input;savegame;asset_io
0x00470e80,518b0da05e56,likely,0,2,collision;ui_widgets;menus;input;savegame;asset_io
0x004719e0,e80b000000e9,check,0,1,collision;ui_widgets;menus;input;savegame;asset_io
0x00471a10,b9b01c5600e9,check,0,1,collision;ui_widgets;menus;input;savegame;asset_io
0x00471ae0,e88b01000085,check,1,0,collision;ui_widgets;menus;input;savegame;asset_io
0x00471c70,a0b91c5600f6,check,1,0,collision;ui_widgets;menus;input;savegame;asset_io
0x00471c80,a0b81c5600f6,check,1,0,collision;ui_widgets;menus;input;savegame;asset_io
0x00471c90,f605ba1c5600,check,1,0,collision;ui_widgets;menus;input;savegame;asset_io
0x00471cb0,f605b91c5600,check,1,0,collision;ui_widgets;menus;input;savegame;asset_io
0x00471cf0,800dba1c5600,check,1,0,collision;ui_widgets;menus;input;savegame;asset_io
0x00471d00,800db91c5600,check,1,0,collision;ui_widgets;menus;input;savegame;asset_io
0x00471f60,a1b01c56008d,likely,0,1,collision;ui_widgets;menus;input;savegame;asset_io
0x00472d30,83ec08535556,likely,0,1,math3d;collision;ui_widgets;menus;savegame;asset_io
0x00489f90,890dfcaa5600,check,1,0,poly_shade;ui_widgets;menus;savegame
0x0048b660,64a100000000,check,0,1,poly_shade;ui_widgets;menus;savegame
0x0048b820,558b6a0885ed,likely,0,2,poly_shade;ui_widgets;menus;savegame
0x0048bfa0,e80b000000e9,check,0,1,poly_shade;ui_widgets;menus;savegame
0x0048bff0,56578b3ddcad,likely,0,1,poly_shade;ui_widgets;menus;savegame
0x0048eb80,83ec1c535556,likely,1,0,rasteriser;poly_shade;ui_widgets;menus;savegame
0x004a5da0,8bc15385c056,likely,0,1,rasteriser;ui_widgets;menus;savegame
0x004a5f20,52516884d44d,check,0,1,rasteriser;ui_widgets;menus;savegame
0x004a7430,8d04898d0441,check,2,0,rasteriser;zvideo;ui_widgets;menus;savegame
0x004a7450,8d04898d0441,check,1,0,rasteriser;zvideo;ui_widgets;menus;savegame
0x004a7770,a15421630085,likely,1,0,rasteriser;zvideo;ui_widgets;menus;savegame
0x004b4530,8b410c85c07e,likely,0,3,ui_widgets;menus;savegame
0x004b4550,8b410c506a01,likely,0,3,ui_widgets;menus;savegame
0x004b4560,8b410c85c07e,likely,0,3,ui_widgets;menus;savegame
0x004b4570,8bd1565783c9,likely,0,3,ui_widgets;menus;savegame
0x004b4b30,85d2740c8b02,check,0,1,ui_widgets;menus;savegame
0x004b92a0,566a006a008b,likely,0,1,ui_widgets;menus;savegame
0x004ba020,565733ff8bf1,likely,0,1,ui_widgets;menus;savegame
0x004ba4a0,8bc133c98908,likely,0,1,ui_widgets;menus;savegame
0x004ba4c0,c70100000000,likely,0,4,ui_widgets;menus;savegame
0x004bd100,6a006a006a00,likely,0,2,ui_widgets;savegame
0x004bdbe0,566a008bf16a,likely,0,1,ui_widgets;savegame
0x004bee40,e80b000000e9,check,0,1,ui_widgets;savegame
0x004bee70,b958bd5600e9,check,0,1,ui_widgets;savegame
0x004bf7c0,c7815ca90000,likely,0,1,ui_widgets;savegame
0x004bf7e0,c7815ca90000,likely,0,1,ui_widgets;savegame
0x004bfc80,566a008bf16a,likely,0,1,ui_widgets;savegame
0x004c0b70,518a44240356,likely,0,1,ui_widgets;savegame
0x004c2090,e88bfaffffb8,check,0,3,ui_widgets
0x004c5a00,565785c9743b,likely,0,1,ui_widgets
0x004c5a50,ff25e4c34c00,check,0,6,ui_widgets
0x004c5fe0,8b4424048b08,likely,1,0,ui_widgets
0x004c60a0,ff25b0c54c00,check,237,0,ui_widgets
