orphan	kind	via_address	attributed_function
00403c10	INSTALLER	00403a47	FUN_00403930
00403cb0	VTABLE_UNRESOLVED	004cc9b8	-
00403d70	VTABLE	004cc898	FUN_00403930
00403d70	VTABLE	004ce488	FUN_0040dac0
00403d90	NO_REFS	-	-
00403eb0	VTABLE	004cc910	FUN_00403930
00403eb0	VTABLE	004cdcd8	OptionsPanel_BuildWidgets
00403eb0	VTABLE	004cdbc8	OptionsPanel_BuildWidgets
004046b0	VTABLE	004cca88	FUN_00404640
00404740	VTABLE	004cca88	FUN_00404640
00404850	VTABLE	004cca88	FUN_00404640
00404960	VTABLE	004cca88	FUN_00404640
00404aa0	VTABLE	004cca88	FUN_00404640
00406e10	VTABLE	004ccc00	FUN_00406d20
00406ea0	VTABLE_UNRESOLVED	00406e90	-
00406eb0	VTABLE_UNRESOLVED	00406e95	-
00406ee0	VTABLE	004ccd28	FUN_00406f00
00406ee0	VTABLE	004ccd28	FUN_00406ed0
00406f60	VTABLE_UNRESOLVED	004ccd30	-
00407010	VTABLE_UNRESOLVED	004ccd30	-
004070e0	VTABLE_UNRESOLVED	004ccccc	-
00407110	VTABLE_UNRESOLVED	0042618a	-
00407e00	VTABLE_UNRESOLVED	0042e951	-
00408c20	VTABLE_UNRESOLVED	004cd094	-
00408c40	VTABLE	004ccdb0	FUN_00408a30
00408d30	VTABLE_UNRESOLVED	00408d20	-
00408d40	VTABLE_UNRESOLVED	00408d25	-
00408d70	VTABLE	004cd178	FUN_00408d90
00408d70	VTABLE	004cd178	FUN_00408d60
00408df0	VTABLE_UNRESOLVED	004cd180	-
00408ec0	VTABLE_UNRESOLVED	004cd180	-
00408f50	VTABLE_UNRESOLVED	004cd180	-
00408f50	VTABLE_UNRESOLVED	004cee44	-
00408fa0	VTABLE_UNRESOLVED	004cd180	-
00409160	VTABLE_UNRESOLVED	004cd11c	-
00409160	VTABLE_UNRESOLVED	004cd2ec	-
00409160	VTABLE_UNRESOLVED	004cda24	-
00409160	VTABLE_UNRESOLVED	004ceea4	-
00409180	VTABLE_UNRESOLVED	004cd264	-
004091c0	VTABLE	004cd1a0	FUN_00409040
00409360	VTABLE	004cd1b0	FUN_00409040
00409380	VTABLE	004cd1a0	FUN_00409040
00409410	VTABLE_UNRESOLVED	004cd1d0	-
00409570	VTABLE_UNRESOLVED	004cd228	-
00409960	VTABLE_UNRESOLVED	00409950	-
00409970	VTABLE_UNRESOLVED	00409955	-
004099d0	VTABLE	004cd350	FUN_004099f0
004099d0	VTABLE	004cd350	FUN_00409990
00409a60	VTABLE_UNRESOLVED	004cd358	-
00409ad0	VTABLE_UNRESOLVED	004cd358	-
00409ad0	VTABLE_UNRESOLVED	004ce238	-
00409ad0	VTABLE_UNRESOLVED	004d03b0	-
0040a920	VTABLE_UNRESOLVED	004cd37c	-
0040b0a0	VTABLE	004cd8e8	FUN_0040a5b0
0040b0c0	VTABLE	004cd860	FUN_0040a5b0
0040b0e0	VTABLE	004cd7d8	FUN_0040a5b0
0040b100	VTABLE	004cd750	FUN_0040a5b0
0040b120	VTABLE	004cd6c8	FUN_0040a5b0
0040b460	VTABLE_UNRESOLVED	0040baef	-
0040b460	VTABLE_UNRESOLVED	0040b259	-
0040b4e0	VTABLE_UNRESOLVED	0040bb3f	-
0040b4e0	VTABLE_UNRESOLVED	0040b2fe	-
0040b560	VTABLE_UNRESOLVED	0040bb98	-
0040b560	VTABLE_UNRESOLVED	0040b39d	-
0040b930	VTABLE_UNRESOLVED	004cd99c	-
0040b960	VTABLE_UNRESOLVED	004cd66c	-
0040ba30	VTABLE_UNRESOLVED	004cd890	-
0040ba60	VTABLE_UNRESOLVED	004cd890	-
0040bab0	VTABLE_UNRESOLVED	004cd808	-
0040bb00	VTABLE_UNRESOLVED	004cd780	-
0040bba0	VTABLE_UNRESOLVED	004cd5e4	-
0040bbc0	VTABLE_UNRESOLVED	004cd55c	-
0040bbe0	VTABLE_UNRESOLVED	004cd4d4	-
0040bc00	VTABLE_UNRESOLVED	004cd44c	-
0040bc30	VTABLE_UNRESOLVED	0040bc20	-
0040bc40	VTABLE_UNRESOLVED	0040bc25	-
0040bc70	VTABLE	004cdb08	FUN_0040bc90
0040bc70	VTABLE	004cdb08	FUN_0040bc60
0040bcf0	VTABLE_UNRESOLVED	004cdb10	-
0040bd60	VTABLE_UNRESOLVED	004cdb10	-
0040c260	VTABLE	004cda80	FUN_0040a940
0040c260	VTABLE	004cda80	FUN_0040aa30
0040c260	VTABLE	004cda80	FUN_0040ab20
0040c260	VTABLE	004cda80	FUN_0040ac10
0040c260	VTABLE	004cda80	FUN_0040ad00
0040c260	VTABLE	004cda80	FUN_004b8d30
0040c260	VTABLE	004cda80	FUN_0040adf0
0040c260	VTABLE	004cda80	FUN_0040adf0
0040c260	VTABLE	004cda80	FUN_0040adf0
0040c260	VTABLE	004cda80	FUN_0040adf0
0040c260	VTABLE	004cda80	FUN_0040adf0
0040c260	VTABLE	004cda80	FUN_0040c280
0040c6e0	VTABLE_UNRESOLVED	004ce1cc	-
0040c9c0	VTABLE_UNRESOLVED	004ce190	-
0040c9e0	VTABLE_UNRESOLVED	004ce148	-
0040ca20	VTABLE_UNRESOLVED	004ce108	-
0040ca40	VTABLE_UNRESOLVED	004ce0c0	-
0040ca80	VTABLE_UNRESOLVED	004ce080	-
0040cab0	VTABLE_UNRESOLVED	004ce000	-
0040cad0	VTABLE_UNRESOLVED	004cdfac	-
0040caf0	VTABLE_UNRESOLVED	004cdf78	-
0040cb10	VTABLE_UNRESOLVED	004cdf24	-
0040cb30	VTABLE_UNRESOLVED	004cdef0	-
0040cb70	VTABLE_UNRESOLVED	004cde9c	-
0040cb90	VTABLE_UNRESOLVED	004cde60	-
0040cbb0	VTABLE_UNRESOLVED	004cde18	-
0040cbd0	VTABLE_UNRESOLVED	004cdde0	-
0040cbf0	VTABLE_UNRESOLVED	004cdd8c	-
0040cc10	VTABLE_UNRESOLVED	004cdd58	-
0040cc30	VTABLE_UNRESOLVED	004cdd04	-
0040cc60	VTABLE_UNRESOLVED	004cdcc8	-
0040cc80	VTABLE_UNRESOLVED	004cdc80	-
0040cd00	VTABLE_UNRESOLVED	004cdbf4	-
0040cd30	VTABLE_UNRESOLVED	004cdbc0	-
0040ce80	VTABLE_UNRESOLVED	004cdb6c	-
0040cf00	VTABLE	004cdb30	OptionsPanel_BuildWidgets
0040d080	VTABLE_UNRESOLVED	0040d070	-
0040d090	VTABLE_UNRESOLVED	0040d075	-
0040d0c0	VTABLE	004ce230	FUN_0040d0e0
0040d0c0	VTABLE	004ce230	FUN_0040d0b0
0040d150	VTABLE_UNRESOLVED	004ce238	-
0040d1f0	VTABLE_UNRESOLVED	0040d1e0	-
0040d200	VTABLE_UNRESOLVED	0040d1e5	-
0040d270	VTABLE_UNRESOLVED	0040d260	-
0040d280	VTABLE_UNRESOLVED	0040d265	-
0040d300	VTABLE_UNRESOLVED	0040d2f0	-
0040d310	VTABLE_UNRESOLVED	0040d2f5	-
0040d330	VTABLE_UNRESOLVED	0040d325	-
0040d410	VTABLE_UNRESOLVED	0040d400	-
0040d420	VTABLE_UNRESOLVED	0040d405	-
0040d440	VTABLE_UNRESOLVED	0040d435	-
0040da00	INSTALLER	0040d966	FUN_0040d7e0
0040daa0	VTABLE	004ce410	FUN_0040da00
0040dac0	INSTALLER	0040d944	FUN_0040d7e0
0040db20	INSTALLER	0040d922	FUN_0040d7e0
0040db90	VTABLE	004ce500	FUN_0040db20
0040dbd0	VTABLE	004ce500	FUN_0040db20
0040eae0	VTABLE_UNRESOLVED	00419700	-
0040f040	VTABLE	004ce7d8	FUN_0040ef60
0040f2b0	VTABLE	004ce870	FUN_0040f200
0040fa20	VTABLE	004ce8e8	FUN_0040fa40
0040fa20	VTABLE	004ce8e8	FUN_0040f4c0
0040fac0	VTABLE_UNRESOLVED	0040fab6	-
0040fb90	INSTALLER	0040f988	FUN_0040f4c0
00412db0	VTABLE_UNRESOLVED	00412c90	-
00412db0	VTABLE_UNRESOLVED	004130fe	-
004134e0	VTABLE	004ce410	FUN_0040da00
00413540	VTABLE_UNRESOLVED	004ce9b4	-
00413700	VTABLE_UNRESOLVED	004136f0	-
00413710	VTABLE_UNRESOLVED	004136f5	-
004138f0	VTABLE_UNRESOLVED	0043382e	-
004138f0	VTABLE_UNRESOLVED	0041463d	-
00414a70	VTABLE_UNRESOLVED	00414a60	-
00414a80	VTABLE_UNRESOLVED	00414a65	-
00414f40	VTABLE_UNRESOLVED	004cedcc	-
00414f60	VTABLE_UNRESOLVED	004cecbc	-
00414f80	VTABLE_UNRESOLVED	004cebac	-
00414fa0	VTABLE_UNRESOLVED	004ced44	-
00414fc0	VTABLE_UNRESOLVED	004ceb24	-
00414fe0	VTABLE_UNRESOLVED	004cea9c	-
00415000	VTABLE_UNRESOLVED	004cea14	-
00415020	VTABLE	004ce9d8	FUN_00414bc0
00415110	VTABLE_UNRESOLVED	00415100	-
00415120	VTABLE_UNRESOLVED	00415105	-
00415190	VTABLE	004cee28	FUN_004151b0
00415190	VTABLE	004cee28	FUN_00415170
00415220	VTABLE_UNRESOLVED	004cee30	-
00415370	VTABLE_UNRESOLVED	004cee44	-
00415740	VTABLE_UNRESOLVED	004cef2c	-
00415790	VTABLE	004cee68	FUN_00415680
00415820	VTABLE_UNRESOLVED	00415810	-
00415830	VTABLE_UNRESOLVED	00415815	-
00415860	VTABLE	004cef88	FUN_00415880
00415860	VTABLE	004cef88	FUN_00415850
004158f0	VTABLE_UNRESOLVED	004cef90	-
00415960	VTABLE_UNRESOLVED	004cef90	-
004159e0	VTABLE_UNRESOLVED	004cee58	-
004159e0	VTABLE_UNRESOLVED	004d2578	-
004159e0	VTABLE_UNRESOLVED	004d2528	-
004159e0	VTABLE_UNRESOLVED	004d25a0	-
004159e0	VTABLE	004d25b0	FUN_004633c0
004159e0	VTABLE_UNRESOLVED	004d25d0	-
004159e0	VTABLE_UNRESOLVED	004d2604	-
00417360	VTABLE_UNRESOLVED	00417350	-
00417370	VTABLE_UNRESOLVED	00417355	-
00417430	VTABLE_UNRESOLVED	00417683	-
004174f0	VTABLE_UNRESOLVED	004176a0	-
004176b0	INSTALLER	00417665	FUN_00417640
004177a0	VTABLE_UNRESOLVED	0042edc1	-
00418730	VTABLE_UNRESOLVED	00417d0e	-
004188f0	VTABLE_UNRESOLVED	00417d21	-
00419490	VTABLE_UNRESOLVED	00417385	-
00419650	VTABLE_UNRESOLVED	00419946	-
00419740	VTABLE_UNRESOLVED	004d0aa8	-
00419800	VTABLE_UNRESOLVED	004cf0dc	-
00419850	VTABLE_UNRESOLVED	004cf01c	-
0041a160	VTABLE_UNRESOLVED	004cf98c	-
0041a3d0	VTABLE	004cf138	MPNewGamePanel_BuildWidgets
0041a570	VTABLE	004cd640	FUN_0040a5b0
0041a570	VTABLE	004cdf80	OptionsPanel_BuildWidgets
0041a570	VTABLE	004cdef8	OptionsPanel_BuildWidgets
0041a570	VTABLE	004cde70	OptionsPanel_BuildWidgets
0041a570	VTABLE	004cdd60	OptionsPanel_BuildWidgets
0041a570	VTABLE	004cdb40	OptionsPanel_BuildWidgets
0041a570	VTABLE	004cf848	MPNewGamePanel_BuildWidgets
0041a590	VTABLE	004ce118	OptionsPanel_BuildWidgets
0041a590	VTABLE	004ce090	OptionsPanel_BuildWidgets
0041a590	VTABLE	004ce008	OptionsPanel_BuildWidgets
0041a590	VTABLE	004cdde8	OptionsPanel_BuildWidgets
0041a590	VTABLE	004cdc50	OptionsPanel_BuildWidgets
0041a590	VTABLE	004cf1d0	MPNewGamePanel_BuildWidgets
0041a590	VTABLE	004cf148	MPNewGamePanel_BuildWidgets
0041a7b0	VTABLE_UNRESOLVED	004cf8fc	-
0041a7b0	VTABLE_UNRESOLVED	004cf6d4	-
0041a7b0	VTABLE_UNRESOLVED	004cf534	-
0041a7b0	VTABLE_UNRESOLVED	004cf394	-
0041a7b0	VTABLE_UNRESOLVED	004cfa9c	-
0041a7b0	VTABLE_UNRESOLVED	004cfb2c	-
0041ab70	VTABLE_UNRESOLVED	0041ab60	-
0041ab80	VTABLE_UNRESOLVED	0041ab65	-
0041abc0	VTABLE	004cfba8	FUN_0041abe0
0041abc0	VTABLE	004cfba8	FUN_0041aba0
0041ac50	VTABLE_UNRESOLVED	004cfbb0	-
0041ad20	VTABLE_UNRESOLVED	004cfbb0	-
0041ada0	NO_REFS	-	-
0041ae90	VTABLE_UNRESOLVED	004cfc6c	-
0041af50	VTABLE_UNRESOLVED	004cfcf4	-
0041b510	VTABLE_UNRESOLVED	004cfd34	-
0041b660	NO_REFS	-	-
0041b680	NO_REFS	-	-
0041b8d0	VTABLE_UNRESOLVED	004cfeec	-
0041b8f0	VTABLE_UNRESOLVED	004cfe14	-
0041b910	VTABLE_UNRESOLVED	004cfd44	-
0041b930	VTABLE_UNRESOLVED	004cffb4	-
0041bb30	INSTALLER	0043c05e	FUN_0043c010
0041bbf0	INSTALLER	0043bc97	FUN_0043bc40
0041bd20	VTABLE_UNRESOLVED	0041bce3	-
0041be90	NO_REFS	-	-
0041bf10	VTABLE_UNRESOLVED	004d014c	-
0041bf40	VTABLE_UNRESOLVED	004d014c	-
0041bf40	VTABLE_UNRESOLVED	004d00cc	-
0041bfa0	VTABLE_UNRESOLVED	004d014c	-
0041bfa0	VTABLE_UNRESOLVED	004d00cc	-
0041c0a0	VTABLE_UNRESOLVED	0042f93b	-
0041c0c0	NO_REFS	-	-
0041c130	NO_REFS	-	-
0041c3b0	VTABLE_UNRESOLVED	004d02bc	-
0041c3e0	VTABLE	004d01f8	FUN_0041c290
0041c480	VTABLE	004ccca0	FUN_00406d20
0041c480	VTABLE	004cd0f0	FUN_00408a30
0041c480	VTABLE	004cd068	FUN_00408a30
0041c480	VTABLE	004cd2c0	FUN_00409040
0041c480	VTABLE	004cd238	FUN_00409040
0041c480	VTABLE	004cd9f8	FUN_0040a5b0
0041c480	VTABLE	004cd970	FUN_0040a5b0
0041c480	VTABLE	004cd5b8	FUN_0040a5b0
0041c480	VTABLE	004cd530	FUN_0040a5b0
0041c480	VTABLE	004cd4a8	FUN_0040a5b0
0041c480	VTABLE	004cd420	FUN_0040a5b0
0041c480	VTABLE	004ce1a0	OptionsPanel_BuildWidgets
0041c480	VTABLE	004ceda0	FUN_00414bc0
0041c480	VTABLE	004ced18	FUN_00414bc0
0041c480	VTABLE	004ced18	FUN_00434b90
0041c480	VTABLE	004ced18	FUN_0041c290
0041c480	VTABLE	004ced18	FUN_00434680
0041c480	VTABLE	004cec90	FUN_00414bc0
0041c480	VTABLE	004cec08	FUN_00414bc0
0041c480	VTABLE	004ceb80	FUN_00414bc0
0041c480	VTABLE	004ceaf8	FUN_00414bc0
0041c480	VTABLE	004cea70	FUN_00414bc0
0041c480	VTABLE	004ce9e8	FUN_00414bc0
0041c480	VTABLE	004cef00	FUN_00415680
0041c480	VTABLE	004cee78	FUN_00415680
0041c480	VTABLE	004cf0b0	MPExitScreen_Create
0041c480	VTABLE	004cf028	MPExitScreen_Create
0041c480	VTABLE	004cf9e8	MPNewGamePanel_BuildWidgets
0041c480	VTABLE	004cf960	MPNewGamePanel_BuildWidgets
0041c480	VTABLE	004cf7c0	MPNewGamePanel_BuildWidgets
0041c480	VTABLE	004cf738	MPNewGamePanel_BuildWidgets
0041c480	VTABLE	004cf620	MPNewGamePanel_BuildWidgets
0041c480	VTABLE	004cf598	MPNewGamePanel_BuildWidgets
0041c480	VTABLE	004cf480	MPNewGamePanel_BuildWidgets
0041c480	VTABLE	004cf3f8	MPNewGamePanel_BuildWidgets
0041c480	VTABLE	004cf2e0	MPNewGamePanel_BuildWidgets
0041c480	VTABLE	004cf258	MPNewGamePanel_BuildWidgets
0041c480	VTABLE	004d0120	NetExitPanel_BuildWidgets
0041c480	VTABLE	004d0098	NetExitPanel_BuildWidgets
0041c480	VTABLE	004d0320	FUN_0041c290
0041c480	VTABLE	004d1510	FUN_00434b90
0041c480	VTABLE	004d1510	FUN_00434680
0041c480	VTABLE	004d1488	FUN_00434b90
0041c480	VTABLE	004d1488	FUN_00434680
0041c480	VTABLE	004d1400	FUN_00434b90
0041c480	VTABLE	004d1400	FUN_00434680
0041c480	VTABLE	004d12d8	FUN_00434680
0041c480	VTABLE	004d1688	FUN_00434b90
0041c480	VTABLE	004d40c8	FUN_004bf060
0041c480	VTABLE	004d40c8	FUN_004bf060
0041c480	VTABLE	004d4040	FUN_004bf060
0041c4a0	VTABLE	004ccc10	FUN_00406d20
0041c4a0	VTABLE	004cf8d0	MPNewGamePanel_BuildWidgets
0041c4a0	VTABLE	004cf6a8	MPNewGamePanel_BuildWidgets
0041c4a0	VTABLE	004cf508	MPNewGamePanel_BuildWidgets
0041c4a0	VTABLE	004cf368	MPNewGamePanel_BuildWidgets
0041c4a0	VTABLE	004cfa70	FUN_0041a190
0041c4a0	VTABLE	004cfa70	FUN_0041a200
0041c4a0	VTABLE	004cfb00	FUN_0041a200
0041c4a0	VTABLE	004d0290	FUN_0041c290
0041c4a0	VTABLE	004d1360	FUN_00434b90
0041c4a0	VTABLE	004d1360	FUN_00434680
0041c4c0	VTABLE	004ccfe0	FUN_00408a30
0041c4c0	VTABLE	004ccf58	FUN_00408a30
0041c4c0	VTABLE	004cced0	FUN_00408a30
0041c4c0	VTABLE	004cce48	FUN_00408a30
0041c4c0	VTABLE	004ccdc0	FUN_00408a30
0041c4c0	VTABLE	004d0208	FUN_0041c290
0041c500	VTABLE_UNRESOLVED	0041c27d	-
0041c560	VTABLE_UNRESOLVED	004d03b0	-
0041c5f0	VTABLE_UNRESOLVED	0041c5e0	-
0041c610	VTABLE	004d03a8	FUN_0041c630
0041c610	VTABLE	004d03a8	FUN_0041c5f0
0041c6a0	VTABLE_UNRESOLVED	0041c5e5	-
0041c6e0	NO_REFS	-	-
0041c7d0	VTABLE_UNRESOLVED	004d0424	-
0041c990	VTABLE_UNRESOLVED	0041c980	-
0041ca00	VTABLE_UNRESOLVED	0041c985	-
0041ca30	VTABLE_UNRESOLVED	004d04e0	-
0041cb50	NO_REFS	-	-
0041cb90	NO_REFS	-	-
0041cbf0	VTABLE_UNRESOLVED	004d04fc	-
0041e1c0	VTABLE_UNRESOLVED	00433f7a	-
0041e5d0	INSTALLER	00420080	Player_InitPhysicsGlobalsAndVehicleClasses
0041e780	INSTALLER	0041ce88	FUN_0041ccf0
0041e840	INSTALLER	0041ce99	FUN_0041ccf0
0041e930	VTABLE_UNRESOLVED	00433f4f	-
0041e960	VTABLE_UNRESOLVED	00433fd5	-
0041e960	VTABLE_UNRESOLVED	004340a6	-
0041eb00	VTABLE_UNRESOLVED	0041eaf0	-
0041eb10	VTABLE_UNRESOLVED	0041eaf5	-
0041eb60	VTABLE_UNRESOLVED	0041eb50	-
0041eb70	VTABLE_UNRESOLVED	0041eb55	-
0041ebb0	VTABLE	004cc998	FUN_00403c10
0041ebb0	VTABLE	004ce320	FUN_0040fb70
0041ebb0	VTABLE	004ce320	FUN_0040d7e0
0041ebb0	VTABLE	004ce320	FUN_0040d7e0
0041ebb0	VTABLE	004ce278	FUN_0040d7e0
0041ebb0	VTABLE	004ce398	FUN_0040d9e0
0041ebb0	VTABLE	004d3500	FUN_004b4620
0041ebb0	VTABLE	004d3bd8	FUN_004bc480
0041ebb0	VTABLE	004d3c70	FUN_004bcb50
0041ebb0	VTABLE	004d3c70	FUN_004bcbe0
0041ebb0	VTABLE_UNRESOLVED	004d3ce0	-
0041ebb0	VTABLE	004d3fa8	FUN_004bef90
0041ebb0	VTABLE	004d4150	FUN_004bf840
0041ebb0	VTABLE_UNRESOLVED	004d3d78	-
0041ebb0	VTABLE	004d05c0	FUN_0041eb30
0041ebb0	VTABLE	004d0638	FUN_0041eb90
0041ec40	VTABLE_UNRESOLVED	0041ec30	-
0041ec60	VTABLE_UNRESOLVED	0041ec35	-
0041ec90	VTABLE_UNRESOLVED	0041ec80	-
0041ecb0	VTABLE_UNRESOLVED	0041ec85	-
0041ef40	VTABLE_UNRESOLVED	0041ef30	-
0041ef60	VTABLE_UNRESOLVED	0041ef35	-
0041efa0	VTABLE_UNRESOLVED	0041f68a	-
0041f5f0	INSTALLER	0041f5d2	FUN_0041f5b0
0041f6a0	INSTALLER	0041f5b9	FUN_0041f5b0
00426390	INSTALLER	00420061	Player_InitPhysicsGlobalsAndVehicleClasses
00429f20	VTABLE_UNRESOLVED	00429f10	-
00429f40	VTABLE_UNRESOLVED	00429f15	-
0042bb30	INSTALLER	00420526	Player_InitPhysicsGlobalsAndVehicleClasses
0042db50	VTABLE_UNRESOLVED	00441674	-
0042db50	VTABLE_UNRESOLVED	004427e4	-
0042de30	VTABLE_UNRESOLVED	0042de20	-
0042de40	VTABLE_UNRESOLVED	0042de25	-
0042e0b0	VTABLE_UNRESOLVED	004d09e4	-
0042e0d0	VTABLE	004d0b18	FUN_0042dfa0
0042e0f0	VTABLE	004d0af0	FUN_0042dfa0
0042e0f0	VTABLE	004d0ac8	FUN_0042dfa0
0042e0f0	VTABLE	004d0aa0	FUN_0042dfa0
0042e0f0	VTABLE	004d0b90	FUN_0042eea0
0042e110	VTABLE_UNRESOLVED	004d0a8c	-
0042e220	VTABLE_UNRESOLVED	004d0a8c	-
0042e430	VTABLE_UNRESOLVED	004d0a8c	-
0042e430	VTABLE_UNRESOLVED	0042f9da	-
0042e4d0	NO_REFS	-	-
0042e5da	VTABLE_UNRESOLVED	0042e5cd	-
0042e990	VTABLE_UNRESOLVED	0042e530	-
0042ea20	VTABLE_UNRESOLVED	004d0b20	-
0042eb20	VTABLE_UNRESOLVED	004d0af8	-
0042ebd0	VTABLE	004d0b40	FUN_0042eb70
0042ebf0	VTABLE_UNRESOLVED	004d0b48	-
0042ed90	VTABLE	004d0b68	FUN_0042ed30
0042eecd	VTABLE_UNRESOLVED	0042eec6	-
0042eed0	VTABLE_UNRESOLVED	004d0b98	-
0042f5e0	VTABLE_UNRESOLVED	004d0b98	-
004301e0	NO_REFS	-	-
004305f0	VTABLE_UNRESOLVED	004d1144	-
004309b0	NO_REFS	-	-
004309d0	NO_REFS	-	-
004309f0	NO_REFS	-	-
00430a30	NO_REFS	-	-
00430a50	NO_REFS	-	-
00430c30	NO_REFS	-	-
00431330	NO_REFS	-	-
00431380	NO_REFS	-	-
00431b80	VTABLE_UNRESOLVED	004d124c	-
004320f0	VTABLE_UNRESOLVED	004344b8	-
004320f0	VTABLE_UNRESOLVED	0041a7a2	-
00432860	VTABLE_UNRESOLVED	0043281a	-
00433750	VTABLE_UNRESOLVED	00414646	-
00433ad0	INSTALLER	00431d88	FUN_00431c50
00433c30	INSTALLER	00432a60	FUN_00432860
00433ca0	INSTALLER	00431d92	FUN_00431c50
00433de0	INSTALLER	00432a5b	FUN_00432860
004340c0	INSTALLER	00431d9c	FUN_00431c50
00434460	VTABLE_UNRESOLVED	0041a768	-
004348b0	VTABLE_UNRESOLVED	004d139c	-
00434950	VTABLE_UNRESOLVED	004d15e0	-
00434980	VTABLE	004d12c8	FUN_00434680
00434b70	VTABLE	004d1360	FUN_00434b90
00434b70	VTABLE	004d1360	FUN_00434680
00434dd0	VTABLE	004d1678	FUN_00434b90
00435200	VTABLE_UNRESOLVED	004d1304	-
00435220	VTABLE_UNRESOLVED	004d16b4	-
00435a40	VTABLE_UNRESOLVED	00435a30	-
00435a50	VTABLE_UNRESOLVED	00435a35	-
00435ca0	VTABLE	004d1728	FUN_00435cc0
00435ca0	VTABLE	004d1728	FUN_00435c80
00435d20	VTABLE_UNRESOLVED	004d1730	-
00435e80	VTABLE_UNRESOLVED	004ccd30	-
00435e80	VTABLE_UNRESOLVED	004cd180	-
00435e80	VTABLE_UNRESOLVED	004cd358	-
00435e80	VTABLE_UNRESOLVED	004cdb10	-
00435e80	VTABLE_UNRESOLVED	004ce238	-
00435e80	VTABLE_UNRESOLVED	004cee30	-
00435e80	VTABLE_UNRESOLVED	004cef90	-
00435e80	VTABLE_UNRESOLVED	004cfbb0	-
00435e80	VTABLE_UNRESOLVED	004d03b0	-
00435e80	VTABLE_UNRESOLVED	004d1730	-
00435ed0	VTABLE_UNRESOLVED	004d1730	-
00435f80	VTABLE_UNRESOLVED	00426257	-
00435f80	VTABLE_UNRESOLVED	00415151	-
00435f80	VTABLE_UNRESOLVED	00415161	-
00436e40	VTABLE_UNRESOLVED	00437cfb	-
00437d60	INSTALLER	00436dbb	Turret_Construct
004381d0	INSTALLER	0042009f	Player_InitPhysicsGlobalsAndVehicleClasses
0043b810	INSTALLER	00421cc9	Vehicle_SpawnInstanceFromConfig
0043c950	VTABLE_UNRESOLVED	00432f12	-
0043c9c0	VTABLE_UNRESOLVED	004341e0	-
0043ca20	INSTALLER	00417b4a	FUN_00417a00
0043cc70	INSTALLER	004390a2	FUN_00438ba0
0043d650	VTABLE_UNRESOLVED	00440294	-
0043d650	VTABLE_UNRESOLVED	0044049e	-
0043d980	VTABLE_UNRESOLVED	004d1bbc	-
0043db20	VTABLE_UNRESOLVED	004d1c44	-
0043dcd0	VTABLE_UNRESOLVED	004d1c78	-
0043dfe0	NO_REFS	-	-
0043e040	NO_REFS	-	-
0043e900	NO_REFS	-	-
0043ee80	NO_REFS	-	-
0043efe0	NO_REFS	-	-
0043f5d0	VTABLE_UNRESOLVED	0043e30c	-
0043f682	VTABLE_UNRESOLVED	004d69bc	-
004404c0	VTABLE_UNRESOLVED	004d1ce4	-
004407e0	VTABLE_UNRESOLVED	004d1ce4	-
00440a30	VTABLE_UNRESOLVED	004d1ce4	-
00441620	VTABLE_UNRESOLVED	004d1c98	-
00441890	VTABLE_UNRESOLVED	004d1ddc	-
004419a0	VTABLE_UNRESOLVED	004d1e64	-
00441f40	VTABLE_UNRESOLVED	004d1ea4	-
00442010	NO_REFS	-	-
00442080	NO_REFS	-	-
00442100	NO_REFS	-	-
00442240	VTABLE_UNRESOLVED	004cc73c	-
00442240	VTABLE_UNRESOLVED	004d1ed4	-
004422a0	VTABLE_UNRESOLVED	0044242c	-
004422f0	VTABLE_UNRESOLVED	00442351	-
00442530	VTABLE_UNRESOLVED	0043f8fb	-
00442632	VTABLE_UNRESOLVED	004d6d0c	-
004426b0	VTABLE_UNRESOLVED	004d1ff4	-
00442790	VTABLE_UNRESOLVED	004d1fe8	-
004428a0	VTABLE_UNRESOLVED	004d2050	-
004428a0	VTABLE_UNRESOLVED	004d0990	-
004429b0	VTABLE_UNRESOLVED	004d2024	-
00442d00	VTABLE_UNRESOLVED	004d0a3c	-
00442d00	VTABLE_UNRESOLVED	004d2078	-
0044300b	VTABLE_UNRESOLVED	004d6d8c	-
00443032	VTABLE_UNRESOLVED	004d6d9c	-
004430cc	VTABLE_UNRESOLVED	004d6dac	-
00443650	VTABLE_UNRESOLVED	004d0a8c	-
00443650	VTABLE_UNRESOLVED	004d20cc	-
00443730	NO_REFS	-	-
00443810	VTABLE_UNRESOLVED	004d21dc	-
00443900	NO_REFS	-	-
00443ab0	NO_REFS	-	-
00443b70	VTABLE_UNRESOLVED	004d22fc	-
00443be0	VTABLE_UNRESOLVED	004d22e4	-
004517a0	INSTALLER	004519d9	FUN_00451900
00457660	VTABLE_UNRESOLVED	00457650	-
004576a0	VTABLE_UNRESOLVED	00457655	-
004576e0	VTABLE_UNRESOLVED	004576d9	-
00457750	VTABLE_UNRESOLVED	00457c1b	-
00457b40	INSTALLER	00455daa	FUN_004558f0
00458b50	INSTALLER	0045fc58	FUN_0045fb30
00458b50	INSTALLER	0045fc88	FUN_0045fb30
00460400	VTABLE_UNRESOLVED	004343f6	-
004606d0	INSTALLER	0045e1b4	FUN_0045e100
00460f80	INSTALLER	0045e1c8	FUN_0045e100
00461430	INSTALLER	0045e1df	FUN_0045e100
00462370	VTABLE_UNRESOLVED	00463cad	-
00462e30	VTABLE_UNRESOLVED	004d2560	-
00462e30	VTABLE_UNRESOLVED	004d2548	-
00462e30	VTABLE_UNRESOLVED	004d25f0	-
00462e70	VTABLE	004d2568	FUN_004626b0
00462e70	VTABLE	004d2550	FUN_004626b0
00462e70	VTABLE	004d2538	FUN_004626b0
00462e70	VTABLE	004d2520	FUN_004626b0
00462e70	VTABLE	004d25b0	FUN_004633c0
00462e70	VTABLE	004d25e0	FUN_00463850
00462e90	VTABLE_UNRESOLVED	004d2528	-
004631d0	VTABLE	004d2598	FUN_00463130
004631d0	VTABLE	004d2598	FUN_004631f0
004631d0	VTABLE	004d2598	FUN_004632a0
00463300	VTABLE_UNRESOLVED	004d25a0	-
00463410	VTABLE	004d25b0	FUN_004633c0
00463440	VTABLE	004d25b0	FUN_004633c0
00463550	VTABLE	004d25b0	FUN_004633c0
00463650	VTABLE	004d25c8	FUN_00463570
00463650	VTABLE	004d25c8	FUN_00463670
00463790	VTABLE_UNRESOLVED	004d25d0	-
00463820	VTABLE_UNRESOLVED	004d25d0	-
00463870	VTABLE	004d2550	FUN_004626b0
00463870	VTABLE	004d2538	FUN_004626b0
00463870	VTABLE	004d25e0	FUN_00463850
00463950	VTABLE	004d25e0	FUN_00463850
004639e0	VTABLE	004d2550	FUN_004626b0
00463a70	VTABLE	004d2538	FUN_004626b0
00463bf0	VTABLE	004d25f8	FUN_00463b00
00463bf0	VTABLE	004d25f8	FUN_00463c10
00463cc0	VTABLE_UNRESOLVED	004d2604	-
004643a0	VTABLE_UNRESOLVED	0046371b	-
004643a0	VTABLE_UNRESOLVED	00463746	-
004643a0	VTABLE_UNRESOLVED	004bfe69	-
0046e9b0	VTABLE_UNRESOLVED	004aa1f7	-
0046f9d0	VTABLE_UNRESOLVED	00414425	-
0046f9d0	VTABLE_UNRESOLVED	00414445	-
0046f9d0	VTABLE_UNRESOLVED	00414468	-
0046f9d0	VTABLE_UNRESOLVED	00414488	-
0046f9d0	VTABLE_UNRESOLVED	004144ab	-
0046f9d0	VTABLE_UNRESOLVED	004144cb	-
0046f9d0	VTABLE_UNRESOLVED	004144ee	-
0046f9d0	VTABLE_UNRESOLVED	0041450e	-
0046f9d0	VTABLE_UNRESOLVED	0041452f	-
00470680	VTABLE_UNRESOLVED	0040b38a	-
00470ae0	VTABLE_UNRESOLVED	00470e87	-
00471660	VTABLE_UNRESOLVED	0042e974	-
004716c0	VTABLE_UNRESOLVED	00419911	-
004719f0	VTABLE_UNRESOLVED	004719e0	-
00471a00	VTABLE_UNRESOLVED	004719e5	-
00471a20	VTABLE_UNRESOLVED	00471a15	-
004723d0	VTABLE_UNRESOLVED	0040b2e7	-
00476cf0	INSTALLER	00475c68	FUN_00475c40
00477b30	INSTALLER	00475e7f	FUN_00475e70
004812c0	INSTALLER	004812b0	thunk_FUN_004812c0
0048a130	VTABLE_UNRESOLVED	0041b007	-
0048b3a0	INSTALLER	0048a0eb	FUN_0048a0d0
0048b5e0	INSTALLER	0048beac	FUN_0048be70
0048b5e0	INSTALLER	0048a258	FUN_0048a220
0048bfb0	VTABLE_UNRESOLVED	0048bfa0	-
0048bfe0	VTABLE_UNRESOLVED	0048bfa5	-
0048d450	INSTALLER	0048d3ca	FUN_0048d340
0048d450	INSTALLER	0048d7e5	FUN_0048d7a0
0048d5f0	INSTALLER	0048d7d6	FUN_0048d7a0
0048daf0	VTABLE_UNRESOLVED	004bdc5e	-
0048ec90	VTABLE_UNRESOLVED	004be1fd	-
0048f560	INSTALLER	0048ff07	zRndrInit
00490610	VTABLE_UNRESOLVED	00412d42	-
00490610	VTABLE_UNRESOLVED	00412d56	-
00490610	VTABLE_UNRESOLVED	00412d67	-
00490610	VTABLE_UNRESOLVED	00412d78	-
00490610	VTABLE_UNRESOLVED	00412d89	-
00490610	VTABLE_UNRESOLVED	00412d9a	-
00490610	VTABLE_UNRESOLVED	00413212	-
004997d0	INSTALLER	0049003f	FUN_0048ff80
0049b7e0	INSTALLER	00490005	FUN_0048ff80
0049bbf0	INSTALLER	0049015d	FUN_0048ff80
0049cbb0	INSTALLER	00490177	FUN_0048ff80
0049cea0	INSTALLER	004901ef	FUN_0048ff80
0049da80	INSTALLER	00490181	FUN_0048ff80
0049ddb0	INSTALLER	004901f9	FUN_0048ff80
0049e400	INSTALLER	00490102	FUN_0048ff80
0049e560	INSTALLER	0049008d	FUN_0048ff80
0049e6c0	INSTALLER	004900a6	FUN_0048ff80
0049e6c0	INSTALLER	00490118	FUN_0048ff80
0049e6c0	INSTALLER	0049026f	FUN_0048ff80
0049ea80	INSTALLER	00490079	FUN_0048ff80
0049ea80	INSTALLER	004900ee	FUN_0048ff80
0049ec20	INSTALLER	0049006d	FUN_0048ff80
0049ec20	INSTALLER	004900e2	FUN_0048ff80
0049edc0	INSTALLER	00490083	FUN_0048ff80
0049edc0	INSTALLER	004900b0	FUN_0048ff80
0049edc0	INSTALLER	004900f8	FUN_0048ff80
0049edc0	INSTALLER	00490122	FUN_0048ff80
0049edc0	INSTALLER	00490279	FUN_0048ff80
0049f180	INSTALLER	004962f9	FUN_00495850
0049f180	INSTALLER	00496696	FUN_00495850
0049f180	INSTALLER	004968ce	FUN_00495850
004a0810	VTABLE_UNRESOLVED	004a0800	-
004a0830	VTABLE_UNRESOLVED	004a0805	-
004a2020	VTABLE_UNRESOLVED	004a2010	-
004a2050	VTABLE_UNRESOLVED	004a2015	-
004a27f0	VTABLE_UNRESOLVED	0040ccce	-
004a3940	VTABLE_UNRESOLVED	004a3930	-
004a39a0	VTABLE_UNRESOLVED	004a3935	-
004a4c40	INSTALLER	004a5058	Sound_ServiceActiveStreamCues
004a5050	INSTALLER	004a5368	Sound_StreamCueSubsystem_LazyInit
004a5b00	VTABLE_UNRESOLVED	0042e96f	-
004a66f0	VTABLE_UNRESOLVED	00437f27	-
004a66f0	VTABLE_UNRESOLVED	00437f40	-
004a66f0	VTABLE_UNRESOLVED	00437f71	-
004a66f0	VTABLE_UNRESOLVED	00437fa5	-
004a66f0	VTABLE_UNRESOLVED	0041544f	-
004a66f0	VTABLE_UNRESOLVED	0041548d	-
004a66f0	VTABLE_UNRESOLVED	004154c5	-
004a66f0	VTABLE_UNRESOLVED	00415503	-
004a66f0	VTABLE_UNRESOLVED	00415534	-
004a66f0	VTABLE_UNRESOLVED	00415567	-
004a67e0	VTABLE_UNRESOLVED	004bdfe6	-
004a7d20	INSTALLER	004a77b6	Render_InstallDrawDispatchTable
004a7d40	INSTALLER	004a77c0	Render_InstallDrawDispatchTable
004a83d0	VTABLE_UNRESOLVED	004a7e38	-
004a83d0	VTABLE_UNRESOLVED	004a7e4e	-
004a83d0	VTABLE_UNRESOLVED	004a86b7	-
004a83d0	VTABLE_UNRESOLVED	004a84f1	-
004a8720	VTABLE	004a8790	Render_InstallDrawDispatchTable
004a88f0	VTABLE_UNRESOLVED	004a87bd	-
004a9060	VTABLE_UNRESOLVED	004a87f3	-
004a90e0	VTABLE_UNRESOLVED	004a879f	-
004a90e0	VTABLE_UNRESOLVED	004a87e4	-
004a93d0	INSTALLER	004a93a0	DDraw_EnumerateGraphicsDevices
004a9900	INSTALLER	004a7480	thunk_FUN_004a9900
004a9910	INSTALLER	004a7470	thunk_FUN_004a9910
004a9c20	VTABLE_UNRESOLVED	004a87d5	-
004aa600	VTABLE_UNRESOLVED	004aa406	-
004aa600	VTABLE_UNRESOLVED	004aa93c	-
004aa900	INSTALLER	004a78a5	Render_InstallDrawDispatchTable
004aa9d0	VTABLE_UNRESOLVED	004aa4e0	-
004aab90	INSTALLER	004a7909	Render_InstallDrawDispatchTable
004aaef0	INSTALLER	004a7913	Render_InstallDrawDispatchTable
004ab320	INSTALLER	004a791d	Render_InstallDrawDispatchTable
004ab6d0	INSTALLER	004a7927	Render_InstallDrawDispatchTable
004abb20	INSTALLER	004a7931	Render_InstallDrawDispatchTable
004ac370	INSTALLER	004a793b	Render_InstallDrawDispatchTable
004acbd0	INSTALLER	004a7945	Render_InstallDrawDispatchTable
004ace30	INSTALLER	004a794f	Render_InstallDrawDispatchTable
004ad120	INSTALLER	004a7963	Render_InstallDrawDispatchTable
004ad250	INSTALLER	004a7959	Render_InstallDrawDispatchTable
004ad680	VTABLE_UNRESOLVED	004aa162	-
004ad680	VTABLE_UNRESOLVED	004aa173	-
004ad680	VTABLE_UNRESOLVED	004aa1ee	-
004aeaa0	VTABLE_UNRESOLVED	0043ce5f	-
004aebc0	VTABLE_UNRESOLVED	0043ce1b	-
004af060	INSTALLER	004b1d36	Weapon_LoadMountArrayFromConfig
004b1140	INSTALLER	004b1121	Weapon_InitSubsystem
004b1160	INSTALLER	004b111c	Weapon_InitSubsystem
004b1d80	VTABLE_UNRESOLVED	00414b3a	-
004b32c0	VTABLE_UNRESOLVED	0042e95b	-
004b3ce0	VTABLE	004d3428	FUN_004b3d50
004b3ce0	VTABLE	004d3428	FUN_004b3d00
004b42c0	VTABLE_UNRESOLVED	004cc980	-
004b42c0	VTABLE_UNRESOLVED	004ccd10	-
004b42c0	VTABLE_UNRESOLVED	004ccc80	-
004b42c0	VTABLE_UNRESOLVED	004cd160	-
004b42c0	VTABLE_UNRESOLVED	004cd0d8	-
004b42c0	VTABLE_UNRESOLVED	004cd050	-
004b42c0	VTABLE_UNRESOLVED	004ccfc8	-
004b42c0	VTABLE_UNRESOLVED	004ccf40	-
004b42c0	VTABLE_UNRESOLVED	004cceb8	-
004b42c0	VTABLE_UNRESOLVED	004cce30	-
004b42c0	VTABLE_UNRESOLVED	004cd330	-
004b42c0	VTABLE_UNRESOLVED	004cd2a8	-
004b42c0	VTABLE_UNRESOLVED	004cd220	-
004b42c0	VTABLE_UNRESOLVED	004cda68	-
004b42c0	VTABLE_UNRESOLVED	004cd9e0	-
004b42c0	VTABLE_UNRESOLVED	004cd958	-
004b42c0	VTABLE_UNRESOLVED	004cd8d0	-
004b42c0	VTABLE_UNRESOLVED	004cd848	-
004b42c0	VTABLE_UNRESOLVED	004cd7c0	-
004b42c0	VTABLE_UNRESOLVED	004cd738	-
004b42c0	VTABLE_UNRESOLVED	004cd6b0	-
004b42c0	VTABLE_UNRESOLVED	004cd628	-
004b42c0	VTABLE_UNRESOLVED	004cd5a0	-
004b42c0	VTABLE_UNRESOLVED	004cd518	-
004b42c0	VTABLE_UNRESOLVED	004cd490	-
004b42c0	VTABLE_UNRESOLVED	004cdaf0	-
004b42c0	VTABLE_UNRESOLVED	004ce210	-
004b42c0	VTABLE_UNRESOLVED	004ce188	-
004b42c0	VTABLE_UNRESOLVED	004ce100	-
004b42c0	VTABLE_UNRESOLVED	004ce078	-
004b42c0	VTABLE_UNRESOLVED	004cdff0	-
004b42c0	VTABLE_UNRESOLVED	004cdf68	-
004b42c0	VTABLE_UNRESOLVED	004cdee0	-
004b42c0	VTABLE_UNRESOLVED	004cde58	-
004b42c0	VTABLE_UNRESOLVED	004cddd0	-
004b42c0	VTABLE_UNRESOLVED	004cdd48	-
004b42c0	VTABLE_UNRESOLVED	004cdcc0	-
004b42c0	VTABLE_UNRESOLVED	004cdc38	-
004b42c0	VTABLE_UNRESOLVED	004cdbb0	-
004b42c0	VTABLE_UNRESOLVED	004ce390	-
004b42c0	VTABLE_UNRESOLVED	004ce2f0	-
004b42c0	VTABLE_UNRESOLVED	004ce408	-
004b42c0	VTABLE_UNRESOLVED	004ce480	-
004b42c0	VTABLE_UNRESOLVED	004ce4f8	-
004b42c0	VTABLE_UNRESOLVED	004ce570	-
004b42c0	VTABLE_UNRESOLVED	004ce8e0	-
004b42c0	VTABLE_UNRESOLVED	004cee10	-
004b42c0	VTABLE_UNRESOLVED	004ced88	-
004b42c0	VTABLE_UNRESOLVED	004ced00	-
004b42c0	VTABLE_UNRESOLVED	004cec78	-
004b42c0	VTABLE_UNRESOLVED	004cebf0	-
004b42c0	VTABLE_UNRESOLVED	004ceb68	-
004b42c0	VTABLE_UNRESOLVED	004ceae0	-
004b42c0	VTABLE_UNRESOLVED	004cea58	-
004b42c0	VTABLE_UNRESOLVED	004cef70	-
004b42c0	VTABLE_UNRESOLVED	004ceee8	-
004b42c0	VTABLE_UNRESOLVED	004cf120	-
004b42c0	VTABLE_UNRESOLVED	004cf098	-
004b42c0	VTABLE_UNRESOLVED	004cfa58	-
004b42c0	VTABLE_UNRESOLVED	004cf9d0	-
004b42c0	VTABLE_UNRESOLVED	004cf940	-
004b42c0	VTABLE_UNRESOLVED	004cf8b8	-
004b42c0	VTABLE_UNRESOLVED	004cf830	-
004b42c0	VTABLE_UNRESOLVED	004cf7a8	-
004b42c0	VTABLE_UNRESOLVED	004cf718	-
004b42c0	VTABLE_UNRESOLVED	004cf690	-
004b42c0	VTABLE_UNRESOLVED	004cf608	-
004b42c0	VTABLE_UNRESOLVED	004cf578	-
004b42c0	VTABLE_UNRESOLVED	004cf4f0	-
004b42c0	VTABLE_UNRESOLVED	004cf468	-
004b42c0	VTABLE_UNRESOLVED	004cf3d8	-
004b42c0	VTABLE_UNRESOLVED	004cf350	-
004b42c0	VTABLE_UNRESOLVED	004cf2c8	-
004b42c0	VTABLE_UNRESOLVED	004cf240	-
004b42c0	VTABLE_UNRESOLVED	004cf1b8	-
004b42c0	VTABLE_UNRESOLVED	004cfae0	-
004b42c0	VTABLE_UNRESOLVED	004cfb70	-
004b42c0	VTABLE_UNRESOLVED	004d0190	-
004b42c0	VTABLE_UNRESOLVED	004d0108	-
004b42c0	VTABLE_UNRESOLVED	004d0390	-
004b42c0	VTABLE_UNRESOLVED	004d0300	-
004b42c0	VTABLE_UNRESOLVED	004d0278	-
004b42c0	VTABLE_UNRESOLVED	004d1580	-
004b42c0	VTABLE_UNRESOLVED	004d14f8	-
004b42c0	VTABLE_UNRESOLVED	004d1470	-
004b42c0	VTABLE_UNRESOLVED	004d13e0	-
004b42c0	VTABLE_UNRESOLVED	004d1348	-
004b42c0	VTABLE_UNRESOLVED	004d16f8	-
004b42c0	VTABLE_UNRESOLVED	004d3498	-
004b42c0	VTABLE_UNRESOLVED	004d3570	-
004b42c0	VTABLE_UNRESOLVED	004d3728	-
004b42c0	VTABLE_UNRESOLVED	004d37b0	-
004b42c0	VTABLE_UNRESOLVED	004d3838	-
004b42c0	VTABLE_UNRESOLVED	004d38c0	-
004b42c0	VTABLE_UNRESOLVED	004d3948	-
004b42c0	VTABLE_UNRESOLVED	004d3a78	-
004b42c0	VTABLE_UNRESOLVED	004d3c48	-
004b42c0	VTABLE_UNRESOLVED	004d3d58	-
004b42c0	VTABLE_UNRESOLVED	004d3e60	-
004b42c0	VTABLE_UNRESOLVED	004d3f28	-
004b42c0	VTABLE_UNRESOLVED	004d3fa0	-
004b42c0	VTABLE_UNRESOLVED	004d40b0	-
004b42c0	VTABLE_UNRESOLVED	004d41c0	-
004b42c0	VTABLE_UNRESOLVED	004d4238	-
004b42c0	VTABLE_UNRESOLVED	004d42b8	-
004b42c0	VTABLE_UNRESOLVED	004d3de8	-
004b42c0	VTABLE_UNRESOLVED	004bb749	-
004b42c0	VTABLE_UNRESOLVED	004cc908	-
004b42c0	VTABLE_UNRESOLVED	004cca08	-
004b42c0	VTABLE_UNRESOLVED	004cca80	-
004b42c0	VTABLE_UNRESOLVED	004ce958	-
004b42c0	VTABLE_UNRESOLVED	004d0630	-
004b42c0	VTABLE_UNRESOLVED	004d06a8	-
004b42c0	VTABLE_UNRESOLVED	004d35e8	-
004b42c0	VTABLE_UNRESOLVED	004d36a0	-
004b42c0	VTABLE_UNRESOLVED	004d3ce0	-
004b42c0	VTABLE_UNRESOLVED	004d4020	-
004b42c0	VTABLE_UNRESOLVED	004d4138	-
004b44e0	VTABLE	004ce2f8	FUN_0040d7e0
004b44e0	VTABLE	004d34d8	FUN_004b42f0
004b44e0	VTABLE	004d34d8	FUN_004b4370
004b44e0	VTABLE	004d3608	FUN_004b49e0
004b45e0	VTABLE_UNRESOLVED	004b453e	-
004b45e0	VTABLE_UNRESOLVED	004b4556	-
004b4810	VTABLE_UNRESOLVED	004b4dec	-
004b4a90	VTABLE	004d3578	FUN_004b49e0
004b4a90	VTABLE	004d3578	FUN_004b4ac0
004b4b50	VTABLE_UNRESOLVED	004ccc88	-
004b4b50	VTABLE_UNRESOLVED	004cfae8	-
004b4b50	VTABLE_UNRESOLVED	004d0308	-
004b4b50	VTABLE	004cf948	MPNewGamePanel_BuildWidgets
004b4b50	VTABLE_UNRESOLVED	004d35f0	-
004b50a0	VTABLE	004d3630	FUN_004b50c0
004b50a0	VTABLE	004d3630	FUN_004b4ee0
004b5350	VTABLE_UNRESOLVED	004cc93c	-
004b5350	VTABLE_UNRESOLVED	004ccccc	-
004b5350	VTABLE_UNRESOLVED	004ccc3c	-
004b5350	VTABLE_UNRESOLVED	004cd11c	-
004b5350	VTABLE_UNRESOLVED	004cd094	-
004b5350	VTABLE_UNRESOLVED	004cd00c	-
004b5350	VTABLE_UNRESOLVED	004ccf84	-
004b5350	VTABLE_UNRESOLVED	004ccefc	-
004b5350	VTABLE_UNRESOLVED	004cce74	-
004b5350	VTABLE_UNRESOLVED	004ccdec	-
004b5350	VTABLE_UNRESOLVED	004cd2ec	-
004b5350	VTABLE_UNRESOLVED	004cd264	-
004b5350	VTABLE_UNRESOLVED	004cd1dc	-
004b5350	VTABLE_UNRESOLVED	004cda24	-
004b5350	VTABLE_UNRESOLVED	004cd99c	-
004b5350	VTABLE_UNRESOLVED	004cd66c	-
004b5350	VTABLE_UNRESOLVED	004cd5e4	-
004b5350	VTABLE_UNRESOLVED	004cd55c	-
004b5350	VTABLE_UNRESOLVED	004cd4d4	-
004b5350	VTABLE_UNRESOLVED	004cd44c	-
004b5350	VTABLE_UNRESOLVED	004ce1cc	-
004b5350	VTABLE_UNRESOLVED	004cdfac	-
004b5350	VTABLE_UNRESOLVED	004cdf24	-
004b5350	VTABLE_UNRESOLVED	004cde9c	-
004b5350	VTABLE_UNRESOLVED	004cdd8c	-
004b5350	VTABLE_UNRESOLVED	004cdd04	-
004b5350	VTABLE_UNRESOLVED	004cdbf4	-
004b5350	VTABLE_UNRESOLVED	004cdb6c	-
004b5350	VTABLE_UNRESOLVED	004cedcc	-
004b5350	VTABLE_UNRESOLVED	004ced44	-
004b5350	VTABLE_UNRESOLVED	004cecbc	-
004b5350	VTABLE_UNRESOLVED	004cec34	-
004b5350	VTABLE_UNRESOLVED	004cebac	-
004b5350	VTABLE_UNRESOLVED	004ceb24	-
004b5350	VTABLE_UNRESOLVED	004cea9c	-
004b5350	VTABLE_UNRESOLVED	004cea14	-
004b5350	VTABLE_UNRESOLVED	004cef2c	-
004b5350	VTABLE_UNRESOLVED	004ceea4	-
004b5350	VTABLE_UNRESOLVED	004cf0dc	-
004b5350	VTABLE_UNRESOLVED	004cf054	-
004b5350	VTABLE_UNRESOLVED	004cfa14	-
004b5350	VTABLE_UNRESOLVED	004cf98c	-
004b5350	VTABLE_UNRESOLVED	004cf8fc	-
004b5350	VTABLE_UNRESOLVED	004cf874	-
004b5350	VTABLE_UNRESOLVED	004cf7ec	-
004b5350	VTABLE_UNRESOLVED	004cf764	-
004b5350	VTABLE_UNRESOLVED	004cf6d4	-
004b5350	VTABLE_UNRESOLVED	004cf64c	-
004b5350	VTABLE_UNRESOLVED	004cf5c4	-
004b5350	VTABLE_UNRESOLVED	004cf534	-
004b5350	VTABLE_UNRESOLVED	004cf4ac	-
004b5350	VTABLE_UNRESOLVED	004cf424	-
004b5350	VTABLE_UNRESOLVED	004cf394	-
004b5350	VTABLE_UNRESOLVED	004cf30c	-
004b5350	VTABLE_UNRESOLVED	004cf284	-
004b5350	VTABLE_UNRESOLVED	004cfa9c	-
004b5350	VTABLE_UNRESOLVED	004cfb2c	-
004b5350	VTABLE_UNRESOLVED	004d014c	-
004b5350	VTABLE_UNRESOLVED	004d00c4	-
004b5350	VTABLE_UNRESOLVED	004d034c	-
004b5350	VTABLE_UNRESOLVED	004d02bc	-
004b5350	VTABLE_UNRESOLVED	004d0234	-
004b5350	VTABLE_UNRESOLVED	004d153c	-
004b5350	VTABLE_UNRESOLVED	004d14b4	-
004b5350	VTABLE_UNRESOLVED	004d142c	-
004b5350	VTABLE_UNRESOLVED	004d139c	-
004b5350	VTABLE_UNRESOLVED	004d1304	-
004b5350	VTABLE_UNRESOLVED	004d16b4	-
004b5350	VTABLE_UNRESOLVED	004d35a4	-
004b5350	VTABLE_UNRESOLVED	004d376c	-
004b5350	VTABLE_UNRESOLVED	004d37f4	-
004b5350	VTABLE_UNRESOLVED	004d3904	-
004b5350	VTABLE_UNRESOLVED	004d406c	-
004b5350	VTABLE_UNRESOLVED	004b8b01	-
004b5350	VTABLE_UNRESOLVED	004d365c	-
004b5350	VTABLE_UNRESOLVED	004d40f4	-
004b7000	VTABLE	004d36b8	FUN_004b7020
004b7000	VTABLE	004d36b8	FUN_004b6fc0
004b70c0	VTABLE_UNRESOLVED	004cd960	-
004b70c0	VTABLE_UNRESOLVED	004cd8d8	-
004b70c0	VTABLE_UNRESOLVED	004cd850	-
004b70c0	VTABLE_UNRESOLVED	004cd7c8	-
004b70c0	VTABLE_UNRESOLVED	004cd740	-
004b70c0	VTABLE_UNRESOLVED	004cdaf8	-
004b70c0	VTABLE_UNRESOLVED	004ce190	-
004b70c0	VTABLE_UNRESOLVED	004ce108	-
004b70c0	VTABLE_UNRESOLVED	004ce080	-
004b70c0	VTABLE_UNRESOLVED	004cde60	-
004b70c0	VTABLE_UNRESOLVED	004cdcc8	-
004b70c0	VTABLE_UNRESOLVED	004cf248	-
004b70c0	VTABLE_UNRESOLVED	004cf1c0	-
004b70c0	VTABLE_UNRESOLVED	004d3730	-
004b7210	VTABLE_UNRESOLVED	004cd918	-
004b7210	VTABLE_UNRESOLVED	004cd890	-
004b7210	VTABLE_UNRESOLVED	004cd810	-
004b7210	VTABLE_UNRESOLVED	004cd788	-
004b7210	VTABLE_UNRESOLVED	004cd700	-
004b7210	VTABLE_UNRESOLVED	004cdab0	-
004b7210	VTABLE_UNRESOLVED	004ce148	-
004b7210	VTABLE_UNRESOLVED	004ce0c0	-
004b7210	VTABLE_UNRESOLVED	004ce03c	-
004b7210	VTABLE_UNRESOLVED	004cde18	-
004b7210	VTABLE_UNRESOLVED	004cdc80	-
004b7210	VTABLE_UNRESOLVED	004cf200	-
004b7210	VTABLE_UNRESOLVED	004cf178	-
004b7210	VTABLE_UNRESOLVED	004d36e8	-
004b7250	VTABLE_UNRESOLVED	004cd918	-
004b7250	VTABLE_UNRESOLVED	004cd890	-
004b7250	VTABLE_UNRESOLVED	004cd810	-
004b7250	VTABLE_UNRESOLVED	004cd788	-
004b7250	VTABLE_UNRESOLVED	004cd700	-
004b7250	VTABLE_UNRESOLVED	004cdab0	-
004b7250	VTABLE_UNRESOLVED	004ce148	-
004b7250	VTABLE_UNRESOLVED	004ce0c0	-
004b7250	VTABLE_UNRESOLVED	004ce03c	-
004b7250	VTABLE_UNRESOLVED	004cde18	-
004b7250	VTABLE_UNRESOLVED	004cdc80	-
004b7250	VTABLE_UNRESOLVED	004cf200	-
004b7250	VTABLE_UNRESOLVED	004cf178	-
004b7250	VTABLE_UNRESOLVED	004d36e8	-
004b7340	VTABLE_UNRESOLVED	004ce190	-
004b7340	VTABLE_UNRESOLVED	004ce108	-
004b7340	VTABLE_UNRESOLVED	004ce080	-
004b7340	VTABLE_UNRESOLVED	004cde60	-
004b7340	VTABLE_UNRESOLVED	004cdcc8	-
004b7340	VTABLE_UNRESOLVED	004cf248	-
004b7340	VTABLE_UNRESOLVED	004cf1c0	-
004b7340	VTABLE_UNRESOLVED	004d3730	-
004b7340	VTABLE_UNRESOLVED	004b8e05	-
004b7dc0	VTABLE	004d3740	FUN_004b7d60
004b7dc0	VTABLE	004d3740	FUN_004b7de0
004b7e60	VTABLE_UNRESOLVED	004cd660	-
004b7e60	VTABLE_UNRESOLVED	004cdfa0	-
004b7e60	VTABLE_UNRESOLVED	004cdf18	-
004b7e60	VTABLE_UNRESOLVED	004cde90	-
004b7e60	VTABLE_UNRESOLVED	004cdd80	-
004b7e60	VTABLE_UNRESOLVED	004cdb60	-
004b7e60	VTABLE_UNRESOLVED	004cf868	-
004b7e60	VTABLE_UNRESOLVED	004d3760	-
004b8200	VTABLE_UNRESOLVED	004b841b	-
004b84b0	VTABLE	004d37c8	FUN_004b8450
004b84b0	VTABLE	004d37c8	FUN_004b84d0
004b8520	VTABLE	004cc910	FUN_00403930
004b8520	VTABLE	004cdcd8	OptionsPanel_BuildWidgets
004b8520	VTABLE	004cdbc8	OptionsPanel_BuildWidgets
004b8520	VTABLE	004d37c8	FUN_004b8450
004b8520	VTABLE	004d37c8	FUN_004b84d0
004b87a0	VTABLE	004d3850	FUN_004b8760
004b87a0	VTABLE	004d3850	FUN_004b87c0
004b87f0	VTABLE_UNRESOLVED	004d3880	-
004b8b40	VTABLE	004d38d8	FUN_004b8b60
004b8b40	VTABLE	004d38d8	FUN_004b8b10
004b8be0	VTABLE_UNRESOLVED	004cd058	-
004b8be0	VTABLE_UNRESOLVED	004ccfd0	-
004b8be0	VTABLE_UNRESOLVED	004ccf48	-
004b8be0	VTABLE_UNRESOLVED	004ccec0	-
004b8be0	VTABLE_UNRESOLVED	004cce38	-
004b8be0	VTABLE_UNRESOLVED	004d0280	-
004b8be0	VTABLE_UNRESOLVED	004d3950	-
004b90e0	VTABLE_UNRESOLVED	004b8f54	-
004b9710	VTABLE	004d3a08	FUN_004b9540
004b9740	VTABLE	004d39f8	FUN_004b9540
004b9740	VTABLE	004d39f8	FUN_004b9760
004ba3e0	VTABLE_UNRESOLVED	004d3610	-
004ba410	VTABLE_UNRESOLVED	004d3964	-
004ba830	VTABLE_UNRESOLVED	004d3a84	-
004bb0c0	VTABLE_UNRESOLVED	004bb036	-
004bb1c0	VTABLE_UNRESOLVED	004b4d9b	-
004bb3d0	VTABLE_UNRESOLVED	004ce668	-
004bb3d0	VTABLE_UNRESOLVED	004ce5d0	-
004bb3d0	VTABLE_UNRESOLVED	004ce708	-
004bb3d0	VTABLE_UNRESOLVED	004ce830	-
004bb3d0	VTABLE_UNRESOLVED	004d39b8	-
004bb3d0	VTABLE_UNRESOLVED	004d3ae0	-
004bb3d0	VTABLE_UNRESOLVED	004d3b98	-
004bb3d0	VTABLE_UNRESOLVED	004d1638	-
004bb3d0	VTABLE_UNRESOLVED	004cd3e0	-
004bb960	VTABLE	004d3b40	FUN_004bb790
004bb980	VTABLE_UNRESOLVED	004d3b64	-
004bbac0	VTABLE_UNRESOLVED	004d3bc8	-
004bc4c0	VTABLE	004d3bd8	FUN_004bc480
004bc4c0	VTABLE_UNRESOLVED	00403c80	-
004bc4e0	VTABLE_UNRESOLVED	00404e6a	-
004bc9f0	VTABLE_UNRESOLVED	004cd3ac	-
004bce30	VTABLE	004d3c70	FUN_004bcb50
004bce30	VTABLE	004d3c70	FUN_004bcbe0
004bcea0	VTABLE_UNRESOLVED	004d3cc8	-
004bcff0	VTABLE	004ce320	FUN_0040fb70
004bcff0	VTABLE	004ce320	FUN_0040d7e0
004bcff0	VTABLE	004ce320	FUN_0040d7e0
004bcff0	VTABLE	004ce278	FUN_0040d7e0
004bcff0	VTABLE	004ce398	FUN_0040d9e0
004bcff0	VTABLE_UNRESOLVED	004d3ce0	-
004bdb60	VTABLE	004d3df0	FUN_004bdc70
004bdb60	VTABLE	004d3df0	FUN_004bde40
004bdb60	VTABLE	004d3eb8	FUN_004be280
004bdb60	VTABLE	004d3f30	FUN_004be870
004bdb60	VTABLE	004d3f30	FUN_004be810
004bdb60	VTABLE	004d3fa8	FUN_004bef90
004bdb60	VTABLE_UNRESOLVED	004d3d78	-
004bdb60	VTABLE	004d05c0	FUN_0041eb30
004bdb60	VTABLE	004d0638	FUN_0041eb90
004bde20	VTABLE	004d3df0	FUN_004bdc70
004bde20	VTABLE	004d3df0	FUN_004bde40
004be210	VTABLE_UNRESOLVED	004be188	-
004be2c0	VTABLE	004d3eb8	FUN_004be280
004be2f0	VTABLE_UNRESOLVED	004d3ed8	-
004be850	VTABLE	004d3f30	FUN_004be870
004be850	VTABLE	004d3f30	FUN_004be810
004be880	VTABLE_UNRESOLVED	004d3f50	-
004bee50	VTABLE_UNRESOLVED	004bee40	-
004bee60	VTABLE_UNRESOLVED	004bee45	-
004bf540	VTABLE	004d4028	FUN_004bf060
004bf540	VTABLE	004d4028	FUN_004bf560
004bf800	VTABLE_UNRESOLVED	004d40f4	-
004bf820	VTABLE_UNRESOLVED	004d406c	-
004bf900	VTABLE	004d3500	FUN_004b4620
004bf900	VTABLE	004d4150	FUN_004bf840
004bf900	VTABLE_UNRESOLVED	004b4803	-
004bfa00	VTABLE	004d41c8	FUN_004bf980
004bfa00	VTABLE	004d41c8	FUN_004bfa20
004bfcb0	VTABLE_UNRESOLVED	004d4244	-
004bfe90	VTABLE_UNRESOLVED	004d4244	-
004c00c0	VTABLE_UNRESOLVED	00461055	-
004c00e0	VTABLE_UNRESOLVED	0046141e	-
004c0180	VTABLE_UNRESOLVED	0042e96a	-
004c0e50	VTABLE_UNRESOLVED	00414aa0	-
004c59e0	INSTALLER	004c59ba	FUN_004c58e0
004c59e0	VTABLE_UNRESOLVED	004c5a24	-
004c6140	VTABLE_UNRESOLVED	004000f8	-
004c6140	VTABLE_UNRESOLVED	Entry Point	-
004c6300	VTABLE_UNRESOLVED	004d435c	-
004c81d8	VTABLE_UNRESOLVED	004c820b	-
004c8230	VTABLE_UNRESOLVED	004d4434	-
004c8238	VTABLE_UNRESOLVED	004d443c	-
004c8246	VTABLE_UNRESOLVED	004d4444	-
004c8254	VTABLE_UNRESOLVED	004d444c	-
004c8262	VTABLE_UNRESOLVED	004d4454	-
004c8270	VTABLE_UNRESOLVED	004d445c	-
004c827e	VTABLE_UNRESOLVED	004d4464	-
004c8286	VTABLE_UNRESOLVED	004d446c	-
004c8294	VTABLE_UNRESOLVED	004d4474	-
004c82a2	VTABLE_UNRESOLVED	004d447c	-
004c82b0	VTABLE_UNRESOLVED	004d4484	-
004c82e0	VTABLE_UNRESOLVED	004d44ac	-
004c8300	VTABLE_UNRESOLVED	004d44d4	-
004c8320	VTABLE_UNRESOLVED	004d44fc	-
004c8328	VTABLE_UNRESOLVED	004d4504	-
004c8336	VTABLE_UNRESOLVED	004d450c	-
004c8344	VTABLE_UNRESOLVED	004d4514	-
004c8352	VTABLE_UNRESOLVED	004d451c	-
004c8360	VTABLE_UNRESOLVED	004d4524	-
004c836e	VTABLE_UNRESOLVED	004d452c	-
004c837c	VTABLE_UNRESOLVED	004d4534	-
004c838a	VTABLE_UNRESOLVED	004d453c	-
004c8398	VTABLE_UNRESOLVED	004d4544	-
004c83b0	VTABLE_UNRESOLVED	004d454c	-
004c83d0	VTABLE_UNRESOLVED	004d4574	-
004c83f0	VTABLE_UNRESOLVED	004d459c	-
004c8410	VTABLE_UNRESOLVED	004d45c4	-
004c8430	VTABLE_UNRESOLVED	004d45ec	-
004c8450	VTABLE_UNRESOLVED	004d4614	-
004c8458	VTABLE_UNRESOLVED	004d461c	-
004c8466	VTABLE_UNRESOLVED	004d4624	-
004c846e	VTABLE_UNRESOLVED	004d462c	-
004c8490	VTABLE_UNRESOLVED	004d4654	-
004c8498	VTABLE_UNRESOLVED	004d465c	-
004c84b0	VTABLE_UNRESOLVED	004d4684	-
004c84d0	VTABLE_UNRESOLVED	004d46ac	-
004c84f0	VTABLE_UNRESOLVED	004d46d4	-
004c8510	VTABLE_UNRESOLVED	004d46fc	-
004c8518	VTABLE_UNRESOLVED	004d4704	-
004c8526	VTABLE_UNRESOLVED	004d470c	-
004c8534	VTABLE_UNRESOLVED	004d4714	-
004c8542	VTABLE_UNRESOLVED	004d471c	-
004c8550	VTABLE_UNRESOLVED	004d4724	-
004c855e	VTABLE_UNRESOLVED	004d472c	-
004c856c	VTABLE_UNRESOLVED	004d4734	-
004c8590	VTABLE_UNRESOLVED	004d475c	-
004c8598	VTABLE_UNRESOLVED	004d4764	-
004c85a6	VTABLE_UNRESOLVED	004d476c	-
004c85b4	VTABLE_UNRESOLVED	004d4774	-
004c85c2	VTABLE_UNRESOLVED	004d477c	-
004c85d0	VTABLE_UNRESOLVED	004d4784	-
004c85de	VTABLE_UNRESOLVED	004d478c	-
004c8600	VTABLE_UNRESOLVED	004d47b4	-
004c8620	VTABLE_UNRESOLVED	004d47dc	-
004c8640	VTABLE_UNRESOLVED	004d4804	-
004c8648	VTABLE_UNRESOLVED	004d480c	-
004c8656	VTABLE_UNRESOLVED	004d4814	-
004c8664	VTABLE_UNRESOLVED	004d481c	-
004c8680	VTABLE_UNRESOLVED	004d4844	-
004c86a0	VTABLE_UNRESOLVED	004d486c	-
004c86a8	VTABLE_UNRESOLVED	004d4874	-
004c86b6	VTABLE_UNRESOLVED	004d487c	-
004c86c4	VTABLE_UNRESOLVED	004d4884	-
004c86e0	VTABLE_UNRESOLVED	004d48ac	-
004c86eb	VTABLE_UNRESOLVED	004d48b4	-
004c8700	VTABLE_UNRESOLVED	004d48dc	-
004c8720	VTABLE_UNRESOLVED	004d4904	-
004c8740	VTABLE_UNRESOLVED	004d492c	-
004c8748	VTABLE_UNRESOLVED	004d4934	-
004c8756	VTABLE_UNRESOLVED	004d493c	-
004c8764	VTABLE_UNRESOLVED	004d4944	-
004c8772	VTABLE_UNRESOLVED	004d494c	-
004c8780	VTABLE_UNRESOLVED	004d4954	-
004c878e	VTABLE_UNRESOLVED	004d495c	-
004c879c	VTABLE_UNRESOLVED	004d4964	-
004c87aa	VTABLE_UNRESOLVED	004d496c	-
004c87b8	VTABLE_UNRESOLVED	004d4974	-
004c87c6	VTABLE_UNRESOLVED	004d497c	-
004c87d4	VTABLE_UNRESOLVED	004d4984	-
004c87e2	VTABLE_UNRESOLVED	004d498c	-
004c87f0	VTABLE_UNRESOLVED	004d4994	-
004c87fe	VTABLE_UNRESOLVED	004d499c	-
004c8820	VTABLE_UNRESOLVED	004d49c4	-
004c8828	VTABLE_UNRESOLVED	004d49cc	-
004c8836	VTABLE_UNRESOLVED	004d49d4	-
004c8850	VTABLE_UNRESOLVED	004d49fc	-
004c8858	VTABLE_UNRESOLVED	004d4a04	-
004c8866	VTABLE_UNRESOLVED	004d4a0c	-
004c8880	VTABLE_UNRESOLVED	004d4a34	-
004c8888	VTABLE_UNRESOLVED	004d4a3c	-
004c8896	VTABLE_UNRESOLVED	004d4a44	-
004c88b0	VTABLE_UNRESOLVED	004d4a6c	-
004c88b8	VTABLE_UNRESOLVED	004d4a74	-
004c88c6	VTABLE_UNRESOLVED	004d4a7c	-
004c88e0	VTABLE_UNRESOLVED	004d4aa4	-
004c88e8	VTABLE_UNRESOLVED	004d4aac	-
004c88f6	VTABLE_UNRESOLVED	004d4ab4	-
004c8910	VTABLE_UNRESOLVED	004d4adc	-
004c8918	VTABLE_UNRESOLVED	004d4ae4	-
004c8926	VTABLE_UNRESOLVED	004d4aec	-
004c8934	VTABLE_UNRESOLVED	004d4af4	-
004c8942	VTABLE_UNRESOLVED	004d4afc	-
004c8950	VTABLE_UNRESOLVED	004d4b04	-
004c895e	VTABLE_UNRESOLVED	004d4b0c	-
004c896c	VTABLE_UNRESOLVED	004d4b14	-
004c897a	VTABLE_UNRESOLVED	004d4b1c	-
004c8988	VTABLE_UNRESOLVED	004d4b24	-
004c8996	VTABLE_UNRESOLVED	004d4b2c	-
004c89a4	VTABLE_UNRESOLVED	004d4b34	-
004c89b2	VTABLE_UNRESOLVED	004d4b3c	-
004c89c0	VTABLE_UNRESOLVED	004d4b44	-
004c89ce	VTABLE_UNRESOLVED	004d4b4c	-
004c89d6	VTABLE_UNRESOLVED	004d4b54	-
004c89e4	VTABLE_UNRESOLVED	004d4b5c	-
004c89f2	VTABLE_UNRESOLVED	004d4b64	-
004c89fa	VTABLE_UNRESOLVED	004d4b6c	-
004c8a08	VTABLE_UNRESOLVED	004d4b74	-
004c8a16	VTABLE_UNRESOLVED	004d4b7c	-
004c8a1e	VTABLE_UNRESOLVED	004d4b84	-
004c8a2c	VTABLE_UNRESOLVED	004d4b8c	-
004c8a3a	VTABLE_UNRESOLVED	004d4b94	-
004c8a42	VTABLE_UNRESOLVED	004d4b9c	-
004c8a50	VTABLE_UNRESOLVED	004d4ba4	-
004c8a5e	VTABLE_UNRESOLVED	004d4bac	-
004c8a66	VTABLE_UNRESOLVED	004d4bb4	-
004c8a74	VTABLE_UNRESOLVED	004d4bbc	-
004c8a90	VTABLE_UNRESOLVED	004d4be4	-
004c8ab0	VTABLE_UNRESOLVED	004d4c0c	-
004c8ad0	VTABLE_UNRESOLVED	004d4c34	-
004c8af0	VTABLE_UNRESOLVED	004d4c5c	-
004c8af8	VTABLE_UNRESOLVED	004d4c64	-
004c8b06	VTABLE_UNRESOLVED	004d4c6c	-
004c8b20	VTABLE_UNRESOLVED	004d4c94	-
004c8b28	VTABLE_UNRESOLVED	004d4c9c	-
004c8b36	VTABLE_UNRESOLVED	004d4ca4	-
004c8b44	VTABLE_UNRESOLVED	004d4cac	-
004c8b52	VTABLE_UNRESOLVED	004d4cb4	-
004c8b60	VTABLE_UNRESOLVED	004d4cbc	-
004c8b6e	VTABLE_UNRESOLVED	004d4cc4	-
004c8b7c	VTABLE_UNRESOLVED	004d4ccc	-
004c8b8a	VTABLE_UNRESOLVED	004d4cd4	-
004c8b98	VTABLE_UNRESOLVED	004d4cdc	-
004c8ba6	VTABLE_UNRESOLVED	004d4ce4	-
004c8bb4	VTABLE_UNRESOLVED	004d4cec	-
004c8bc2	VTABLE_UNRESOLVED	004d4cf4	-
004c8bd0	VTABLE_UNRESOLVED	004d4cfc	-
004c8bf0	VTABLE_UNRESOLVED	004d4d24	-
004c8bf8	VTABLE_UNRESOLVED	004d4d2c	-
004c8c06	VTABLE_UNRESOLVED	004d4d34	-
004c8c14	VTABLE_UNRESOLVED	004d4d3c	-
004c8c22	VTABLE_UNRESOLVED	004d4d44	-
004c8c30	VTABLE_UNRESOLVED	004d4d4c	-
004c8c3e	VTABLE_UNRESOLVED	004d4d54	-
004c8c4c	VTABLE_UNRESOLVED	004d4d5c	-
004c8c5a	VTABLE_UNRESOLVED	004d4d64	-
004c8c68	VTABLE_UNRESOLVED	004d4d6c	-
004c8c76	VTABLE_UNRESOLVED	004d4d74	-
004c8c84	VTABLE_UNRESOLVED	004d4d7c	-
004c8c92	VTABLE_UNRESOLVED	004d4d84	-
004c8cb0	VTABLE_UNRESOLVED	004d4dac	-
004c8cd0	VTABLE_UNRESOLVED	004d4dd4	-
004c8cf0	VTABLE_UNRESOLVED	004d4dfc	-
004c8d10	VTABLE_UNRESOLVED	004d4e24	-
004c8d18	VTABLE_UNRESOLVED	004d4e2c	-
004c8d26	VTABLE_UNRESOLVED	004d4e34	-
004c8d34	VTABLE_UNRESOLVED	004d4e3c	-
004c8d50	VTABLE_UNRESOLVED	004d4e64	-
004c8d70	VTABLE_UNRESOLVED	004d4e8c	-
004c8d78	VTABLE_UNRESOLVED	004d4e94	-
004c8d83	VTABLE_UNRESOLVED	004d4e9c	-
004c8d91	VTABLE_UNRESOLVED	004d4ea4	-
004c8d9f	VTABLE_UNRESOLVED	004d4eac	-
004c8dad	VTABLE_UNRESOLVED	004d4eb4	-
004c8dbb	VTABLE_UNRESOLVED	004d4ebc	-
004c8dc9	VTABLE_UNRESOLVED	004d4ec4	-
004c8dd7	VTABLE_UNRESOLVED	004d4ecc	-
004c8de2	VTABLE_UNRESOLVED	004d4ed4	-
004c8ded	VTABLE_UNRESOLVED	004d4edc	-
004c8dfb	VTABLE_UNRESOLVED	004d4ee4	-
004c8e09	VTABLE_UNRESOLVED	004d4eec	-
004c8e17	VTABLE_UNRESOLVED	004d4ef4	-
004c8e30	VTABLE_UNRESOLVED	004d4f1c	-
004c8e38	VTABLE_UNRESOLVED	004d4f24	-
004c8e50	VTABLE_UNRESOLVED	004d4f4c	-
004c8e70	VTABLE_UNRESOLVED	004d4f74	-
004c8e7b	VTABLE_UNRESOLVED	004d4f7c	-
004c8e89	VTABLE_UNRESOLVED	004d4f84	-
004c8e97	VTABLE_UNRESOLVED	004d4f8c	-
004c8eb0	VTABLE_UNRESOLVED	004d4fb4	-
004c8ed0	VTABLE_UNRESOLVED	004d4fdc	-
004c8ed8	VTABLE_UNRESOLVED	004d4fe4	-
004c8ef0	VTABLE_UNRESOLVED	004d500c	-
004c8ef8	VTABLE_UNRESOLVED	004d5014	-
004c8f03	VTABLE_UNRESOLVED	004d501c	-
004c8f11	VTABLE_UNRESOLVED	004d5024	-
004c8f1f	VTABLE_UNRESOLVED	004d502c	-
004c8f2a	VTABLE_UNRESOLVED	004d5034	-
004c8f38	VTABLE_UNRESOLVED	004d503c	-
004c8f46	VTABLE_UNRESOLVED	004d5044	-
004c8f54	VTABLE_UNRESOLVED	004d504c	-
004c8f62	VTABLE_UNRESOLVED	004d5054	-
004c8f6d	VTABLE_UNRESOLVED	004d505c	-
004c8f7b	VTABLE_UNRESOLVED	004d5064	-
004c8f89	VTABLE_UNRESOLVED	004d506c	-
004c8f97	VTABLE_UNRESOLVED	004d5074	-
004c8fa5	VTABLE_UNRESOLVED	004d507c	-
004c8fc0	VTABLE_UNRESOLVED	004d50a4	-
004c8fc8	VTABLE_UNRESOLVED	004d50ac	-
004c8fe0	VTABLE_UNRESOLVED	004d50d4	-
004c8fe8	VTABLE_UNRESOLVED	004d50dc	-
004c9000	VTABLE_UNRESOLVED	004d5104	-
004c9008	VTABLE_UNRESOLVED	004d510c	-
004c9020	VTABLE_UNRESOLVED	004d5134	-
004c9028	VTABLE_UNRESOLVED	004d513c	-
004c9033	VTABLE_UNRESOLVED	004d5144	-
004c903e	VTABLE_UNRESOLVED	004d514c	-
004c9046	VTABLE_UNRESOLVED	004d5154	-
004c9051	VTABLE_UNRESOLVED	004d515c	-
004c9070	VTABLE_UNRESOLVED	004d5184	-
004c9078	VTABLE_UNRESOLVED	004d518c	-
004c9090	VTABLE_UNRESOLVED	004d51b4	-
004c9098	VTABLE_UNRESOLVED	004d51bc	-
004c90b0	VTABLE_UNRESOLVED	004d51e4	-
004c90b8	VTABLE_UNRESOLVED	004d51ec	-
004c90d0	VTABLE_UNRESOLVED	004d5214	-
004c90d8	VTABLE_UNRESOLVED	004d521c	-
004c9100	VTABLE_UNRESOLVED	004d5244	-
004c910b	VTABLE_UNRESOLVED	004d524c	-
004c9116	VTABLE_UNRESOLVED	004d5254	-
004c911e	VTABLE_UNRESOLVED	004d525c	-
004c9137	VTABLE_UNRESOLVED	004d5264	-
004c9142	VTABLE_UNRESOLVED	004d526c	-
004c914d	VTABLE_UNRESOLVED	004d5274	-
004c9155	VTABLE_UNRESOLVED	004d527c	-
004c9163	VTABLE_UNRESOLVED	004d5284	-
004c916e	VTABLE_UNRESOLVED	004d528c	-
004c9179	VTABLE_UNRESOLVED	004d5294	-
004c9184	VTABLE_UNRESOLVED	004d529c	-
004c918c	VTABLE_UNRESOLVED	004d52a4	-
004c9197	VTABLE_UNRESOLVED	004d52ac	-
004c91a2	VTABLE_UNRESOLVED	004d52b4	-
004c91aa	VTABLE_UNRESOLVED	004d52bc	-
004c91b5	VTABLE_UNRESOLVED	004d52c4	-
004c91bd	VTABLE_UNRESOLVED	004d52cc	-
004c91c8	VTABLE_UNRESOLVED	004d52d4	-
004c91d0	VTABLE_UNRESOLVED	004d52dc	-
004c91db	VTABLE_UNRESOLVED	004d52e4	-
004c91f0	VTABLE_UNRESOLVED	004d530c	-
004c9210	VTABLE_UNRESOLVED	004d5334	-
004c9230	VTABLE_UNRESOLVED	004d535c	-
004c9250	VTABLE_UNRESOLVED	004d5384	-
004c9270	VTABLE_UNRESOLVED	004d53ac	-
004c9290	VTABLE_UNRESOLVED	004d53d4	-
004c92b0	VTABLE_UNRESOLVED	004d53fc	-
004c92b8	VTABLE_UNRESOLVED	004d5404	-
004c92d0	VTABLE_UNRESOLVED	004d542c	-
004c92d8	VTABLE_UNRESOLVED	004d5434	-
004c92e3	VTABLE_UNRESOLVED	004d543c	-
004c92eb	VTABLE_UNRESOLVED	004d5444	-
004c92f9	VTABLE_UNRESOLVED	004d544c	-
004c9307	VTABLE_UNRESOLVED	004d5454	-
004c9320	VTABLE_UNRESOLVED	004d547c	-
004c9328	VTABLE_UNRESOLVED	004d5484	-
004c9336	VTABLE_UNRESOLVED	004d548c	-
004c9344	VTABLE_UNRESOLVED	004d5494	-
004c9352	VTABLE_UNRESOLVED	004d549c	-
004c9360	VTABLE_UNRESOLVED	004d54a4	-
004c936e	VTABLE_UNRESOLVED	004d54ac	-
004c937c	VTABLE_UNRESOLVED	004d54b4	-
004c938a	VTABLE_UNRESOLVED	004d54bc	-
004c93b0	VTABLE_UNRESOLVED	004d54e4	-
004c93b8	VTABLE_UNRESOLVED	004d54ec	-
004c93c6	VTABLE_UNRESOLVED	004d54f4	-
004c93d4	VTABLE_UNRESOLVED	004d54fc	-
004c93e2	VTABLE_UNRESOLVED	004d5504	-
004c93f0	VTABLE_UNRESOLVED	004d550c	-
004c93fe	VTABLE_UNRESOLVED	004d5514	-
004c940c	VTABLE_UNRESOLVED	004d551c	-
004c9430	VTABLE_UNRESOLVED	004d5544	-
004c9450	VTABLE_UNRESOLVED	004d556c	-
004c9458	VTABLE_UNRESOLVED	004d5574	-
004c9470	VTABLE_UNRESOLVED	004d559c	-
004c9478	VTABLE_UNRESOLVED	004d55a4	-
004c9486	VTABLE_UNRESOLVED	004d55ac	-
004c94a0	VTABLE_UNRESOLVED	004d55d4	-
004c94a8	VTABLE_UNRESOLVED	004d55dc	-
004c94c0	VTABLE_UNRESOLVED	004d5604	-
004c94e0	VTABLE_UNRESOLVED	004d562c	-
004c9500	VTABLE_UNRESOLVED	004d5654	-
004c9520	VTABLE_UNRESOLVED	004d567c	-
004c9528	VTABLE_UNRESOLVED	004d5684	-
004c9536	VTABLE_UNRESOLVED	004d568c	-
004c9544	VTABLE_UNRESOLVED	004d5694	-
004c9560	VTABLE_UNRESOLVED	004d56bc	-
004c9580	VTABLE_UNRESOLVED	004d56e4	-
004c958b	VTABLE_UNRESOLVED	004d56ec	-
004c95a0	VTABLE_UNRESOLVED	004d5714	-
004c95c0	VTABLE_UNRESOLVED	004d573c	-
004c95c8	VTABLE_UNRESOLVED	004d5744	-
004c95d6	VTABLE_UNRESOLVED	004d574c	-
004c95f0	VTABLE_UNRESOLVED	004d5774	-
004c95fb	VTABLE_UNRESOLVED	004d577c	-
004c9603	VTABLE_UNRESOLVED	004d5784	-
004c9620	VTABLE_UNRESOLVED	004d57ac	-
004c9628	VTABLE_UNRESOLVED	004d57b4	-
004c9640	VTABLE_UNRESOLVED	004d57dc	-
004c9648	VTABLE_UNRESOLVED	004d57e4	-
004c9656	VTABLE_UNRESOLVED	004d57ec	-
004c9664	VTABLE_UNRESOLVED	004d57f4	-
004c9672	VTABLE_UNRESOLVED	004d57fc	-
004c9680	VTABLE_UNRESOLVED	004d5804	-
004c968e	VTABLE_UNRESOLVED	004d580c	-
004c969c	VTABLE_UNRESOLVED	004d5814	-
004c96aa	VTABLE_UNRESOLVED	004d581c	-
004c96b8	VTABLE_UNRESOLVED	004d5824	-
004c96c6	VTABLE_UNRESOLVED	004d582c	-
004c96d4	VTABLE_UNRESOLVED	004d5834	-
004c96e2	VTABLE_UNRESOLVED	004d583c	-
004c96f0	VTABLE_UNRESOLVED	004d5844	-
004c96fe	VTABLE_UNRESOLVED	004d584c	-
004c970c	VTABLE_UNRESOLVED	004d5854	-
004c971a	VTABLE_UNRESOLVED	004d585c	-
004c9728	VTABLE_UNRESOLVED	004d5864	-
004c9736	VTABLE_UNRESOLVED	004d586c	-
004c9744	VTABLE_UNRESOLVED	004d5874	-
004c9760	VTABLE_UNRESOLVED	004d589c	-
004c9780	VTABLE_UNRESOLVED	004d58c4	-
004c97a0	VTABLE_UNRESOLVED	004d58ec	-
004c97a8	VTABLE_UNRESOLVED	004d58f4	-
004c97b6	VTABLE_UNRESOLVED	004d58fc	-
004c97c4	VTABLE_UNRESOLVED	004d5904	-
004c97d2	VTABLE_UNRESOLVED	004d590c	-
004c97e0	VTABLE_UNRESOLVED	004d5914	-
004c97ee	VTABLE_UNRESOLVED	004d591c	-
004c97fc	VTABLE_UNRESOLVED	004d5924	-
004c980a	VTABLE_UNRESOLVED	004d592c	-
004c9818	VTABLE_UNRESOLVED	004d5934	-
004c9826	VTABLE_UNRESOLVED	004d593c	-
004c9834	VTABLE_UNRESOLVED	004d5944	-
004c9842	VTABLE_UNRESOLVED	004d594c	-
004c9850	VTABLE_UNRESOLVED	004d5954	-
004c985e	VTABLE_UNRESOLVED	004d595c	-
004c986c	VTABLE_UNRESOLVED	004d5964	-
004c987a	VTABLE_UNRESOLVED	004d596c	-
004c9888	VTABLE_UNRESOLVED	004d5974	-
004c9896	VTABLE_UNRESOLVED	004d597c	-
004c98b0	VTABLE_UNRESOLVED	004d59a4	-
004c98d0	VTABLE_UNRESOLVED	004d59cc	-
004c98f0	VTABLE_UNRESOLVED	004d59f4	-
004c98f8	VTABLE_UNRESOLVED	004d59fc	-
004c9903	VTABLE_UNRESOLVED	004d5a04	-
004c9911	VTABLE_UNRESOLVED	004d5a0c	-
004c991f	VTABLE_UNRESOLVED	004d5a14	-
004c992d	VTABLE_UNRESOLVED	004d5a1c	-
004c993b	VTABLE_UNRESOLVED	004d5a24	-
004c9960	VTABLE_UNRESOLVED	004d5a4c	-
004c9968	VTABLE_UNRESOLVED	004d5a54	-
004c9973	VTABLE_UNRESOLVED	004d5a5c	-
004c9981	VTABLE_UNRESOLVED	004d5a64	-
004c998f	VTABLE_UNRESOLVED	004d5a6c	-
004c999d	VTABLE_UNRESOLVED	004d5a74	-
004c99c0	VTABLE_UNRESOLVED	004d5a9c	-
004c99e0	VTABLE_UNRESOLVED	004d5ac4	-
004c99e8	VTABLE_UNRESOLVED	004d5acc	-
004c99f6	VTABLE_UNRESOLVED	004d5ad4	-
004c9a10	VTABLE_UNRESOLVED	004d5afc	-
004c9a18	VTABLE_UNRESOLVED	004d5b04	-
004c9a30	VTABLE_UNRESOLVED	004d5b2c	-
004c9a50	VTABLE_UNRESOLVED	004d5b54	-
004c9a58	VTABLE_UNRESOLVED	004d5b5c	-
004c9a70	VTABLE_UNRESOLVED	004d5b84	-
004c9a78	VTABLE_UNRESOLVED	004d5b8c	-
004c9a86	VTABLE_UNRESOLVED	004d5b94	-
004c9a94	VTABLE_UNRESOLVED	004d5b9c	-
004c9aa2	VTABLE_UNRESOLVED	004d5ba4	-
004c9ac0	VTABLE_UNRESOLVED	004d5bcc	-
004c9ac8	VTABLE_UNRESOLVED	004d5bd4	-
004c9ad6	VTABLE_UNRESOLVED	004d5bdc	-
004c9ae4	VTABLE_UNRESOLVED	004d5be4	-
004c9b00	VTABLE_UNRESOLVED	004d5c0c	-
004c9b20	VTABLE_UNRESOLVED	004d5c34	-
004c9b40	VTABLE_UNRESOLVED	004d5c5c	-
004c9b48	VTABLE_UNRESOLVED	004d5c64	-
004c9b53	VTABLE_UNRESOLVED	004d5c6c	-
004c9b61	VTABLE_UNRESOLVED	004d5c74	-
004c9b6f	VTABLE_UNRESOLVED	004d5c7c	-
004c9b7d	VTABLE_UNRESOLVED	004d5c84	-
004c9ba0	VTABLE_UNRESOLVED	004d5cac	-
004c9ba8	VTABLE_UNRESOLVED	004d5cb4	-
004c9bb3	VTABLE_UNRESOLVED	004d5cbc	-
004c9bc1	VTABLE_UNRESOLVED	004d5cc4	-
004c9bcf	VTABLE_UNRESOLVED	004d5ccc	-
004c9bf0	VTABLE_UNRESOLVED	004d5cf4	-
004c9c10	VTABLE_UNRESOLVED	004d5d1c	-
004c9c30	VTABLE_UNRESOLVED	004d5d44	-
004c9c50	VTABLE_UNRESOLVED	004d5d6c	-
004c9c58	VTABLE_UNRESOLVED	004d5d74	-
004c9c70	VTABLE_UNRESOLVED	004d5d9c	-
004c9c90	VTABLE_UNRESOLVED	004d5dc4	-
004c9c98	VTABLE_UNRESOLVED	004d5dcc	-
004c9cb0	VTABLE_UNRESOLVED	004d5df4	-
004c9cbb	VTABLE_UNRESOLVED	004d5dfc	-
004c9cc3	VTABLE_UNRESOLVED	004d5e04	-
004c9ce0	VTABLE_UNRESOLVED	004d5e2c	-
004c9ce8	VTABLE_UNRESOLVED	004d5e34	-
004c9d00	VTABLE_UNRESOLVED	004d5e5c	-
004c9d08	VTABLE_UNRESOLVED	004d5e64	-
004c9d20	VTABLE_UNRESOLVED	004d5e8c	-
004c9d28	VTABLE_UNRESOLVED	004d5e94	-
004c9d36	VTABLE_UNRESOLVED	004d5e9c	-
004c9d44	VTABLE_UNRESOLVED	004d5ea4	-
004c9d52	VTABLE_UNRESOLVED	004d5eac	-
004c9d60	VTABLE_UNRESOLVED	004d5eb4	-
004c9d68	VTABLE_UNRESOLVED	004d5ebc	-
004c9d70	VTABLE_UNRESOLVED	004d5ec4	-
004c9d90	VTABLE_UNRESOLVED	004d5eec	-
004c9db0	VTABLE_UNRESOLVED	004d5f14	-
004c9dd0	VTABLE_UNRESOLVED	004d5f3c	-
004c9dd8	VTABLE_UNRESOLVED	004d5f44	-
004c9de6	VTABLE_UNRESOLVED	004d5f4c	-
004c9dee	VTABLE_UNRESOLVED	004d5f54	-
004c9dfc	VTABLE_UNRESOLVED	004d5f5c	-
004c9e0a	VTABLE_UNRESOLVED	004d5f64	-
004c9e18	VTABLE_UNRESOLVED	004d5f6c	-
004c9e30	VTABLE_UNRESOLVED	004d5f94	-
004c9e50	VTABLE_UNRESOLVED	004d5fbc	-
004c9e70	VTABLE_UNRESOLVED	004d5fe4	-
004c9e90	VTABLE_UNRESOLVED	004d600c	-
004c9eb0	VTABLE_UNRESOLVED	004d6034	-
004c9eb8	VTABLE_UNRESOLVED	004d603c	-
004c9ed0	VTABLE_UNRESOLVED	004d6064	-
004c9ef0	VTABLE_UNRESOLVED	004d608c	-
004c9f10	VTABLE_UNRESOLVED	004d60b4	-
004c9f18	VTABLE_UNRESOLVED	004d60bc	-
004c9f26	VTABLE_UNRESOLVED	004d60c4	-
004c9f2e	VTABLE_UNRESOLVED	004d60cc	-
004c9f36	VTABLE_UNRESOLVED	004d60d4	-
004c9f50	VTABLE_UNRESOLVED	004d60fc	-
004c9f58	VTABLE_UNRESOLVED	004d6104	-
004c9f70	VTABLE_UNRESOLVED	004d612c	-
004c9f90	VTABLE_UNRESOLVED	004d6154	-
004c9f9b	VTABLE_UNRESOLVED	004d615c	-
004c9fa6	VTABLE_UNRESOLVED	004d6164	-
004c9fb1	VTABLE_UNRESOLVED	004d616c	-
004c9fbc	VTABLE_UNRESOLVED	004d6174	-
004c9fc7	VTABLE_UNRESOLVED	004d617c	-
004c9fd2	VTABLE_UNRESOLVED	004d6184	-
004c9fda	VTABLE_UNRESOLVED	004d618c	-
004c9fe5	VTABLE_UNRESOLVED	004d6194	-
004c9ff0	VTABLE_UNRESOLVED	004d619c	-
004c9ffb	VTABLE_UNRESOLVED	004d61a4	-
004ca006	VTABLE_UNRESOLVED	004d61ac	-
004ca011	VTABLE_UNRESOLVED	004d61b4	-
004ca01c	VTABLE_UNRESOLVED	004d61bc	-
004ca027	VTABLE_UNRESOLVED	004d61c4	-
004ca032	VTABLE_UNRESOLVED	004d61cc	-
004ca03d	VTABLE_UNRESOLVED	004d61d4	-
004ca048	VTABLE_UNRESOLVED	004d61dc	-
004ca050	VTABLE_UNRESOLVED	004d61e4	-
004ca05b	VTABLE_UNRESOLVED	004d61ec	-
004ca066	VTABLE_UNRESOLVED	004d61f4	-
004ca071	VTABLE_UNRESOLVED	004d61fc	-
004ca07c	VTABLE_UNRESOLVED	004d6204	-
004ca087	VTABLE_UNRESOLVED	004d620c	-
004ca092	VTABLE_UNRESOLVED	004d6214	-
004ca09d	VTABLE_UNRESOLVED	004d621c	-
004ca0a8	VTABLE_UNRESOLVED	004d6224	-
004ca0b3	VTABLE_UNRESOLVED	004d622c	-
004ca0be	VTABLE_UNRESOLVED	004d6234	-
004ca0c6	VTABLE_UNRESOLVED	004d623c	-
004ca0d1	VTABLE_UNRESOLVED	004d6244	-
004ca0dc	VTABLE_UNRESOLVED	004d624c	-
004ca0e7	VTABLE_UNRESOLVED	004d6254	-
004ca0f2	VTABLE_UNRESOLVED	004d625c	-
004ca0fd	VTABLE_UNRESOLVED	004d6264	-
004ca120	VTABLE_UNRESOLVED	004d628c	-
004ca140	VTABLE_UNRESOLVED	004d62b4	-
004ca160	VTABLE_UNRESOLVED	004d62dc	-
004ca168	VTABLE_UNRESOLVED	004d62e4	-
004ca176	VTABLE_UNRESOLVED	004d62ec	-
004ca184	VTABLE_UNRESOLVED	004d62f4	-
004ca192	VTABLE_UNRESOLVED	004d62fc	-
004ca1a0	VTABLE_UNRESOLVED	004d6304	-
004ca1a8	VTABLE_UNRESOLVED	004d630c	-
004ca1b6	VTABLE_UNRESOLVED	004d6314	-
004ca1be	VTABLE_UNRESOLVED	004d631c	-
004ca1e0	VTABLE_UNRESOLVED	004d6344	-
004ca1e8	VTABLE_UNRESOLVED	004d634c	-
004ca1f6	VTABLE_UNRESOLVED	004d6354	-
004ca204	VTABLE_UNRESOLVED	004d635c	-
004ca212	VTABLE_UNRESOLVED	004d6364	-
004ca220	VTABLE_UNRESOLVED	004d636c	-
004ca240	VTABLE_UNRESOLVED	004d6394	-
004ca248	VTABLE_UNRESOLVED	004d639c	-
004ca250	VTABLE_UNRESOLVED	004d63a4	-
004ca25e	VTABLE_UNRESOLVED	004d63ac	-
004ca26c	VTABLE_UNRESOLVED	004d63b4	-
004ca27a	VTABLE_UNRESOLVED	004d63bc	-
004ca288	VTABLE_UNRESOLVED	004d63c4	-
004ca2a0	VTABLE_UNRESOLVED	004d63ec	-
004ca2a8	VTABLE_UNRESOLVED	004d63f4	-
004ca2b6	VTABLE_UNRESOLVED	004d63fc	-
004ca2c4	VTABLE_UNRESOLVED	004d6404	-
004ca2d2	VTABLE_UNRESOLVED	004d640c	-
004ca2e0	VTABLE_UNRESOLVED	004d6414	-
004ca2e8	VTABLE_UNRESOLVED	004d641c	-
004ca2f6	VTABLE_UNRESOLVED	004d6424	-
004ca2fe	VTABLE_UNRESOLVED	004d642c	-
004ca320	VTABLE_UNRESOLVED	004d6454	-
004ca328	VTABLE_UNRESOLVED	004d645c	-
004ca330	VTABLE_UNRESOLVED	004d6464	-
004ca33e	VTABLE_UNRESOLVED	004d646c	-
004ca34c	VTABLE_UNRESOLVED	004d6474	-
004ca35a	VTABLE_UNRESOLVED	004d647c	-
004ca368	VTABLE_UNRESOLVED	004d6484	-
004ca380	VTABLE_UNRESOLVED	004d64ac	-
004ca3a0	VTABLE_UNRESOLVED	004d64d4	-
004ca3a8	VTABLE_UNRESOLVED	004d64dc	-
004ca3b3	VTABLE_UNRESOLVED	004d64e4	-
004ca3d0	VTABLE_UNRESOLVED	004d650c	-
004ca3f0	VTABLE_UNRESOLVED	004d6534	-
004ca410	VTABLE_UNRESOLVED	004d655c	-
004ca430	VTABLE_UNRESOLVED	004d6584	-
004ca450	VTABLE_UNRESOLVED	004d65ac	-
004ca45b	VTABLE_UNRESOLVED	004d65b4	-
004ca470	VTABLE_UNRESOLVED	004d65dc	-
004ca478	VTABLE_UNRESOLVED	004d65e4	-
004ca483	VTABLE_UNRESOLVED	004d65ec	-
004ca491	VTABLE_UNRESOLVED	004d65f4	-
004ca49f	VTABLE_UNRESOLVED	004d65fc	-
004ca4ad	VTABLE_UNRESOLVED	004d6604	-
004ca4bb	VTABLE_UNRESOLVED	004d660c	-
004ca4c9	VTABLE_UNRESOLVED	004d6614	-
004ca4d7	VTABLE_UNRESOLVED	004d661c	-
004ca4e5	VTABLE_UNRESOLVED	004d6624	-
004ca4f3	VTABLE_UNRESOLVED	004d662c	-
004ca501	VTABLE_UNRESOLVED	004d6634	-
004ca50f	VTABLE_UNRESOLVED	004d663c	-
004ca51d	VTABLE_UNRESOLVED	004d6644	-
004ca52b	VTABLE_UNRESOLVED	004d664c	-
004ca539	VTABLE_UNRESOLVED	004d6654	-
004ca547	VTABLE_UNRESOLVED	004d665c	-
004ca555	VTABLE_UNRESOLVED	004d6664	-
004ca563	VTABLE_UNRESOLVED	004d666c	-
004ca571	VTABLE_UNRESOLVED	004d6674	-
004ca590	VTABLE_UNRESOLVED	004d669c	-
004ca598	VTABLE_UNRESOLVED	004d66a4	-
004ca5a3	VTABLE_UNRESOLVED	004d66ac	-
004ca5b1	VTABLE_UNRESOLVED	004d66b4	-
004ca5bf	VTABLE_UNRESOLVED	004d66bc	-
004ca5cd	VTABLE_UNRESOLVED	004d66c4	-
004ca5db	VTABLE_UNRESOLVED	004d66cc	-
004ca5e9	VTABLE_UNRESOLVED	004d66d4	-
004ca5f7	VTABLE_UNRESOLVED	004d66dc	-
004ca605	VTABLE_UNRESOLVED	004d66e4	-
004ca613	VTABLE_UNRESOLVED	004d66ec	-
004ca621	VTABLE_UNRESOLVED	004d66f4	-
004ca62f	VTABLE_UNRESOLVED	004d66fc	-
004ca63d	VTABLE_UNRESOLVED	004d6704	-
004ca64b	VTABLE_UNRESOLVED	004d670c	-
004ca659	VTABLE_UNRESOLVED	004d6714	-
004ca667	VTABLE_UNRESOLVED	004d671c	-
004ca675	VTABLE_UNRESOLVED	004d6724	-
004ca683	VTABLE_UNRESOLVED	004d672c	-
004ca691	VTABLE_UNRESOLVED	004d6734	-
004ca6b0	VTABLE_UNRESOLVED	004d675c	-
004ca6b8	VTABLE_UNRESOLVED	004d6764	-
004ca6c0	VTABLE_UNRESOLVED	004d676c	-
004ca6c8	VTABLE_UNRESOLVED	004d6774	-
004ca6d0	VTABLE_UNRESOLVED	004d677c	-
004ca6d8	VTABLE_UNRESOLVED	004d6784	-
004ca6e0	VTABLE_UNRESOLVED	004d678c	-
004ca700	VTABLE_UNRESOLVED	004d67b4	-
004ca720	VTABLE_UNRESOLVED	004d67dc	-
004ca740	VTABLE_UNRESOLVED	004d6804	-
004ca74b	VTABLE_UNRESOLVED	004d680c	-
004ca756	VTABLE_UNRESOLVED	004d6814	-
004ca761	VTABLE_UNRESOLVED	004d681c	-
004ca76c	VTABLE_UNRESOLVED	004d6824	-
004ca777	VTABLE_UNRESOLVED	004d682c	-
004ca782	VTABLE_UNRESOLVED	004d6834	-
004ca78d	VTABLE_UNRESOLVED	004d683c	-
004ca798	VTABLE_UNRESOLVED	004d6844	-
004ca7a3	VTABLE_UNRESOLVED	004d684c	-
004ca7ae	VTABLE_UNRESOLVED	004d6854	-
004ca7b9	VTABLE_UNRESOLVED	004d685c	-
004ca7c4	VTABLE_UNRESOLVED	004d6864	-
004ca7cf	VTABLE_UNRESOLVED	004d686c	-
004ca7da	VTABLE_UNRESOLVED	004d6874	-
004ca7e5	VTABLE_UNRESOLVED	004d687c	-
004ca7f0	VTABLE_UNRESOLVED	004d6884	-
004ca7fb	VTABLE_UNRESOLVED	004d688c	-
004ca806	VTABLE_UNRESOLVED	004d6894	-
004ca811	VTABLE_UNRESOLVED	004d689c	-
004ca819	VTABLE_UNRESOLVED	004d68a4	-
004ca821	VTABLE_UNRESOLVED	004d68ac	-
004ca829	VTABLE_UNRESOLVED	004d68b4	-
004ca834	VTABLE_UNRESOLVED	004d68bc	-
004ca83f	VTABLE_UNRESOLVED	004d68c4	-
004ca84a	VTABLE_UNRESOLVED	004d68cc	-
004ca855	VTABLE_UNRESOLVED	004d68d4	-
004ca860	VTABLE_UNRESOLVED	004d68dc	-
004ca86b	VTABLE_UNRESOLVED	004d68e4	-
004ca876	VTABLE_UNRESOLVED	004d68ec	-
004ca881	VTABLE_UNRESOLVED	004d68f4	-
004ca88c	VTABLE_UNRESOLVED	004d68fc	-
004ca897	VTABLE_UNRESOLVED	004d6904	-
004ca8a2	VTABLE_UNRESOLVED	004d690c	-
004ca8ad	VTABLE_UNRESOLVED	004d6914	-
004ca8b8	VTABLE_UNRESOLVED	004d691c	-
004ca8c3	VTABLE_UNRESOLVED	004d6924	-
004ca8ce	VTABLE_UNRESOLVED	004d692c	-
004ca8d9	VTABLE_UNRESOLVED	004d6934	-
004ca8e4	VTABLE_UNRESOLVED	004d693c	-
004ca8ec	VTABLE_UNRESOLVED	004d6944	-
004ca8f4	VTABLE_UNRESOLVED	004d694c	-
004ca910	VTABLE_UNRESOLVED	004d697c	-
004ca91b	VTABLE_UNRESOLVED	004d6984	-
004ca930	VTABLE_UNRESOLVED	004d69e4	-
004ca93b	VTABLE_UNRESOLVED	004d69ec	-
004ca946	VTABLE_UNRESOLVED	004d69f4	-
004ca960	VTABLE_UNRESOLVED	004d6a1c	-
004ca968	VTABLE_UNRESOLVED	004d6a24	-
004ca970	VTABLE_UNRESOLVED	004d6a2c	-
004ca978	VTABLE_UNRESOLVED	004d6a34	-
004ca980	VTABLE_UNRESOLVED	004d6a3c	-
004ca988	VTABLE_UNRESOLVED	004d6a44	-
004ca990	VTABLE_UNRESOLVED	004d6a4c	-
004ca998	VTABLE_UNRESOLVED	004d6a54	-
004ca9b0	VTABLE_UNRESOLVED	004d6a7c	-
004ca9b8	VTABLE_UNRESOLVED	004d6a84	-
004ca9c0	VTABLE_UNRESOLVED	004d6a8c	-
004ca9c8	VTABLE_UNRESOLVED	004d6a94	-
004ca9d0	VTABLE_UNRESOLVED	004d6a9c	-
004ca9d8	VTABLE_UNRESOLVED	004d6aa4	-
004ca9e0	VTABLE_UNRESOLVED	004d6aac	-
004ca9e8	VTABLE_UNRESOLVED	004d6ab4	-
004caa00	VTABLE_UNRESOLVED	004d6adc	-
004caa20	VTABLE_UNRESOLVED	004d6b04	-
004caa28	VTABLE_UNRESOLVED	004d6b0c	-
004caa33	VTABLE_UNRESOLVED	004d6b14	-
004caa41	VTABLE_UNRESOLVED	004d6b1c	-
004caa4f	VTABLE_UNRESOLVED	004d6b24	-
004caa5d	VTABLE_UNRESOLVED	004d6b2c	-
004caa75	VTABLE_UNRESOLVED	004d6b34	-
004caa8d	VTABLE_UNRESOLVED	004d6b3c	-
004caaa5	VTABLE_UNRESOLVED	004d6b44	-
004caad0	VTABLE_UNRESOLVED	004d6b6c	-
004caad8	VTABLE_UNRESOLVED	004d6b74	-
004caae3	VTABLE_UNRESOLVED	004d6b7c	-
004caaf1	VTABLE_UNRESOLVED	004d6b84	-
004caaff	VTABLE_UNRESOLVED	004d6b8c	-
004cab0d	VTABLE_UNRESOLVED	004d6b94	-
004cab25	VTABLE_UNRESOLVED	004d6b9c	-
004cab3d	VTABLE_UNRESOLVED	004d6ba4	-
004cab60	VTABLE_UNRESOLVED	004d6bcc	-
004cab6b	VTABLE_UNRESOLVED	004d6bd4	-
004cab76	VTABLE_UNRESOLVED	004d6bdc	-
004cab81	VTABLE_UNRESOLVED	004d6be4	-
004cab8c	VTABLE_UNRESOLVED	004d6bec	-
004cab94	VTABLE_UNRESOLVED	004d6bf4	-
004cab9c	VTABLE_UNRESOLVED	004d6bfc	-
004cabaf	VTABLE_UNRESOLVED	004d6c04	-
004cabc2	VTABLE_UNRESOLVED	004d6c0c	-
004cabd5	VTABLE_UNRESOLVED	004d6c14	-
004cabe0	VTABLE_UNRESOLVED	004d6c1c	-
004cabeb	VTABLE_UNRESOLVED	004d6c24	-
004cabf6	VTABLE_UNRESOLVED	004d6c2c	-
004cabfe	VTABLE_UNRESOLVED	004d6c34	-
004cac06	VTABLE_UNRESOLVED	004d6c3c	-
004cac19	VTABLE_UNRESOLVED	004d6c44	-
004cac2c	VTABLE_UNRESOLVED	004d6c4c	-
004cac50	VTABLE_UNRESOLVED	004d6c74	-
004cac70	VTABLE_UNRESOLVED	004d6c9c	-
004cac90	VTABLE_UNRESOLVED	004d6ccc	-
004cac9b	VTABLE_UNRESOLVED	004d6cd4	-
004cacb0	VTABLE_UNRESOLVED	004d6d34	-
004cace0	VTABLE_UNRESOLVED	004d6dd4	-
004cad00	VTABLE_UNRESOLVED	004d6dfc	-
004cad08	VTABLE_UNRESOLVED	004d6e04	-
004cad20	VTABLE_UNRESOLVED	004d6e2c	-
004cad40	VTABLE_UNRESOLVED	004d6e54	-
004cad60	VTABLE_UNRESOLVED	004d6e7c	-
004cad80	VTABLE_UNRESOLVED	004d6ea4	-
004cada0	VTABLE_UNRESOLVED	004d6ecc	-
004cada9	VTABLE_UNRESOLVED	004d6ed4	-
004cadc0	VTABLE_UNRESOLVED	004d6efc	-
004cade0	VTABLE_UNRESOLVED	004d6f24	-
004cae00	VTABLE_UNRESOLVED	004d6f4c	-
004cae20	VTABLE_UNRESOLVED	004d6f74	-
004cae40	VTABLE_UNRESOLVED	004d6f9c	-
004cae60	VTABLE_UNRESOLVED	004d6fc4	-
004cae6b	VTABLE_UNRESOLVED	004d6fcc	-
004cae76	VTABLE_UNRESOLVED	004d6fd4	-
004cae81	VTABLE_UNRESOLVED	004d6fdc	-
004cae8c	VTABLE_UNRESOLVED	004d6fe4	-
004cae97	VTABLE_UNRESOLVED	004d6fec	-
004caea2	VTABLE_UNRESOLVED	004d6ff4	-
004caead	VTABLE_UNRESOLVED	004d6ffc	-
004caeb8	VTABLE_UNRESOLVED	004d7004	-
004caec3	VTABLE_UNRESOLVED	004d700c	-
004caece	VTABLE_UNRESOLVED	004d7014	-
004caed9	VTABLE_UNRESOLVED	004d701c	-
004caee4	VTABLE_UNRESOLVED	004d7024	-
004caf00	VTABLE_UNRESOLVED	004d704c	-
004caf20	VTABLE_UNRESOLVED	004d7074	-
004caf40	VTABLE_UNRESOLVED	004d709c	-
004caf60	VTABLE_UNRESOLVED	004d70c4	-
004caf80	VTABLE_UNRESOLVED	004d70ec	-
004cafa0	VTABLE_UNRESOLVED	004d7114	-
004cafc0	VTABLE_UNRESOLVED	004d713c	-
004cafc8	VTABLE_UNRESOLVED	004d7144	-
004cafe0	VTABLE_UNRESOLVED	004d716c	-
004cb000	VTABLE_UNRESOLVED	004d7194	-
004cb020	VTABLE_UNRESOLVED	004d71bc	-
004cb040	VTABLE_UNRESOLVED	004d71e4	-
004cb060	VTABLE_UNRESOLVED	004d720c	-
004cb080	VTABLE_UNRESOLVED	004d7234	-
004cb0a0	VTABLE_UNRESOLVED	004d725c	-
004cb0c0	VTABLE_UNRESOLVED	004d7284	-
004cb0e0	VTABLE_UNRESOLVED	004d72ac	-
004cb100	VTABLE_UNRESOLVED	004d72d4	-
004cb120	VTABLE_UNRESOLVED	004d72fc	-
004cb140	VTABLE_UNRESOLVED	004d7324	-
004cb148	VTABLE_UNRESOLVED	004d732c	-
004cb160	VTABLE_UNRESOLVED	004d7354	-
004cb180	VTABLE_UNRESOLVED	004d737c	-
004cb1a0	VTABLE_UNRESOLVED	004d73a4	-
004cb1c0	VTABLE_UNRESOLVED	004d73cc	-
004cb1e0	VTABLE_UNRESOLVED	004d73f4	-
004cb200	VTABLE_UNRESOLVED	004d741c	-
004cb220	VTABLE_UNRESOLVED	004d7444	-
004cb240	VTABLE_UNRESOLVED	004d746c	-
004cb248	VTABLE_UNRESOLVED	004d7474	-
004cb256	VTABLE_UNRESOLVED	004d747c	-
004cb270	VTABLE_UNRESOLVED	004d74a4	-
004cb278	VTABLE_UNRESOLVED	004d74ac	-
004cb286	VTABLE_UNRESOLVED	004d74b4	-
004cb2a0	VTABLE_UNRESOLVED	004d74dc	-
004cb2a8	VTABLE_UNRESOLVED	004d74e4	-
004cb2b6	VTABLE_UNRESOLVED	004d74ec	-
004cb2c4	VTABLE_UNRESOLVED	004d74f4	-
004cb2d2	VTABLE_UNRESOLVED	004d74fc	-
004cb2f0	VTABLE_UNRESOLVED	004d7524	-
004cb2f8	VTABLE_UNRESOLVED	004d752c	-
004cb306	VTABLE_UNRESOLVED	004d7534	-
004cb314	VTABLE_UNRESOLVED	004d753c	-
004cb322	VTABLE_UNRESOLVED	004d7544	-
004cb340	VTABLE_UNRESOLVED	004d756c	-
004cb34b	VTABLE_UNRESOLVED	004d7574	-
004cb356	VTABLE_UNRESOLVED	004d757c	-
004cb361	VTABLE_UNRESOLVED	004d7584	-
004cb36c	VTABLE_UNRESOLVED	004d758c	-
004cb377	VTABLE_UNRESOLVED	004d7594	-
004cb382	VTABLE_UNRESOLVED	004d759c	-
004cb38d	VTABLE_UNRESOLVED	004d75a4	-
004cb3b0	VTABLE_UNRESOLVED	004d75cc	-
004cb3d0	VTABLE_UNRESOLVED	004d75f4	-
004cb3db	VTABLE_UNRESOLVED	004d75fc	-
004cb3e6	VTABLE_UNRESOLVED	004d7604	-
004cb3f1	VTABLE_UNRESOLVED	004d760c	-
004cb3fc	VTABLE_UNRESOLVED	004d7614	-
004cb420	VTABLE_UNRESOLVED	004d763c	-
004cb440	VTABLE_UNRESOLVED	004d7664	-
004cb460	VTABLE_UNRESOLVED	004d768c	-
004cb480	VTABLE_UNRESOLVED	004d76b4	-
004cb4a0	VTABLE_UNRESOLVED	004d76dc	-
004cb4c0	VTABLE_UNRESOLVED	004d7704	-
004cb4e0	VTABLE_UNRESOLVED	004d772c	-
004cb500	VTABLE_UNRESOLVED	004d7754	-
004cb508	VTABLE_UNRESOLVED	004d775c	-
004cb513	VTABLE_UNRESOLVED	004d7764	-
004cb52e	VTABLE_UNRESOLVED	004d776c	-
004cb549	VTABLE_UNRESOLVED	004d7774	-
004cb570	VTABLE_UNRESOLVED	004d779c	-
004cb578	VTABLE_UNRESOLVED	004d77a4	-
004cb583	VTABLE_UNRESOLVED	004d77ac	-
004cb59e	VTABLE_UNRESOLVED	004d77b4	-
004cb5b9	VTABLE_UNRESOLVED	004d77bc	-
004cb5e0	VTABLE_UNRESOLVED	004d77e4	-
004cb600	VTABLE_UNRESOLVED	004d780c	-
004cb620	VTABLE_UNRESOLVED	004d7834	-
004cb640	VTABLE_UNRESOLVED	004d785c	-
004cb64b	VTABLE_UNRESOLVED	004d7864	-
004cb65c	VTABLE_UNRESOLVED	004d786c	-
004cb680	VTABLE_UNRESOLVED	004d7894	-
004cb6a0	VTABLE_UNRESOLVED	004d78bc	-
004cb6c0	VTABLE_UNRESOLVED	004d78e4	-
004cb6e0	VTABLE_UNRESOLVED	004d790c	-
004cb700	VTABLE_UNRESOLVED	004d7934	-
004cb708	VTABLE_UNRESOLVED	004d793c	-
004cb730	VTABLE_UNRESOLVED	004d7964	-
004cb738	VTABLE_UNRESOLVED	004d796c	-
004cb760	VTABLE_UNRESOLVED	004d7994	-
004cb780	VTABLE_UNRESOLVED	004d79bc	-
004cb7a0	VTABLE_UNRESOLVED	004d79e4	-
004cb7a8	VTABLE_UNRESOLVED	004d79ec	-
004cb7c0	VTABLE_UNRESOLVED	004d7a14	-
004cb7c8	VTABLE_UNRESOLVED	004d7a1c	-
004cb7d3	VTABLE_UNRESOLVED	004d7a24	-
004cb800	VTABLE_UNRESOLVED	004d7a4c	-
004cb808	VTABLE_UNRESOLVED	004d7a54	-
004cb816	VTABLE_UNRESOLVED	004d7a5c	-
004cb824	VTABLE_UNRESOLVED	004d7a64	-
004cb832	VTABLE_UNRESOLVED	004d7a6c	-
004cb840	VTABLE_UNRESOLVED	004d7a74	-
004cb860	VTABLE_UNRESOLVED	004d7a9c	-
004cb868	VTABLE_UNRESOLVED	004d7aa4	-
004cb876	VTABLE_UNRESOLVED	004d7aac	-
004cb884	VTABLE_UNRESOLVED	004d7ab4	-
004cb892	VTABLE_UNRESOLVED	004d7abc	-
004cb8a0	VTABLE_UNRESOLVED	004d7ac4	-
004cb8c0	VTABLE_UNRESOLVED	004d7aec	-
004cb8e0	VTABLE_UNRESOLVED	004d7b14	-
004cb900	VTABLE_UNRESOLVED	004d7b3c	-
004cb920	VTABLE_UNRESOLVED	004d7b64	-
004cb940	VTABLE_UNRESOLVED	004d7b8c	-
004cb94b	VTABLE_UNRESOLVED	004d7b94	-
004cb960	VTABLE_UNRESOLVED	004d7bbc	-
004cb980	VTABLE_UNRESOLVED	004d7be4	-
004cb98b	VTABLE_UNRESOLVED	004d7bec	-
004cb9b0	VTABLE_UNRESOLVED	004d7c14	-
004cb9d0	VTABLE_UNRESOLVED	004d7c3c	-
