start,end,type
0x004d0910,0x004d0918,string
0x004d0918,0x004d0934,string
0x004d0938,0x004d0948,string
0x004d0948,0x004d0958,string
0x004d0958,0x004d0968,string
0x004d0968,0x004d0978,string
0x004d0978,0x004d0984,string
0x004d84d6,0x004d84e7,TerminatedCString
0x004d84ea,0x004d84f7,TerminatedCString
0x004d84f8,0x004d8502,TerminatedCString
0x004d8502,0x004d850d,TerminatedCString
0x004d850e,0x004d8518,TerminatedCString
0x004d851a,0x004d851f,TerminatedCString
0x004d8522,0x004d8529,TerminatedCString
0x004d852c,0x004d8534,TerminatedCString
0x004d8536,0x004d853e,TerminatedCString
0x004d8540,0x004d8548,TerminatedCString
0x004d854a,0x004d8551,TerminatedCString
0x004d8554,0x004d855c,TerminatedCString
0x004d855e,0x004d8564,TerminatedCString
0x004d8566,0x004d856b,TerminatedCString
0x004d856e,0x004d8580,TerminatedCString
0x004d8582,0x004d8588,TerminatedCString
0x004d858a,0x004d8593,TerminatedCString
0x004d8596,0x004d85a3,TerminatedCString
0x004d85a6,0x004d85ae,TerminatedCString
0x004d85b0,0x004d85b7,TerminatedCString
0x004d85ba,0x004d85c2,TerminatedCString
0x004d85c4,0x004d85ca,TerminatedCString
0x004d85cc,0x004d85d1,TerminatedCString
0x004d85d4,0x004d85db,TerminatedCString
0x004d85de,0x004d85e3,TerminatedCString
0x004d85e6,0x004d85eb,TerminatedCString
0x004d85ee,0x004d85f6,TerminatedCString
0x004d85f8,0x004d8600,TerminatedCString
0x004d8602,0x004d860a,TerminatedCString
0x004d860c,0x004d8613,TerminatedCString
0x004d8616,0x004d861c,TerminatedCString
0x004d861e,0x004d8625,TerminatedCString
0x004d8628,0x004d862f,TerminatedCString
0x004d8632,0x004d8637,TerminatedCString
0x004d863a,0x004d863f,TerminatedCString
0x004d8642,0x004d864a,TerminatedCString
0x004d864c,0x004d8654,TerminatedCString
0x004d8656,0x004d8661,TerminatedCString
0x004d8664,0x004d866e,TerminatedCString
0x004d8670,0x004d8677,TerminatedCString
0x004d867a,0x004d8681,TerminatedCString
0x004d8684,0x004d868b,TerminatedCString
0x004d868e,0x004d8694,TerminatedCString
0x004d8696,0x004d869b,TerminatedCString
0x004d869e,0x004d86a5,TerminatedCString
0x004d86a8,0x004d86b1,TerminatedCString
0x004d86b4,0x004d86ba,TerminatedCString
0x004d86bc,0x004d86c2,TerminatedCString
0x004d86c4,0x004d86ce,TerminatedCString
0x004d86d0,0x004d86d8,TerminatedCString
0x004d86da,0x004d86e0,TerminatedCString
0x004d86e2,0x004d86e8,TerminatedCString
0x004d86ea,0x004d86f0,TerminatedCString
0x004d86f2,0x004d86f7,TerminatedCString
0x004d86fa,0x004d8701,TerminatedCString
0x004d8704,0x004d870a,TerminatedCString
0x004d870c,0x004d8715,TerminatedCString
0x004d8718,0x004d8722,TerminatedCString
0x004d8724,0x004d872c,TerminatedCString
0x004d872e,0x004d8737,TerminatedCString
0x004d873a,0x004d8747,TerminatedCString
0x004d874a,0x004d8752,TerminatedCString
0x004d8754,0x004d875f,TerminatedCString
0x004d8762,0x004d876a,TerminatedCString
0x004d876c,0x004d8774,TerminatedCString
0x004d8776,0x004d877e,TerminatedCString
0x004d8780,0x004d878b,TerminatedCString
0x004d878e,0x004d8796,TerminatedCString
0x004d8798,0x004d879f,TerminatedCString
0x004d87a2,0x004d87a8,TerminatedCString
0x004d87aa,0x004d87b2,TerminatedCString
0x004d87b4,0x004d87bd,TerminatedCString
0x004d87c0,0x004d87c5,TerminatedCString
0x004d87c8,0x004d87cf,TerminatedCString
0x004d87d2,0x004d87db,TerminatedCString
0x004d87dc,0x004d87e7,TerminatedCString
0x004d87ea,0x004d87fb,TerminatedCString
0x004d87fe,0x004d8810,TerminatedCString
0x004d8812,0x004d881e,TerminatedCString
0x004d8820,0x004d8828,TerminatedCString
0x004d882a,0x004d8830,TerminatedCString
0x004d8832,0x004d883e,TerminatedCString
0x004d8840,0x004d8848,TerminatedCString
0x004d884a,0x004d8858,TerminatedCString
0x004d885a,0x004d8864,TerminatedCString
0x004d8866,0x004d8877,TerminatedCString
0x004d887a,0x004d8887,TerminatedCString
0x004d888a,0x004d8897,TerminatedCString
0x004d889a,0x004d88a5,TerminatedCString
0x004d88a8,0x004d88b7,TerminatedCString
0x004d88ba,0x004d88cf,TerminatedCString
0x004d88d2,0x004d88dd,TerminatedCString
0x004d88e0,0x004d88e6,TerminatedCString
0x004d88e8,0x004d88f4,TerminatedCString
0x004d88f6,0x004d8905,TerminatedCString
0x004d8908,0x004d891b,TerminatedCString
0x004d891e,0x004d892b,TerminatedCString
0x004d892e,0x004d893c,TerminatedCString
0x004d893e,0x004d8947,TerminatedCString
0x004d894a,0x004d895f,TerminatedCString
0x004d8962,0x004d8977,TerminatedCString
0x004d897a,0x004d898f,TerminatedCString
0x004d8992,0x004d89a7,TerminatedCString
0x004d89aa,0x004d89bb,TerminatedCString
0x004d89be,0x004d89cb,TerminatedCString
0x004d89ce,0x004d89df,TerminatedCString
0x004d89e2,0x004d89ee,TerminatedCString
0x004d89f0,0x004d8a0a,TerminatedCString
0x004d8a0c,0x004d8a22,TerminatedCString
0x004d8a24,0x004d8a30,TerminatedCString
0x004d8a32,0x004d8a3c,TerminatedCString
0x004d8a3e,0x004d8a4d,TerminatedCString
0x004d8a50,0x004d8a60,TerminatedCString
0x004d8a62,0x004d8a72,TerminatedCString
0x004d8a74,0x004d8a82,TerminatedCString
0x004d8a84,0x004d8a93,TerminatedCString
0x004d8a96,0x004d8aa1,TerminatedCString
0x004d8aa4,0x004d8abb,TerminatedCString
0x004d8abe,0x004d8ad5,TerminatedCString
0x004d8ad8,0x004d8ae5,TerminatedCString
0x004d8ae8,0x004d8af1,TerminatedCString
0x004d8af4,0x004d8b05,TerminatedCString
0x004d8b08,0x004d8b1d,TerminatedCString
0x004d8b20,0x004d8b35,TerminatedCString
0x004d8b38,0x004d8b4a,TerminatedCString
0x004d8b4c,0x004d8b56,TerminatedCString
0x004d8b58,0x004d8b64,TerminatedCString
0x004d8b66,0x004d8b6f,TerminatedCString
0x004d8b72,0x004d8b81,TerminatedCString
0x004d8b84,0x004d8b91,TerminatedCString
0x004d8b94,0x004d8ba1,TerminatedCString
0x004d8ba4,0x004d8bb2,TerminatedCString
0x004d8bb4,0x004d8bcc,TerminatedCString
0x004d8bce,0x004d8bda,TerminatedCString
0x004d8bdc,0x004d8bef,TerminatedCString
0x004d8bf2,0x004d8c0a,TerminatedCString
0x004d8c0c,0x004d8c26,TerminatedCString
0x004d8c28,0x004d8c3a,TerminatedCString
0x004d8c3c,0x004d8c48,TerminatedCString
0x004d8c4a,0x004d8c5a,TerminatedCString
0x004d8c5a,0x004d8c67,TerminatedCString
0x004d8c6a,0x004d8c77,TerminatedCString
0x004d8c7a,0x004d8c85,TerminatedCString
0x004d8c88,0x004d8c96,TerminatedCString
0x004d8c98,0x004d8ca6,TerminatedCString
0x004d8ca8,0x004d8cb4,TerminatedCString
0x004d8cb6,0x004d8cc2,TerminatedCString
0x004d8cc4,0x004d8cd1,TerminatedCString
0x004d8cd4,0x004d8cdd,TerminatedCString
0x004d8ce0,0x004d8cea,TerminatedCString
0x004d8cec,0x004d8cf8,TerminatedCString
0x004d8cfa,0x004d8d07,TerminatedCString
0x004d8d0a,0x004d8d18,TerminatedCString
0x004d8d1a,0x004d8d26,TerminatedCString
0x004d8d28,0x004d8d32,TerminatedCString
0x004d8d34,0x004d8d43,TerminatedCString
0x004d8d46,0x004d8d57,TerminatedCString
0x004d8d5a,0x004d8d6e,TerminatedCString
0x004d8d70,0x004d8d79,TerminatedCString
0x004d8d7c,0x004d8d8f,TerminatedCString
0x004d8d92,0x004d8d9e,TerminatedCString
0x004d8da0,0x004d8db6,TerminatedCString
0x004d8db8,0x004d8dc2,TerminatedCString
0x004d8dc4,0x004d8dd2,TerminatedCString
0x004d8dd4,0x004d8ddf,TerminatedCString
0x004d8de2,0x004d8ded,TerminatedCString
0x004d8df0,0x004d8df8,TerminatedCString
0x004d8dfa,0x004d8e04,TerminatedCString
0x004d8e06,0x004d8e17,TerminatedCString
0x004d8e1a,0x004d8e29,TerminatedCString
0x004d8e2c,0x004d8e3b,TerminatedCString
0x004d8e3e,0x004d8e4d,TerminatedCString
0x004d8e50,0x004d8e5d,TerminatedCString
0x004d8e60,0x004d8e69,TerminatedCString
0x004d8e6c,0x004d8e72,TerminatedCString
0x004d8e74,0x004d8e84,TerminatedCString
0x004d8e86,0x004d8e94,TerminatedCString
0x004d8e96,0x004d8ea0,TerminatedCString
0x004d8ea2,0x004d8eb2,TerminatedCString
0x004d8eb4,0x004d8ec8,TerminatedCString
0x004d8eca,0x004d8ed7,TerminatedCString
0x004d8eda,0x004d8ee6,TerminatedCString
0x004d8ee8,0x004d8ef8,TerminatedCString
0x004d8efa,0x004d8f06,TerminatedCString
0x004d8f08,0x004d8f15,TerminatedCString
0x004d8f18,0x004d8f27,TerminatedCString
0x004d8f2a,0x004d8f34,TerminatedCString
0x004d8f36,0x004d8f3f,TerminatedCString
0x004d8f42,0x004d8f4b,TerminatedCString
0x004d8f4e,0x004d8f58,TerminatedCString
0x004d8f58,0x004d8f63,TerminatedCString
0x004d8f66,0x004d8f77,TerminatedCString
0x004d8f7a,0x004d8f83,TerminatedCString
0x004d8f86,0x004d8f8d,TerminatedCString
0x004d8f90,0x004d8f9b,TerminatedCString
0x004d8f9e,0x004d8fab,TerminatedCString
0x004d8fae,0x004d8fc1,TerminatedCString
0x004d8fc4,0x004d8fdc,TerminatedCString
0x004d8fde,0x004d8fec,TerminatedCString
0x004d8fee,0x004d8ffd,TerminatedCString
0x004d9000,0x004d9014,TerminatedCString
0x004d9016,0x004d9021,TerminatedCString
0x004d9024,0x004d9031,TerminatedCString
0x004d9034,0x004d9040,TerminatedCString
0x004d9042,0x004d9052,TerminatedCString
0x004d9054,0x004d905f,TerminatedCString
0x004d9062,0x004d906c,TerminatedCString
0x004d906e,0x004d907b,TerminatedCString
0x004d907e,0x004d9094,TerminatedCString
0x004d9094,0x004d909e,TerminatedCString
0x004d90a0,0x004d90b1,TerminatedCString
0x004d90b2,0x004d90bf,TerminatedCString
0x004d90c2,0x004d90cf,TerminatedCString
0x004d90d2,0x004d90de,TerminatedCString
0x004d90e0,0x004d90f0,TerminatedCString
0x004d90f2,0x004d9100,TerminatedCString
0x004d9102,0x004d9113,TerminatedCString
0x004d9116,0x004d9125,TerminatedCString
0x004d9126,0x004d9133,TerminatedCString
0x004d9136,0x004d9144,TerminatedCString
0x004d9146,0x004d9156,TerminatedCString
0x004d9156,0x004d9162,TerminatedCString
0x004d9164,0x004d917b,TerminatedCString
0x004d917e,0x004d9195,TerminatedCString
0x004d9196,0x004d91a2,TerminatedCString
0x004d91a2,0x004d91b0,string
0x004d91b2,0x004d91c1,TerminatedCString
0x004d91c4,0x004d91d0,TerminatedCString
0x004d91d2,0x004d91de,TerminatedCString
0x004d91e0,0x004d91e8,TerminatedCString
0x004d91ea,0x004d91f8,TerminatedCString
0x004d91fa,0x004d920b,TerminatedCString
0x004d920e,0x004d9217,TerminatedCString
0x004d921a,0x004d9229,TerminatedCString
0x004d922c,0x004d923c,TerminatedCString
0x004d923e,0x004d9252,TerminatedCString
0x004d9254,0x004d926b,TerminatedCString
0x004d926e,0x004d927c,TerminatedCString
0x004d927e,0x004d928b,TerminatedCString
0x004d928c,0x004d9299,TerminatedCString
0x004d929a,0x004d92a6,TerminatedCString
0x004d92a8,0x004d92b8,TerminatedCString
0x004d92ba,0x004d92cd,TerminatedCString
0x004d92d0,0x004d92dc,TerminatedCString
0x004d92de,0x004d92eb,TerminatedCString
0x004d92ee,0x004d92fd,TerminatedCString
0x004d9300,0x004d930e,TerminatedCString
0x004d9310,0x004d931d,TerminatedCString
0x004d931e,0x004d9328,TerminatedCString
0x004d9328,0x004d9333,TerminatedCString
0x004d9336,0x004d9347,TerminatedCString
0x004d934a,0x004d935f,TerminatedCString
0x004d9360,0x004d936a,TerminatedCString
0x004d936a,0x004d9375,TerminatedCString
0x004d9378,0x004d938b,TerminatedCString
0x004d938c,0x004d9397,TerminatedCString
0x004d939a,0x004d93a2,TerminatedCString
0x004d93a4,0x004d93ad,TerminatedCString
0x004da0ec,0x004da0f6,string
0x004da0f8,0x004da0fc,string
0x004da108,0x004da10c,string
0x004da110,0x004da120,string
0x004da120,0x004da12f,string
0x004da130,0x004da13d,string
0x004da140,0x004da14b,string
0x004da14c,0x004da159,string
0x004da15c,0x004da16e,string
0x004da170,0x004da17e,string
0x004da180,0x004da18f,string
0x004da190,0x004da19d,string
0x004da1a0,0x004da1ab,string
0x004da1ac,0x004da1b9,string
0x004da1bc,0x004da1c7,string
0x004da1e8,0x004da207,string
0x004da208,0x004da22b,string
0x004da22c,0x004da234,string
0x004da234,0x004da23b,string
0x004da23c,0x004da245,string
0x004da250,0x004da259,string
0x004da25c,0x004da265,string
0x004da268,0x004da271,string
0x004da274,0x004da27d,string
0x004da280,0x004da289,string
0x004da28c,0x004da295,string
0x004da298,0x004da2ac,string
0x004da2ac,0x004da2b5,string
0x004da2b8,0x004da2c7,string
0x004da2c8,0x004da2d7,string
0x004da2d8,0x004da2ea,string
0x004da2ec,0x004da2f9,string
0x004da2fc,0x004da30f,string
0x004da310,0x004da31d,string
0x004da320,0x004da32c,string
0x004da32c,0x004da34d,string
0x004da350,0x004da376,string
0x004da378,0x004da383,string
0x004da384,0x004da395,string
0x004da3a7,0x004da3b4,string
0x004da3b8,0x004da3c3,string
0x004da3c4,0x004da3d6,string
0x004da3d8,0x004da3df,string
0x004da4b8,0x004da4c6,string
0x004da4c8,0x004da4dc,string
0x004da4dc,0x004da4e8,string
0x004da4e8,0x004da4f4,string
0x004da548,0x004da558,string
0x004da588,0x004da594,string
0x004da594,0x004da5ac,string
0x004da5ac,0x004da5c4,string
0x004da5c4,0x004da5d8,string
0x004da5d8,0x004da5e8,string
0x004da5e8,0x004da5f8,string
0x004da5f8,0x004da608,string
0x004da608,0x004da618,string
0x004da618,0x004da61c,string
0x004da61c,0x004da624,string
0x004da62c,0x004da634,string
0x004da658,0x004da660,string
0x004da660,0x004da66c,string
0x004da677,0x004da67d,string
0x004da680,0x004da688,string
0x004da688,0x004da694,string
0x004da694,0x004da69c,string
0x004da69c,0x004da6a2,string
0x004da6a4,0x004da6ae,string
0x004da6b0,0x004da6b7,string
0x004da6b8,0x004da6c0,string
0x004da6c0,0x004da6c7,string
0x004da6c8,0x004da6cf,string
0x004da6d0,0x004da6da,string
0x004da6dc,0x004da6e9,string
0x004da6ec,0x004da6f4,string
0x004da6f4,0x004da707,string
0x004da708,0x004da718,string
0x004da718,0x004da728,string
0x004da728,0x004da731,string
0x004da734,0x004da73a,string
0x004da73c,0x004da747,string
0x004da748,0x004da753,string
0x004da754,0x004da75f,string
0x004da760,0x004da76b,string
0x004da76c,0x004da777,string
0x004da778,0x004da780,string
0x004da780,0x004da78b,string
0x004da78c,0x004da795,string
0x004da798,0x004da7a1,string
0x004da7a4,0x004da7b0,string
0x004da7b0,0x004da7ba,string
0x004da7bc,0x004da7ca,string
0x004da7cc,0x004da7db,string
0x004da7dc,0x004da7ed,string
0x004da7f0,0x004da801,string
0x004da804,0x004da811,string
0x004da814,0x004da821,string
0x004da824,0x004da833,string
0x004da834,0x004da840,string
0x004da840,0x004da84f,string
0x004da850,0x004da85f,string
0x004da860,0x004da86c,string
0x004da86c,0x004da875,string
0x004da878,0x004da885,string
0x004da888,0x004da894,string
0x004da894,0x004da8a4,string
0x004da8a4,0x004da8b4,string
0x004da8b4,0x004da8bf,string
0x004da8c0,0x004da8cb,string
0x004da8cc,0x004da8d5,string
0x004da8d8,0x004da8e4,string
0x004da8e4,0x004da8f0,string
0x004da8f0,0x004da8fe,string
0x004da900,0x004da90e,string
0x004da910,0x004da922,string
0x004da924,0x004da931,string
0x004da934,0x004da93b,string
0x004da93c,0x004da94c,string
0x004da94c,0x004da95b,string
0x004da96c,0x004da979,string
0x004da980,0x004da98f,string
0x004da990,0x004da99c,string
0x004da9a4,0x004da9b4,string
0x004da9b4,0x004da9c0,string
0x004da9c0,0x004da9d1,string
0x004da9d4,0x004da9e5,string
0x004da9e8,0x004da9f9,string
0x004da9fc,0x004daa0d,string
0x004daa10,0x004daa1c,string
0x004daa1c,0x004daa2a,string
0x004daa2c,0x004daa38,string
0x004daa38,0x004daa45,string
0x004daa48,0x004daa55,string
0x004daa58,0x004daa68,string
0x004daa68,0x004daa76,string
0x004daa78,0x004daa87,string
0x004daa88,0x004daa98,string
0x004daa98,0x004daab4,string
0x004daab4,0x004daad3,string
0x004daad4,0x004daaf0,string
0x004daaf0,0x004dab09,string
0x004dab0c,0x004dab26,string
0x004dab28,0x004dab3d,string
0x004dab40,0x004dab58,string
0x004dab58,0x004dab75,string
0x004dab78,0x004dab89,string
0x004dab8c,0x004dab96,string
0x004dab98,0x004dabbf,string
0x004dabc0,0x004dabd3,string
0x004dabd4,0x004dabf2,string
0x004dabf4,0x004dabff,string
0x004dac00,0x004dac11,string
0x004dac14,0x004dac21,string
0x004dac24,0x004dac31,string
0x004dac34,0x004dac41,string
0x004dac44,0x004dac52,string
0x004dac54,0x004dac61,string
0x004dac64,0x004dac6c,string
0x004dac6c,0x004dac7b,string
0x004dac7c,0x004dac8a,string
0x004dac8c,0x004dac94,string
0x004dac94,0x004daca0,string
0x004daca0,0x004daca9,string
0x004dacac,0x004dacb9,string
0x004dacc0,0x004dacc6,string
0x004dacc8,0x004dacce,string
0x004dacd8,0x004dacdf,string
0x004dace0,0x004dace7,string
0x004dacec,0x004dacf5,string
0x004dacf8,0x004dad07,string
0x004dad0c,0x004dad12,string
0x004dad14,0x004dad1d,string
0x004dad20,0x004dad2a,string
0x004dad2c,0x004dad32,string
0x004dad34,0x004dad3b,string
0x004dad3c,0x004dad43,string
0x004dad44,0x004dad4b,string
0x004dad4c,0x004dad55,string
0x004dad58,0x004dad5e,string
0x004dad60,0x004dad69,string
0x004dad6c,0x004dad76,string
0x004dad78,0x004dad7f,string
0x004dad80,0x004dad87,string
0x004dad90,0x004dad98,string
0x004dad98,0x004dada8,string
0x004dada8,0x004dadb4,string
0x004dadb4,0x004dadba,string
0x004dadbc,0x004dadd6,string
0x004dadd8,0x004dadf4,string
0x004dadf4,0x004dae06,string
0x004dae0c,0x004dae12,string
0x004dae14,0x004dae1b,string
0x004dae20,0x004dae34,string
0x004dae34,0x004dae3d,string
0x004dae40,0x004dae48,string
0x004dae4c,0x004dae52,string
0x004dae54,0x004dae70,string
0x004dae70,0x004dae7a,string
0x004dae7c,0x004dae85,string
0x004dae88,0x004dae92,string
0x004dae94,0x004dae9d,string
0x004daea0,0x004daea8,string
0x004daea8,0x004daeb2,string
0x004daeb4,0x004daebc,string
0x004daebc,0x004daec5,string
0x004daec8,0x004daed0,string
0x004daed0,0x004daeda,string
0x004daedc,0x004daee8,string
0x004daee8,0x004daef3,string
0x004daef4,0x004daf01,string
0x004daf04,0x004daf20,string
0x004daf20,0x004daf52,string
0x004daf5c,0x004daf69,string
0x004daf6c,0x004daf77,string
0x004daf78,0x004daf82,string
0x004daf84,0x004daf94,string
0x004daf9c,0x004dafa8,string
0x004dafa8,0x004dafb7,string
0x004dafb8,0x004dafc4,string
0x004dafc4,0x004dafcc,string
0x004dafcc,0x004dafdc,string
0x004dafdc,0x004dafeb,string
0x004dafec,0x004daffc,string
0x004daffc,0x004db004,string
0x004db004,0x004db00c,string
0x004db00c,0x004db014,string
0x004db014,0x004db01b,string
0x004db01c,0x004db020,string
0x004db020,0x004db027,string
0x004db028,0x004db033,string
0x004db034,0x004db047,string
0x004db048,0x004db054,string
0x004db054,0x004db06c,string
0x004db06c,0x004db072,string
0x004db074,0x004db07b,string
0x004db07c,0x004db088,string
0x004db088,0x004db091,string
0x004db094,0x004db0a0,string
0x004db0a0,0x004db0ab,string
0x004db0ac,0x004db0c0,string
0x004db0c0,0x004db0cf,string
0x004db0d0,0x004db0de,string
0x004db0e0,0x004db0f1,string
0x004db0f4,0x004db107,string
0x004db108,0x004db118,string
0x004db118,0x004db128,string
0x004db128,0x004db137,string
0x004db138,0x004db14a,string
0x004db14c,0x004db15c,string
0x004db15c,0x004db171,string
0x004db174,0x004db19f,string
0x004db1a0,0x004db1d6,string
0x004db1d8,0x004db1e1,string
0x004db1e4,0x004db1f0,string
0x004db1f0,0x004db1fe,string
0x004db200,0x004db20d,string
0x004db210,0x004db21a,string
0x004db21c,0x004db230,string
0x004db230,0x004db250,string
0x004db250,0x004db25d,string
0x004db260,0x004db270,string
0x004db270,0x004db27b,string
0x004db27c,0x004db2ad,string
0x004db2b0,0x004db2b9,string
0x004db2bc,0x004db2eb,string
0x004db2ec,0x004db2f3,string
0x004db2f4,0x004db301,string
0x004db304,0x004db30d,string
0x004db310,0x004db34f,string
0x004db350,0x004db3ab,string
0x004db3ac,0x004db3b4,string
0x004db3bc,0x004db3c5,string
0x004db3c8,0x004db3d0,string
0x004db3d0,0x004db3d8,string
0x004db3d8,0x004db3e4,string
0x004db3e4,0x004db3ec,string
0x004db3ec,0x004db3f8,string
0x004db3f8,0x004db407,string
0x004db408,0x004db410,string
0x004db410,0x004db419,string
0x004db41c,0x004db425,string
0x004db428,0x004db42e,string
0x004db448,0x004db452,string
0x004db454,0x004db45e,string
0x004db460,0x004db469,string
0x004db46c,0x004db475,string
0x004db478,0x004db489,string
0x004db48c,0x004db496,string
0x004db498,0x004db4a2,string
0x004db4a4,0x004db4ab,string
0x004db4ac,0x004db4b4,string
0x004db4b4,0x004db4ba,string
0x004db4bc,0x004db4c6,string
0x004db4c8,0x004db4d3,string
0x004db4d4,0x004db4e4,string
0x004db4e4,0x004db4f4,string
0x004db4f4,0x004db500,string
0x004db500,0x004db50a,string
0x004db50c,0x004db516,string
0x004db518,0x004db51e,string
0x004db520,0x004db52f,string
0x004db530,0x004db53f,string
0x004db540,0x004db54b,string
0x004db54c,0x004db556,string
0x004db558,0x004db562,string
0x004db564,0x004db56a,string
0x004db56c,0x004db576,string
0x004db578,0x004db57f,string
0x004db588,0x004db594,string
0x004db594,0x004db5a1,string
0x004db5a4,0x004db5b0,string
0x004db5b0,0x004db5b6,string
0x004db5b8,0x004db5bf,string
0x004db5c0,0x004db5c4,string
0x004db5c4,0x004db5d4,string
0x004db5dc,0x004db5ec,string
0x004db5ec,0x004db5f4,string
0x004db5fc,0x004db604,string
0x004db604,0x004db60b,string
0x004db60c,0x004db615,string
0x004db618,0x004db625,string
0x004db628,0x004db638,string
0x004db638,0x004db648,string
0x004db648,0x004db652,string
0x004db65c,0x004db662,string
0x004db664,0x004db671,string
0x004db674,0x004db683,string
0x004db684,0x004db692,string
0x004db694,0x004db6a2,string
0x004db6a4,0x004db6af,string
0x004db6b0,0x004db6bc,string
0x004db6bc,0x004db6c9,string
0x004db6cc,0x004db6d7,string
0x004db6d8,0x004db6e6,string
0x004dbe6c,0x004dbe74,string
0x004dbe74,0x004dbe80,string
0x004dbe80,0x004dbe8c,string
0x004dbe8c,0x004dbe9c,string
0x004dbe9c,0x004dbea8,string
0x004dbea8,0x004dbebc,string
0x004dbebc,0x004dbec4,string
0x004dbec4,0x004dbed0,string
0x004dbed0,0x004dbed8,string
0x004dbed8,0x004dbef0,string
0x004dbef8,0x004dbf08,string
0x004dbf10,0x004dbf24,string
0x004dbf2c,0x004dbf40,string
0x004dbf48,0x004dbf5c,string
0x004dbf64,0x004dbf78,string
0x004dbf80,0x004dbf90,string
0x004dbf98,0x004dbfa8,string
0x004dbfb0,0x004dbfc0,string
0x004dbfc8,0x004dbfd8,string
0x004dbfe0,0x004dbff0,string
0x004dbff8,0x004dc008,string
0x004dc010,0x004dc020,string
0x004dc028,0x004dc038,string
0x004dc03a,0x004dc040,string
0x004dc040,0x004dc050,string
0x004dc058,0x004dc06c,string
0x004dc06c,0x004dc078,string
0x004dc078,0x004dc08c,string
0x004dc08c,0x004dc09c,string
0x004dc09c,0x004dc0ac,string
0x004dc0ac,0x004dc0c0,string
0x004dc0c0,0x004dc0d4,string
0x004dc0d4,0x004dc0e8,string
0x004dc0e8,0x004dc0f8,string
0x004dc0f8,0x004dc108,string
0x004dc108,0x004dc118,string
0x004dc118,0x004dc128,string
0x004dc128,0x004dc134,string
0x004dc134,0x004dc140,string
0x004dc140,0x004dc150,string
0x004dc150,0x004dc160,string
0x004dc163,0x004dc16b,string
0x004dc16c,0x004dc173,string
0x004dc174,0x004dc17a,string
0x004dc17c,0x004dc182,string
0x004dc184,0x004dc190,string
0x004dc190,0x004dc1af,string
0x004dc1b0,0x004dc1b7,string
0x004dc1b8,0x004dc1c3,string
0x004dc1c4,0x004dc1de,string
0x004dc1e0,0x004dc1eb,string
0x004dc1ec,0x004dc210,string
0x004dc218,0x004dc223,string
0x004dc224,0x004dc22b,string
0x004dc22c,0x004dc23d,string
0x004dc240,0x004dc251,string
0x004dc254,0x004dc260,string
0x004dc26c,0x004dc28b,string
0x004dc28c,0x004dc2d4,string
0x004dc2d4,0x004dc2e0,string
0x004dc2e0,0x004dc329,string
0x004dc32c,0x004dc334,string
0x004dc334,0x004dc345,string
0x004dc348,0x004dc359,string
0x004dc35c,0x004dc368,string
0x004dc368,0x004dc37d,string
0x004dc380,0x004dc386,string
0x004dc388,0x004dc394,string
0x004dc394,0x004dc39c,string
0x004dc39c,0x004dc3a4,string
0x004dc3a4,0x004dc3b0,string
0x004dc3b0,0x004dc3bf,string
0x004dc3c0,0x004dc3cd,string
0x004dc3d0,0x004dc3da,string
0x004dc3dc,0x004dc3e5,string
0x004dc3e8,0x004dc3f2,string
0x004dc3f4,0x004dc3fe,string
0x004dc400,0x004dc40b,string
0x004dc40c,0x004dc418,string
0x004dc418,0x004dc424,string
0x004dc424,0x004dc430,string
0x004dc430,0x004dc445,string
0x004dc448,0x004dc457,string
0x004dc458,0x004dc467,string
0x004dc468,0x004dc476,string
0x004dc478,0x004dc487,string
0x004dc488,0x004dc493,string
0x004dc494,0x004dc4a5,string
0x004dc4a8,0x004dc4b4,string
0x004dc4b4,0x004dc4bf,string
0x004dc4c0,0x004dc4ca,string
0x004dc4cc,0x004dc4d4,string
0x004dc4d4,0x004dc4df,string
0x004dc4e0,0x004dc4ed,string
0x004dc4f0,0x004dc4f7,string
0x004dc4f8,0x004dc502,string
0x004dc504,0x004dc50d,string
0x004dc510,0x004dc517,string
0x004dc520,0x004dc527,string
0x004dc528,0x004dc52c,string
0x004dc534,0x004dc538,string
0x004dc540,0x004dc54c,string
0x004dc54c,0x004dc55b,string
0x004dc55c,0x004dc56a,string
0x004dc56c,0x004dc57c,string
0x004dc57c,0x004dc58e,string
0x004dc590,0x004dc5a0,string
0x004dc5a0,0x004dc5ab,string
0x004dc5ac,0x004dc5d3,string
0x004dc5d4,0x004dc5f9,string
0x004dc5fc,0x004dc61f,string
0x004dc620,0x004dc627,string
0x004dc628,0x004dc62f,string
0x004dc630,0x004dc639,string
0x004dc63c,0x004dc645,string
0x004dc650,0x004dc659,string
0x004dc65c,0x004dc662,string
0x004dc664,0x004dc66c,string
0x004dc66c,0x004dc674,string
0x004dc674,0x004dc67c,string
0x004dc67c,0x004dc688,string
0x004dc688,0x004dc695,string
0x004dc698,0x004dc6be,string
0x004dc6c0,0x004dc6c7,string
0x004dc6d0,0x004dc6dc,string
0x004dc6dc,0x004dc6e8,string
0x004dc6e8,0x004dc6f0,string
0x004dc6f0,0x004dc6f8,string
0x004dc6f8,0x004dc6ff,string
0x004dc700,0x004dc70d,string
0x004dc710,0x004dc720,string
0x004dc728,0x004dc730,string
0x004dc730,0x004dc73c,string
0x004dc73c,0x004dc747,string
0x004dc748,0x004dc750,string
0x004dc750,0x004dc75e,string
0x004dc760,0x004dc76a,string
0x004dc76c,0x004dc773,string
0x004dc774,0x004dc77b,string
0x004dc77c,0x004dc789,string
0x004dc78c,0x004dc798,string
0x004dc7a0,0x004dc7a8,string
0x004dc7a8,0x004dc7b1,string
0x004dc7b4,0x004dc7bb,string
0x004dc7cc,0x004dc7d6,string
0x004dc7d8,0x004dc7e2,string
0x004dc7e4,0x004dc7ee,string
0x004dc7f0,0x004dc7fa,string
0x004dc7fc,0x004dc806,string
0x004dc808,0x004dc812,string
0x004dc814,0x004dc81e,string
0x004dc820,0x004dc82a,string
0x004dc82c,0x004dc838,string
0x004dc838,0x004dc842,string
0x004dc844,0x004dc84f,string
0x004dc850,0x004dc85c,string
0x004dc85c,0x004dc865,string
0x004dc868,0x004dc871,string
0x004dc874,0x004dc87f,string
0x004dc880,0x004dc88c,string
0x004dc88c,0x004dc896,string
0x004dc8a0,0x004dc8ac,string
0x004dc8ac,0x004dc8b6,string
0x004dc8b8,0x004dc8c5,string
0x004dc8c8,0x004dc8d5,string
0x004dc8d8,0x004dc8de,string
0x004dc8e0,0x004dc8ee,string
0x004dc8f0,0x004dc903,string
0x004dc904,0x004dc90d,string
0x004dc910,0x004dc919,string
0x004dc91c,0x004dc922,string
0x004dc924,0x004dc92e,string
0x004dc930,0x004dc939,string
0x004dc93c,0x004dc944,string
0x004dc948,0x004dc94c,string
0x004dc94c,0x004dc953,string
0x004dc954,0x004dc95a,string
0x004dc95c,0x004dc962,string
0x004dc9a6,0x004dc9bc,string
0x004dc9bc,0x004dc9d1,string
0x004dc9d4,0x004dc9ed,string
0x004dc9f0,0x004dca09,string
0x004dca0c,0x004dca18,string
0x004dca18,0x004dca3e,string
0x004dca40,0x004dca48,string
0x004dca48,0x004dca4c,string
0x004dca50,0x004dca58,string
0x004dca58,0x004dca5e,string
0x004dca60,0x004dca66,string
0x004dca68,0x004dca6e,string
0x004dca70,0x004dca79,string
0x004dca7c,0x004dca85,string
0x004dca90,0x004dca96,string
0x004dca98,0x004dca9e,string
0x004dcaa0,0x004dcaac,string
0x004dcaac,0x004dcaba,string
0x004dcac8,0x004dcad4,string
0x004dcad4,0x004dcadf,string
0x004dcae0,0x004dcaef,string
0x004dcaf0,0x004dcaf7,string
0x004dcaf8,0x004dcaff,string
0x004dcb00,0x004dcb23,string
0x004dcb24,0x004dcb49,string
0x004dcb4c,0x004dcb59,string
0x004dcb5c,0x004dcb70,string
0x004dcb70,0x004dcb74,string
0x004dcb74,0x004dcb87,string
0x004dcb8c,0x004dcb9b,string
0x004dcb9c,0x004dcbbe,string
0x004dcbc0,0x004dcbd0,string
0x004dcbd0,0x004dcbd8,string
0x004dcbd8,0x004dcbde,string
0x004dcbe0,0x004dcbe8,string
0x004dcbe8,0x004dcbf9,string
0x004dcbfc,0x004dcc39,string
0x004dcc3c,0x004dcc74,string
0x004dcc78,0x004dcc87,string
0x004dcc88,0x004dcc8f,string
0x004dcc90,0x004dcca6,string
0x004dcca8,0x004dccb0,string
0x004dccb0,0x004dccbb,string
0x004dccbc,0x004dccc8,string
0x004dccc8,0x004dccdb,string
0x004dccdc,0x004dccef,string
0x004dccf0,0x004dccfe,string
0x004dcd00,0x004dcd1e,string
0x004dcd20,0x004dcd27,string
0x004dcd28,0x004dcd33,string
0x004dcd34,0x004dcd3f,string
0x004dcd40,0x004dcd4b,string
0x004dcd4c,0x004dcd53,string
0x004dcd54,0x004dcd5b,string
0x004dcd5c,0x004dcd6a,string
0x004dcd70,0x004dcd88,string
0x004dcfb4,0x004dcfbc,string
0x004dcfbc,0x004dcfc6,string
0x004dcfc8,0x004dcfcc,string
0x004dcfcc,0x004dcfd2,string
0x004dcfd4,0x004dcfe3,string
0x004dcfe4,0x004dcfec,string
0x004dcfec,0x004dcff5,string
0x004dd000,0x004dd00b,string
0x004dd00c,0x004dd01a,string
0x004dd01c,0x004dd02a,string
0x004dd02c,0x004dd03d,string
0x004dd048,0x004dd059,string
0x004dd05c,0x004dd06a,string
0x004dd06c,0x004dd077,string
0x004dd078,0x004dd087,string
0x004dd090,0x004dd09a,string
0x004dd09c,0x004dd0a5,string
0x004dd0a8,0x004dd0b0,string
0x004dd0b0,0x004dd0bc,string
0x004dd0bc,0x004dd0c6,string
0x004dd0c8,0x004dd0d3,string
0x004dd0d4,0x004dd0e4,string
0x004dd0e4,0x004dd0f4,string
0x004dd0f4,0x004dd0ff,string
0x004dd10c,0x004dd113,string
0x004dd114,0x004dd118,string
0x004dd118,0x004dd127,string
0x004dd128,0x004dd12f,string
0x004dd130,0x004dd13a,string
0x004dd13c,0x004dd149,string
0x004dd14c,0x004dd158,string
0x004dd158,0x004dd167,string
0x004dd168,0x004dd178,string
0x004dd178,0x004dd17f,string
0x004dd180,0x004dd18b,string
0x004dd18c,0x004dd192,string
0x004dd194,0x004dd19b,string
0x004dd19c,0x004dd1bb,string
0x004dd1c8,0x004dd1d3,string
0x004dd1dc,0x004dd1e2,string
0x004dd1ec,0x004dd1f5,string
0x004dd200,0x004dd207,string
0x004dd208,0x004dd20f,string
0x004dd210,0x004dd217,string
0x004dd218,0x004dd222,string
0x004dd224,0x004dd231,string
0x004dd234,0x004dd242,string
0x004dd244,0x004dd24a,string
0x004dd250,0x004dd25c,string
0x004dd25c,0x004dd26f,string
0x004dd270,0x004dd27a,string
0x004dd298,0x004dd2d7,string
0x004dd2dc,0x004dd2fd,string
0x004dd300,0x004dd30c,string
0x004dd310,0x004dd316,string
0x004dd318,0x004dd32e,string
0x004dd330,0x004dd343,string
0x004dd344,0x004dd35c,string
0x004dd35c,0x004dd375,string
0x004dd378,0x004dd38d,string
0x004dd390,0x004dd3a6,string
0x004dd3a8,0x004dd3b7,string
0x004dd3b8,0x004dd3d1,string
0x004dd3d4,0x004dd3e7,string
0x004dd3e8,0x004dd3f9,string
0x004dd400,0x004dd412,string
0x004dd414,0x004dd424,string
0x004dd424,0x004dd432,string
0x004dd434,0x004dd440,string
0x004dd440,0x004dd44a,string
0x004dd44c,0x004dd454,string
0x004dd454,0x004dd45a,string
0x004dd468,0x004dd481,string
0x004dd484,0x004dd48a,string
0x004dd48c,0x004dd496,string
0x004dd498,0x004dd49e,string
0x004dd4a0,0x004dd4b4,string
0x004dd4b4,0x004dd4e2,string
0x004dd4e4,0x004dd4f2,string
0x004dd4f4,0x004dd505,string
0x004dd508,0x004dd51d,string
0x004dd520,0x004dd52e,string
0x004dd530,0x004dd53f,string
0x004dd540,0x004dd54f,string
0x004dd550,0x004dd55f,string
0x004dd560,0x004dd56f,string
0x004dd570,0x004dd57f,string
0x004dd580,0x004dd58f,string
0x004dd590,0x004dd59f,string
0x004dd5a0,0x004dd5af,string
0x004dd5b8,0x004dd5cc,char[20]
0x004dd5d8,0x004dd5f0,char[24]
0x004dd5f8,0x004dd610,char[24]
0x004dd610,0x004dd639,string
0x004dd63c,0x004dd64a,string
0x004dd64c,0x004dd657,string
0x004dd658,0x004dd675,string
0x004dd678,0x004dd68a,string
0x004dd68c,0x004dd6cb,string
0x004dd6cc,0x004dd705,string
0x004dd708,0x004dd724,string
0x004dd724,0x004dd757,string
0x004dd758,0x004dd77d,string
0x004dd780,0x004dd7b1,string
0x004dd7b4,0x004dd7e8,string
0x004dd7e8,0x004dd808,string
0x004dd808,0x004dd839,string
0x004dd83c,0x004dd85f,string
0x004dd860,0x004dd87e,string
0x004dd880,0x004dd88e,string
0x004dd890,0x004dd8cc,string
0x004dd8cc,0x004dd8d9,string
0x004dd8dc,0x004dd8e8,string
0x004dd8e8,0x004dd8ee,string
0x004dd8f0,0x004dd903,string
0x004dd904,0x004dd90c,string
0x004dd910,0x004dd949,string
0x004dd94c,0x004dd970,string
0x004dd970,0x004dd995,string
0x004dd998,0x004dd9ba,string
0x004dd9bc,0x004dd9d4,string
0x004dd9d4,0x004dd9e7,string
0x004dd9e8,0x004dda0b,string
0x004dda0c,0x004dda35,string
0x004dda38,0x004dda4a,string
0x004dda4c,0x004dda7e,string
0x004dda80,0x004ddace,string
0x004ddad0,0x004ddafd,string
0x004ddb00,0x004ddb3f,string
0x004ddb40,0x004ddb95,string
0x004ddb98,0x004ddbc9,string
0x004ddbcc,0x004ddc17,string
0x004ddc18,0x004ddc35,string
0x004ddc38,0x004ddc87,string
0x004ddc88,0x004ddccc,string
0x004ddccc,0x004ddd09,string
0x004ddd44,0x004ddd68,string
0x004ddd68,0x004ddd92,string
0x004ddd94,0x004dddba,string
0x004dddbc,0x004dddf3,string
0x004dddf4,0x004dde1a,string
0x004dde1c,0x004dde4b,string
0x004dde4c,0x004dde9f,string
0x004ddea0,0x004ddeac,string
0x004ddeac,0x004dded2,string
0x004ddf78,0x004ddf8a,string
0x004ddf8c,0x004ddfcd,string
0x004ddfd0,0x004ddff2,string
0x004ddff4,0x004de025,string
0x004de028,0x004de061,string
0x004de064,0x004de0be,string
0x004de0c0,0x004de0e2,string
0x004de0e4,0x004de10f,string
0x004de110,0x004de134,string
0x004de134,0x004de184,string
0x004de184,0x004de1cd,string
0x004de1d0,0x004de213,string
0x004de214,0x004de239,string
0x004de23c,0x004de297,string
0x004de298,0x004de2bf,string
0x004de2c0,0x004de30d,string
0x004de310,0x004de382,string
0x004de384,0x004de3e8,string
0x004de3e8,0x004de45a,string
0x004de45c,0x004de4c0,string
0x004de4d0,0x004de4f6,string
0x004de4f8,0x004de52f,string
0x004de530,0x004de538,string
0x004de538,0x004de58a,string
0x004de58c,0x004de5eb,string
0x004de5ec,0x004de655,string
0x004de658,0x004de68a,string
0x004de68c,0x004de6d6,string
0x004de6d8,0x004de730,string
0x004de730,0x004de78c,string
0x004de78c,0x004de7e2,string
0x004de7e4,0x004de83d,string
0x004de840,0x004de897,string
0x004de898,0x004de8f0,string
0x004de8f0,0x004de94f,string
0x004de950,0x004de9ad,string
0x004de9b0,0x004dea11,string
0x004dea14,0x004dea6b,string
0x004dea6c,0x004deac8,string
0x004deac8,0x004deae6,string
0x004deae8,0x004deb11,string
0x004deb14,0x004deb48,string
0x004deb48,0x004deb7c,string
0x004deb7c,0x004debb6,string
0x004debb8,0x004debf3,string
0x004debf4,0x004dec2d,string
0x004dec30,0x004dec5f,string
0x004dec60,0x004dec85,string
0x004dec88,0x004decac,string
0x004decac,0x004deccf,string
0x004decd0,0x004ded16,string
0x004ded18,0x004ded3b,string
0x004ded3c,0x004ded82,string
0x004ded84,0x004dedcf,string
0x004dedd0,0x004dedf5,string
0x004dedf8,0x004dee19,string
0x004dee1c,0x004dee41,string
0x004dee44,0x004dee5d,string
0x004dee60,0x004dee89,string
0x004dee8c,0x004deeab,string
0x004deeac,0x004deecc,string
0x004deecc,0x004deeed,string
0x004deef0,0x004def10,string
0x004def10,0x004def2f,string
0x004def30,0x004def4d,string
0x004def50,0x004def72,string
0x004def74,0x004defc0,string
0x004defc0,0x004defdf,string
0x004defe0,0x004df011,string
0x004df014,0x004df04c,string
0x004df04c,0x004df06d,string
0x004df070,0x004df0a7,string
0x004df0a8,0x004df0c7,string
0x004df0c8,0x004df0f1,string
0x004df0f4,0x004df13f,string
0x004df140,0x004df15f,string
0x004df160,0x004df180,string
0x004df180,0x004df1a1,string
0x004df1a4,0x004df1c4,string
0x004df1c4,0x004df1e3,string
0x004df1e4,0x004df201,string
0x004df204,0x004df226,string
0x004df228,0x004df247,string
0x004df248,0x004df279,string
0x004df27c,0x004df29d,string
0x004df2a0,0x004df2bf,string
0x004df2c0,0x004df2e2,string
0x004df2e4,0x004df307,string
0x004df308,0x004df32a,string
0x004df32c,0x004df367,string
0x004df368,0x004df3a0,string
0x004df3a0,0x004df3c1,string
0x004df3c8,0x004df3d2,string
0x004df3d4,0x004df3f4,string
0x004df3f4,0x004df3ff,string
0x004df400,0x004df40d,string
0x004df410,0x004df41d,string
0x004df420,0x004df430,string
0x004df430,0x004df437,string
0x004df438,0x004df43e,string
0x004df440,0x004df446,string
0x004df448,0x004df44f,string
0x004df450,0x004df457,string
0x004df458,0x004df47c,string
0x004df47c,0x004df489,string
0x004df48c,0x004df4b8,string
0x004df4b8,0x004df4e0,string
0x004df4e0,0x004df512,string
0x004df514,0x004df53f,string
0x004df540,0x004df56d,string
0x004df570,0x004df59c,string
0x004df59c,0x004df5ac,string
0x004df5ac,0x004df5da,string
0x004df5dc,0x004df603,string
0x004df604,0x004df632,string
0x004df634,0x004df65c,string
0x004df65c,0x004df665,string
0x004df668,0x004df670,string
0x004df674,0x004df6a0,string
0x004df6a0,0x004df6c8,string
0x004df6c8,0x004df6ec,string
0x004df6ec,0x004df71e,string
0x004df720,0x004df724,string
0x004df740,0x004df74c,string
0x004df74c,0x004df75b,string
0x004df75c,0x004df789,string
0x004df78c,0x004df7b1,string
0x004df7b4,0x004df7da,string
0x004df7dc,0x004df802,string
0x004df804,0x004df80a,string
0x004df80c,0x004df819,string
0x004df820,0x004df86e,string
0x004df870,0x004df89a,string
0x004df89c,0x004df8d1,string
0x004df8d4,0x004df8ff,string
0x004df900,0x004df908,string
0x004df908,0x004df90e,string
0x004df910,0x004df939,string
0x004df93c,0x004df967,string
0x004df970,0x004df98b,string
0x004df98c,0x004df9b4,string
0x004df9bc,0x004df9cb,string
0x004df9cc,0x004df9e0,string
0x004df9e0,0x004dfa04,string
0x004dfa04,0x004dfa12,string
0x004dfa14,0x004dfa39,string
0x004dfa3c,0x004dfa58,string
0x004dfa58,0x004dfa85,string
0x004dfa88,0x004dfaa6,string
0x004dfaa8,0x004dfab8,string
0x004dfab8,0x004dfac4,string
0x004dfac4,0x004dfacd,string
0x004dfad8,0x004dfaea,string
0x004dfaf4,0x004dfb1a,string
0x004dfb1c,0x004dfb26,string
0x004dfb28,0x004dfb4e,string
0x004dfb50,0x004dfb64,string
0x004dfb64,0x004dfb93,string
0x004dfb94,0x004dfba0,string
0x004dfbb8,0x004dfbc0,string
0x004dfbc0,0x004dfbc8,string
0x004dfbc8,0x004dfbd0,string
0x004dfbe0,0x004dfbec,string
0x004dfbec,0x004dfbf8,string
0x004dfbf8,0x004dfc04,string
0x004dfc04,0x004dfc0f,string
0x004dfc10,0x004dfc19,string
0x004dfc1c,0x004dfc44,string
0x004dfc44,0x004dfc6d,string
0x004dfc70,0x004dfc74,string
0x004dfc74,0x004dfc9c,string
0x004dfc9c,0x004dfcb8,string
0x004dfcb8,0x004dfccf,string
0x004dfcd0,0x004dfcec,string
0x004dfcec,0x004dfd01,string
0x004dfd04,0x004dfd21,string
0x004dfd24,0x004dfd46,string
0x004dfd48,0x004dfd65,string
0x004dfd68,0x004dfd8a,string
0x004dfd8c,0x004dfdaf,string
0x004dfdb0,0x004dfdcd,string
0x004dff14,0x004dff3b,string
0x004dff3c,0x004dff6a,string
0x004dff6c,0x004dff93,string
0x004dff94,0x004dffc7,string
0x004dffc8,0x004dfff8,string
0x004dfff8,0x004e0028,string
0x004e0028,0x004e0054,string
0x004e0054,0x004e006b,string
0x004e006c,0x004e00a4,string
0x004e00a4,0x004e00b6,string
0x004e00b8,0x004e00ce,string
0x004e00d0,0x004e0107,string
0x004e0108,0x004e013a,string
0x004e013c,0x004e0156,string
0x004e0158,0x004e0182,string
0x004e0184,0x004e01bb,string
0x004e01bc,0x004e01de,string
0x004e01e0,0x004e01f9,string
0x004e01fc,0x004e0216,string
0x004e0218,0x004e0247,string
0x004e0248,0x004e0276,string
0x004e0278,0x004e0288,string
0x004e0288,0x004e02bd,string
0x004e02c0,0x004e02ee,string
0x004e02f0,0x004e031e,string
0x004e0320,0x004e034a,string
0x004e034c,0x004e0379,string
0x004e037c,0x004e03ae,string
0x004e03b0,0x004e03e0,string
0x004e03e0,0x004e0409,string
0x004e040c,0x004e0456,string
0x004e0458,0x004e048a,string
0x004e048c,0x004e04bf,string
0x004e04c0,0x004e04e3,string
0x004e04e4,0x004e050a,string
0x004e050c,0x004e0536,string
0x004e0538,0x004e0569,string
0x004e056c,0x004e05a0,string
0x004e05a0,0x004e05c2,string
0x004e05c4,0x004e05e6,string
0x004e05e8,0x004e060a,string
0x004e060c,0x004e062e,string
0x004e0630,0x004e065e,string
0x004e0720,0x004e0730,string
0x004e0740,0x004e076c,string
0x004e076c,0x004e078d,string
0x004e0790,0x004e07bc,string
0x004e07bc,0x004e07e6,string
0x004e07e8,0x004e07ec,string
0x004e07ed,0x004e07f6,string
0x004e07f8,0x004e07fe,string
0x004e0800,0x004e0808,string
0x004e0808,0x004e0817,string
0x004e0818,0x004e081f,string
0x004e0820,0x004e0827,string
0x004e0828,0x004e082f,string
0x004e0830,0x004e0837,string
0x004e0838,0x004e0841,string
0x004e0844,0x004e084c,string
0x004e0854,0x004e0878,string
0x004e0878,0x004e0886,string
0x004e0888,0x004e089d,string
0x004e08a0,0x004e08ca,string
0x004e08cc,0x004e08f3,string
0x004e0904,0x004e090b,string
0x004e090c,0x004e0913,string
0x004e091c,0x004e0922,string
0x004e093c,0x004e0943,string
0x004e0944,0x004e094b,string
0x004e0960,0x004e0968,string
0x004e0970,0x004e0976,string
0x004e0984,0x004e098a,string
0x004e098c,0x004e0992,string
0x004e0994,0x004e099b,string
0x004e099c,0x004e09a8,string
0x004e09a8,0x004e09b1,string
0x004e09b4,0x004e09c0,string
0x004e09c0,0x004e09ca,string
0x004e09d0,0x004e09d6,string
0x004e09d8,0x004e09e2,string
0x004e09e4,0x004e09ea,string
0x004e09f0,0x004e09fb,string
0x004e09fc,0x004e0a09,string
0x004e0a0c,0x004e0a10,string
0x004e0a10,0x004e0a1a,string
0x004e0a1c,0x004e0a24,string
0x004e0a40,0x004e0a48,string
0x004e0a48,0x004e0a50,string
0x004e0a50,0x004e0a58,string
0x004e0a58,0x004e0a60,string
0x004e0a60,0x004e0a68,string
0x004e0a6c,0x004e0a74,string
0x004e0a74,0x004e0a7c,string
0x004e0a7c,0x004e0a84,string
0x004e0a84,0x004e0a8d,string
0x004e0a90,0x004e0a98,string
0x004e0a98,0x004e0aa0,string
0x004e0aa0,0x004e0aa8,string
0x004e0aa8,0x004e0aaf,string
0x004e0ab0,0x004e0ab8,string
0x004e0ae0,0x004e0ae8,string
0x004e0ae8,0x004e0aee,string
0x004e0af0,0x004e0af6,string
0x004e0af8,0x004e0b01,string
0x004e0b04,0x004e0b0b,string
0x004e0b0c,0x004e0b12,string
0x004e0b14,0x004e0b1b,string
0x004e0b1c,0x004e0b22,string
0x004e0b40,0x004e0b4a,string
0x004e0b4c,0x004e0b53,string
0x004e0b54,0x004e0b5a,string
0x004e0b5c,0x004e0b67,string
0x004e0b68,0x004e0b72,string
0x004e0b98,0x004e0ba1,string
0x004e0ba4,0x004e0bab,string
0x004e0bac,0x004e0bb5,string
0x004e0bb8,0x004e0bc1,string
0x004e0bf0,0x004e0bf7,string
0x004e0bf8,0x004e0bfe,string
0x004e0c1c,0x004e0c23,string
0x004e0c24,0x004e0c2d,string
0x004e0c30,0x004e0c39,string
0x004e0c3c,0x004e0c45,string
0x004e0c48,0x004e0c51,string
0x004e0c54,0x004e0c5d,string
0x004e0c60,0x004e0c69,string
0x004e0c6c,0x004e0c75,string
0x004e0c78,0x004e0c81,string
0x004e0c84,0x004e0c8b,string
0x004e0c8c,0x004e0c92,string
0x004e0c9c,0x004e0cc4,string
0x004e0cc4,0x004e0cdc,string
0x004e0cdc,0x004e0cf5,string
0x004e0cf8,0x004e0d15,string
0x004e0d18,0x004e0d34,string
0x004e0d34,0x004e0d43,string
0x004e0d44,0x004e0d57,string
0x004e0d58,0x004e0d6b,string
0x004e0d6c,0x004e0d7c,string
0x004e0d7c,0x004e0d91,string
0x004e0d94,0x004e0da6,string
0x004e0da8,0x004e0dba,string
0x004e0dbc,0x004e0dcb,string
0x004e0dcc,0x004e0de1,string
0x004e0de4,0x004e0df7,string
0x004e0df8,0x004e0e0c,string
0x004e0e0c,0x004e0e1e,string
0x004e0e20,0x004e0e32,string
0x004e0e34,0x004e0e42,string
0x004e0e90,0x004e0e98,string
0x004e0ea8,0x004e0ed3,string
0x004e0ed4,0x004e0efa,string
0x004e0efc,0x004e0f26,string
0x004e0f28,0x004e0f4f,string
0x004e0f50,0x004e0f8a,string
0x004e0f8c,0x004e0fbf,string
0x004e1178,0x004e1182,string
0x004e1184,0x004e118d,string
0x004e1190,0x004e1196,string
0x004e1198,0x004e11a0,string
0x004e11a0,0x004e11c7,string
0x004e11c8,0x004e11e7,string
0x004e11e8,0x004e1219,string
0x004e121c,0x004e1246,string
0x004e1248,0x004e1281,string
0x004e1284,0x004e12bf,string
0x004e12c0,0x004e12ed,string
0x004e12f0,0x004e1319,string
0x004e131c,0x004e1346,string
0x004e1348,0x004e1386,string
0x004e13a0,0x004e13c8,string
0x004e13c8,0x004e13e6,string
0x004e13e8,0x004e1411,string
0x004e1414,0x004e1444,string
0x004e1444,0x004e147d,string
0x004e1480,0x004e14b9,string
0x004e14bc,0x004e14ee,string
0x004e14f0,0x004e151c,string
0x004e151c,0x004e154a,string
0x004e154c,0x004e157b,string
0x004e157c,0x004e15ac,string
0x004e15ac,0x004e15d5,string
0x004e15d8,0x004e1604,string
0x004e1604,0x004e162c,string
0x004e162c,0x004e165b,string
0x004e165c,0x004e168b,string
0x004e168c,0x004e16b9,string
0x004e16bc,0x004e16fe,string
0x004e1700,0x004e1741,string
0x004e1744,0x004e1772,string
0x004e1774,0x004e17af,string
0x004e17b0,0x004e17f6,string
0x004e17f8,0x004e1820,string
0x004e1820,0x004e184c,string
0x004e184c,0x004e185c,string
0x004e1860,0x004e188c,string
0x004e188c,0x004e18a5,string
0x004e18a8,0x004e18ae,string
0x004e18b0,0x004e18b7,string
0x004e18b8,0x004e18da,string
0x004e18dc,0x004e1900,string
0x004e1900,0x004e1912,string
0x004e1914,0x004e1921,string
0x004e1924,0x004e193d,string
0x004e1940,0x004e1952,string
0x004e1954,0x004e1974,string
0x004e1974,0x004e1991,string
0x004e1994,0x004e19b0,string
0x004e19b0,0x004e19c6,string
0x004e19c8,0x004e19d8,string
0x004e19d8,0x004e19e9,string
0x004e19ec,0x004e19fd,string
0x004e1a00,0x004e1a17,string
0x004e1a18,0x004e1a2d,string
0x004e1a30,0x004e1a45,string
0x004e1a48,0x004e1a56,string
0x004e1a58,0x004e1a6d,string
0x004e1a70,0x004e1a7e,string
0x004e1a80,0x004e1a95,string
0x004e1a98,0x004e1aa6,string
0x004e1aa8,0x004e1abc,string
0x004e1abc,0x004e1ad6,string
0x004e1ad8,0x004e1aed,string
0x004e1af0,0x004e1b06,string
0x004e1b08,0x004e1b2e,string
0x004e1b30,0x004e1b51,string
0x004e1b54,0x004e1b71,string
0x004e1b74,0x004e1b8e,string
0x004e1b90,0x004e1b97,string
0x004e1b98,0x004e1bc6,string
0x004e1bc8,0x004e1bec,string
0x004e1bec,0x004e1c05,string
0x004e1c08,0x004e1c20,string
0x004e1c20,0x004e1c35,string
0x004e1c38,0x004e1c46,string
0x004e1c48,0x004e1c66,string
0x004e1c68,0x004e1c7b,string
0x004e1c7c,0x004e1c8e,string
0x004e1c90,0x004e1ca3,string
0x004e1ca4,0x004e1cc1,string
0x004e1cc4,0x004e1ce2,string
0x004e1ce4,0x004e1cf5,string
0x004e1cf8,0x004e1d0f,string
0x004e1d10,0x004e1d23,string
0x004e1d24,0x004e1d3f,string
0x004e1d40,0x004e1d51,string
0x004e1d54,0x004e1d6d,string
0x004e1d70,0x004e1d88,string
0x004e1d88,0x004e1d9c,string
0x004e1d9c,0x004e1db4,string
0x004e1db4,0x004e1dc9,string
0x004e1dcc,0x004e1de2,string
0x004e1de4,0x004e1df7,string
0x004e1df8,0x004e1e0d,string
0x004e1e10,0x004e1e25,string
0x004e1e28,0x004e1e39,string
0x004e1e3c,0x004e1e4f,string
0x004e1e50,0x004e1e65,string
0x004e1e68,0x004e1e7a,string
0x004e1e7c,0x004e1e8e,string
0x004e1e90,0x004e1ea9,string
0x004e1eac,0x004e1ebd,string
0x004e1ec0,0x004e1ecb,string
0x004e1ecc,0x004e1ede,string
0x004e1ee0,0x004e1eee,string
0x004e1ef0,0x004e1f01,string
0x004e1f04,0x004e1f15,string
0x004e1f18,0x004e1f28,string
0x004e1f28,0x004e1f40,string
0x004e1f40,0x004e1f52,string
0x004e1f54,0x004e1f67,string
0x004e1f68,0x004e1f75,string
0x004e1f78,0x004e1f8b,string
0x004e1f8c,0x004e1fa0,string
0x004e1fa0,0x004e1fb4,string
0x004e1fb4,0x004e1fc7,string
0x004e1fc8,0x004e1fd8,string
0x004e1fd8,0x004e1ff2,string
0x004e1ff4,0x004e200c,string
0x004e200c,0x004e2023,string
0x004e2024,0x004e203b,string
0x004e203c,0x004e2050,string
0x004e2050,0x004e2065,string
0x004e2068,0x004e207c,string
0x004e207c,0x004e208f,string
0x004e2090,0x004e20a9,string
0x004e20ac,0x004e20c0,string
0x004e20c0,0x004e20d2,string
0x004e20d4,0x004e20e2,string
0x004e20e4,0x004e20f6,string
0x004e20f8,0x004e2106,string
0x004e2108,0x004e210c,string
0x004e2118,0x004e2140,string
0x004e2140,0x004e2167,string
0x004e2168,0x004e2191,string
0x004e2194,0x004e21c0,string
0x004e21c0,0x004e21ea,string
0x004e2206,0x004e2234,string
0x004e2238,0x004e2244,string
0x004e2244,0x004e2250,string
0x004e2250,0x004e225c,string
0x004e225c,0x004e2285,string
0x004e2288,0x004e228f,string
0x004e2290,0x004e22b9,string
0x004e22bc,0x004e22dc,string
0x004e22dc,0x004e22e9,string
0x004e22f4,0x004e2303,string
0x004e2304,0x004e230f,string
0x004e2310,0x004e231a,string
0x004e2320,0x004e2328,string
0x004e2328,0x004e232f,string
0x004e2330,0x004e2336,string
0x004e2338,0x004e2342,string
0x004e2344,0x004e234d,string
0x004e2350,0x004e235a,string
0x004e235c,0x004e2363,string
0x004e2368,0x004e23a4,string
0x004e23a4,0x004e23d7,string
0x004e23d8,0x004e23ed,string
0x004e23f0,0x004e2417,string
0x004e2418,0x004e2420,string
0x004e2426,0x004e2450,string
0x004e2450,0x004e247b,string
0x004e247c,0x004e249f,string
0x004e24a0,0x004e24b7,string
0x004e24b8,0x004e24c7,string
0x004e24c8,0x004e24ed,string
0x004e24f0,0x004e250d,string
0x004e2510,0x004e2532,string
0x004e2534,0x004e254d,string
0x004e2550,0x004e256e,string
0x004e2570,0x004e258e,string
0x004e2590,0x004e25c0,string
0x004e25c0,0x004e25e3,string
0x004e25e4,0x004e2612,string
0x004e2614,0x004e2644,string
0x004e2644,0x004e265c,string
0x004e265c,0x004e267f,string
0x004e2680,0x004e26ae,string
0x004e26b0,0x004e26db,string
0x004e26dc,0x004e26f4,string
0x004e26f4,0x004e2719,string
0x004e271c,0x004e273f,string
0x004e2740,0x004e275c,string
0x004e275c,0x004e277f,string
0x004e2780,0x004e27a2,string
0x004e27a4,0x004e27c5,string
0x004e27c8,0x004e27e9,string
0x004e27ec,0x004e2818,string
0x004e2818,0x004e283a,string
0x004e283c,0x004e285f,string
0x004e2860,0x004e2880,string
0x004e2880,0x004e2899,string
0x004e289c,0x004e28b8,string
0x004e28b8,0x004e28d6,string
0x004e28d8,0x004e2900,string
0x004e2900,0x004e291a,string
0x004e291c,0x004e294e,string
0x004e2950,0x004e2979,string
0x004e297c,0x004e29a3,string
0x004e29a4,0x004e29bb,string
0x004e29bc,0x004e29da,string
0x004e29dc,0x004e29f8,string
0x004e29f8,0x004e2a1c,string
0x004e2a1c,0x004e2a40,string
0x004e2a40,0x004e2a57,string
0x004e2a58,0x004e2a6f,string
0x004e2a70,0x004e2a8c,string
0x004e2a8c,0x004e2aa4,string
0x004e2aa4,0x004e2ac3,string
0x004e2ac4,0x004e2ae4,string
0x004e2ae4,0x004e2b02,string
0x004e2b04,0x004e2b28,string
0x004e2b28,0x004e2b4d,string
0x004e2b50,0x004e2b6c,string
0x004e2b6c,0x004e2b89,string
0x004e2b8c,0x004e2ba8,string
0x004e2ba8,0x004e2bc5,string
0x004e2bc8,0x004e2bec,string
0x004e2bec,0x004e2c0e,string
0x004e2c10,0x004e2c3a,string
0x004e2c3c,0x004e2c64,string
0x004e2c64,0x004e2c81,string
0x004e2c84,0x004e2c9b,string
0x004e2c9c,0x004e2cad,string
0x004e2cb0,0x004e2cc6,string
0x004e2cc8,0x004e2ce1,string
0x004e2ce4,0x004e2cf3,string
0x004e2cf4,0x004e2d04,string
0x004e2d04,0x004e2d1a,string
0x004e2d1c,0x004e2d2e,string
0x004e2d30,0x004e2d45,string
0x004e2d48,0x004e2d58,string
0x004e2d58,0x004e2d6b,string
0x004e2d6c,0x004e2d7e,string
0x004e2d80,0x004e2d94,string
0x004e2d94,0x004e2da2,string
0x004e2da4,0x004e2db6,string
0x004e2db8,0x004e2de2,string
0x004e2dec,0x004e2df8,string
0x004e2df8,0x004e2e20,string
0x004e2e20,0x004e2e53,string
0x004e2e54,0x004e2e64,string
0x004e2e64,0x004e2e99,string
0x004e2e9c,0x004e2eb0,string
0x004e2eb0,0x004e2ee0,string
0x004e2ee0,0x004e2ef0,string
0x004e2ef0,0x004e2f1a,string
0x004e2f24,0x004e2f52,string
0x004e2f54,0x004e2f60,string
0x004e2f60,0x004e2f8e,string
0x004e2f90,0x004e2f9c,string
0x004e2fbb,0x004e2fc8,string
0x004e2fd0,0x004e2fe2,string
0x004e2fe4,0x004e2ff0,string
0x004e2ff8,0x004e3002,string
0x004e3008,0x004e3010,string
0x004e3010,0x004e3037,string
0x004e3038,0x004e3051,string
0x004e3054,0x004e307b,string
0x004e307c,0x004e3084,string
0x004e3084,0x004e309d,string
0x004e30a0,0x004e30c7,string
0x004e30c8,0x004e30e2,string
0x004e30e8,0x004e310d,string
0x004e3110,0x004e312a,string
0x004e312c,0x004e314c,string
0x004e3154,0x004e3188,string
0x004e3188,0x004e319f,string
0x004e31a0,0x004e31b4,string
0x004e31b4,0x004e31d0,string
0x004e31d0,0x004e31d9,string
0x004e31dc,0x004e3208,string
0x004e3208,0x004e3239,string
0x004e323c,0x004e3267,string
0x004e3268,0x004e3299,string
0x004e329c,0x004e32ac,string
0x004e32ac,0x004e32b2,string
0x004e3374,0x004e339c,string
0x004e339c,0x004e33e5,string
0x004e33e8,0x004e3437,string
0x004e3438,0x004e3474,string
0x004e3474,0x004e34c0,string
0x004e34c0,0x004e34ea,string
0x004e34ec,0x004e3519,string
0x004e351c,0x004e354a,string
0x004e354c,0x004e3569,string
0x004e356c,0x004e3586,string
0x004e3588,0x004e35a2,string
0x004e35a4,0x004e35ba,string
0x004e35bc,0x004e35d4,string
0x004e35d4,0x004e35ee,string
0x004e35f0,0x004e3603,string
0x004e3604,0x004e3616,string
0x004e3618,0x004e3627,string
0x004e3628,0x004e3640,string
0x004e3640,0x004e365f,string
0x004e3660,0x004e3680,string
0x004e3680,0x004e369d,string
0x004e36a0,0x004e36bb,string
0x004e36bc,0x004e36d6,string
0x004e36d8,0x004e36f2,string
0x004e36f4,0x004e370a,string
0x004e370c,0x004e3727,string
0x004e3728,0x004e3743,string
0x004e3744,0x004e3762,string
0x004e3764,0x004e3782,string
0x004e3784,0x004e37a1,string
0x004e37a4,0x004e37bb,string
0x004e37bc,0x004e37da,string
0x004e37dc,0x004e37f9,string
0x004e37fc,0x004e3819,string
0x004e381c,0x004e3839,string
0x004e383c,0x004e3858,string
0x004e3858,0x004e3877,string
0x004e3878,0x004e3897,string
0x004e3898,0x004e38b7,string
0x004e38b8,0x004e38d6,string
0x004e38d8,0x004e38f1,string
0x004e38f4,0x004e3910,string
0x004e3910,0x004e392e,string
0x004e3930,0x004e394d,string
0x004e3950,0x004e396a,string
0x004e396c,0x004e3982,string
0x004e3984,0x004e399f,string
0x004e39a0,0x004e39b6,string
0x004e39b8,0x004e39d6,string
0x004e39d8,0x004e39f5,string
0x004e39f8,0x004e3a16,string
0x004e3a18,0x004e3a2e,string
0x004e3a30,0x004e3a47,string
0x004e3a48,0x004e3a5f,string
0x004e3a60,0x004e3a74,string
0x004e3a74,0x004e3a89,string
0x004e3a8c,0x004e3a9f,string
0x004e3aa0,0x004e3aad,string
0x004e3ab0,0x004e3ac0,string
0x004e3ac0,0x004e3ad6,string
0x004e3ad8,0x004e3aed,string
0x004e3af0,0x004e3b12,string
0x004e3b14,0x004e3b2c,string
0x004e3b2c,0x004e3b40,string
0x004e3b40,0x004e3b50,string
0x004e3b50,0x004e3b63,string
0x004e3b64,0x004e3b7c,string
0x004e3b7c,0x004e3b8e,string
0x004e3b90,0x004e3ba8,string
0x004e3ba8,0x004e3bb9,string
0x004e3bbc,0x004e3bc9,string
0x004e3bcc,0x004e3bde,string
0x004e3be0,0x004e3bf5,string
0x004e3bf8,0x004e3c09,string
0x004e3c0c,0x004e3c1d,string
0x004e3c20,0x004e3c38,string
0x004e3c38,0x004e3c46,string
0x004e3c48,0x004e3c61,string
0x004e3c64,0x004e3c7a,string
0x004e3c7c,0x004e3c98,string
0x004e3c98,0x004e3cb0,string
0x004e3cb0,0x004e3cc5,string
0x004e3cc8,0x004e3cdd,string
0x004e3ce0,0x004e3cfe,string
0x004e3d00,0x004e3d1f,string
0x004e3d20,0x004e3d37,string
0x004e3d38,0x004e3d51,string
0x004e3d54,0x004e3d68,string
0x004e3d68,0x004e3d7b,string
0x004e3d7c,0x004e3d92,string
0x004e3d94,0x004e3daa,string
0x004e3dac,0x004e3dca,string
0x004e3dcc,0x004e3de2,string
0x004e3de4,0x004e3dfc,string
0x004e3dfc,0x004e3e0e,string
0x004e3e10,0x004e3e21,string
0x004e3e24,0x004e3e37,string
0x004e3e38,0x004e3e51,string
0x004e3e54,0x004e3e66,string
0x004e3e68,0x004e3e80,string
0x004e3e80,0x004e3e96,string
0x004e3e98,0x004e3eaa,string
0x004e3eac,0x004e3eca,string
0x004e3ecc,0x004e3ee9,string
0x004e3eec,0x004e3f01,string
0x004e3f04,0x004e3f1a,string
0x004e3f1c,0x004e3f3f,string
0x004e3f40,0x004e3f52,string
0x004e3f54,0x004e3f6b,string
0x004e3f6c,0x004e3f7c,string
0x004e3f7c,0x004e3f8f,string
0x004e3f90,0x004e3fa2,string
0x004e3fa4,0x004e3fb4,string
0x004e3fb4,0x004e3fc6,string
0x004e3fc8,0x004e3fdb,string
0x004e3fdc,0x004e3ff4,string
0x004e3ff4,0x004e4007,string
0x004e4008,0x004e401a,string
0x004e401c,0x004e402f,string
0x004e4030,0x004e4043,string
0x004e4044,0x004e4056,string
0x004e4058,0x004e4067,string
0x004e4068,0x004e4079,string
0x004e407c,0x004e4088,string
0x004e4088,0x004e4097,string
0x004e4098,0x004e40ab,string
0x004e40ac,0x004e40c6,string
0x004e40c8,0x004e40de,string
0x004e40e0,0x004e40f1,string
0x004e40f4,0x004e4110,string
0x004e4110,0x004e4124,string
0x004e4124,0x004e4135,string
0x004e4138,0x004e4148,string
0x004e4148,0x004e4153,string
0x004e4154,0x004e4169,string
0x004e416c,0x004e417e,string
0x004e4180,0x004e4199,string
0x004e419c,0x004e41b0,string
0x004e41b0,0x004e41c2,string
0x004e41c4,0x004e41da,string
0x004e41dc,0x004e41ee,string
0x004e41f0,0x004e4202,string
0x004e4204,0x004e4214,string
0x004e4214,0x004e422c,string
0x004e422c,0x004e4246,string
0x004e4248,0x004e4262,string
0x004e4264,0x004e427d,string
0x004e4280,0x004e4294,string
0x004e4294,0x004e42a6,string
0x004e42a8,0x004e42bd,string
0x004e42c0,0x004e42ce,string
0x004e42d0,0x004e42e2,string
0x004e42f0,0x004e42f8,string
0x004e42f8,0x004e4303,string
0x004e4304,0x004e431a,string
0x004e431c,0x004e4342,string
0x004e4344,0x004e4352,string
0x004e4354,0x004e436a,string
0x004e436c,0x004e437d,string
0x004e4380,0x004e438f,string
0x004e4390,0x004e439a,string
0x004e43a4,0x004e43ab,string
0x004e43ac,0x004e43bd,string
0x004e43c0,0x004e43c7,string
0x004e43c8,0x004e43d6,string
0x004e43d8,0x004e43df,string
0x004e43e8,0x004e43ef,string
0x004e43f0,0x004e43f9,string
0x004e43fc,0x004e4407,string
0x004e4408,0x004e441a,string
0x004e441c,0x004e4426,string
0x004e4428,0x004e4436,string
0x004e4438,0x004e4448,string
0x004e4448,0x004e4457,string
0x004e4458,0x004e4462,string
0x004e4464,0x004e4471,string
0x004e447c,0x004e4489,string
0x004e448c,0x004e4494,string
0x004e4494,0x004e449c,string
0x004e449c,0x004e44a8,string
0x004e44a8,0x004e44b9,string
0x004e44bc,0x004e44c9,string
0x004e44cc,0x004e44d4,string
0x004e44d4,0x004e44e8,string
0x004e44e8,0x004e44ef,string
0x004e44f0,0x004e44fd,string
0x004e4508,0x004e4513,string
0x004e4514,0x004e4521,string
0x004e4524,0x004e4532,string
0x004e453c,0x004e4547,string
0x004e4548,0x004e455c,string
0x004e455c,0x004e456c,string
0x004e456c,0x004e457d,string
0x004e4580,0x004e4590,string
0x004e4590,0x004e45a0,string
0x004e45a0,0x004e45cd,string
0x004e45d0,0x004e45d8,string
0x004e45d8,0x004e4600,string
0x004e4600,0x004e460f,string
0x004e4610,0x004e461e,string
0x004e4620,0x004e462a,string
0x004e462c,0x004e463c,string
0x004e463c,0x004e464f,string
0x004e4650,0x004e4656,string
0x004e4658,0x004e4665,string
0x004e466c,0x004e4678,string
0x004e467c,0x004e468c,string
0x004e468c,0x004e469c,string
0x004e46d0,0x004e46d9,string
0x004e46dc,0x004e46e4,string
0x004e46ec,0x004e46f2,string
0x004e46f4,0x004e46fa,string
0x004e46fc,0x004e4705,string
0x004e4708,0x004e470f,string
0x004e4710,0x004e4719,string
0x004e471c,0x004e4728,string
0x004e4728,0x004e4736,string
0x004e4740,0x004e4748,string
0x004e4748,0x004e474e,string
0x004e4750,0x004e475b,string
0x004e4764,0x004e476f,string
0x004e4770,0x004e477a,string
0x004e477c,0x004e4782,string
0x004e4784,0x004e478d,string
0x004e4790,0x004e479c,string
0x004e479c,0x004e47a4,string
0x004e47a4,0x004e47ae,string
0x004e47b0,0x004e47be,string
0x004e47c0,0x004e47d2,string
0x004e47d4,0x004e47dc,string
0x004e47dc,0x004e47e3,string
0x004e47e4,0x004e47f4,string
0x004e47f4,0x004e4806,string
0x004e4808,0x004e481a,string
0x004e4824,0x004e4836,string
0x004e4838,0x004e4840,string
0x004e4840,0x004e4849,string
0x004e484c,0x004e4855,string
0x004e4858,0x004e4861,string
0x004e4864,0x004e486f,string
0x004e4894,0x004e489b,string
0x004e489c,0x004e48a4,string
0x004e48a4,0x004e48aa,string
0x004e48ac,0x004e48b6,string
0x004e48b8,0x004e48be,string
0x004e48e8,0x004e48ee,string
0x004e48f8,0x004e4903,string
0x004e4904,0x004e4918,string
0x004e4924,0x004e4932,string
0x004e4934,0x004e4944,string
0x004e4944,0x004e4958,string
0x004e4960,0x004e4985,string
0x004e498c,0x004e49a7,string
0x004e49a8,0x004e49ac,string
0x004e49ac,0x004e49b9,string
0x004e49bc,0x004e49c5,string
0x004e49c8,0x004e49d2,string
0x004e49d4,0x004e49d8,string
0x004e49d8,0x004e49df,string
0x004e49e0,0x004e49e4,string
0x004e49ec,0x004e4a07,string
0x004e4a08,0x004e4a0e,string
0x004e4a10,0x004e4a17,string
0x004e4a18,0x004e4a1e,string
0x004e4a20,0x004e4a26,string
0x004e4a28,0x004e4a2e,string
0x004e4a30,0x004e4a43,string
0x004e4a44,0x004e4a58,string
0x004e4a58,0x004e4a71,string
0x004e4a74,0x004e4a8c,string
0x004e4a8c,0x004e4a98,string
0x004e4a98,0x004e4a9f,string
0x004e4aa0,0x004e4ab1,string
0x004e4ab4,0x004e4ad3,string
0x004e4ad4,0x004e4ae5,string
0x004e4ae8,0x004e4afc,string
0x004e4afc,0x004e4b11,string
0x004e4b14,0x004e4b25,string
0x004e4b28,0x004e4b3b,string
0x004e4b3c,0x004e4b4d,string
0x004e4b50,0x004e4b64,string
0x004e4b64,0x004e4b73,string
0x004e4b74,0x004e4b95,string
0x004e4b98,0x004e4bb9,string
0x004e4bbc,0x004e4bc8,string
0x004e4bc8,0x004e4bd5,string
0x004e4bd8,0x004e4be6,string
0x004e4be8,0x004e4bfe,string
0x004e4c00,0x004e4c11,string
0x004e4c14,0x004e4c21,string
0x004e4c24,0x004e4c3c,string
0x004e4c3c,0x004e4c49,string
0x004e4c4c,0x004e4c68,string
0x004e4c68,0x004e4c7a,string
0x004e4c7c,0x004e4c8b,string
0x004e4c8c,0x004e4c94,string
0x004e4c94,0x004e4c9f,string
0x004e4ca0,0x004e4cb1,string
0x004e4cb4,0x004e4cc8,string
0x004e4cc8,0x004e4ce2,string
0x004e4ce4,0x004e4cf1,string
0x004e4cf4,0x004e4d0e,string
0x004e4d10,0x004e4d30,string
0x004e4d30,0x004e4d45,string
0x004e4d48,0x004e4d64,string
0x004e4d64,0x004e4d85,string
0x004e4d88,0x004e4d9a,string
0x004e4d9c,0x004e4dab,string
0x004e4dac,0x004e4db8,string
0x004e4db8,0x004e4dcc,string
0x004e4dcc,0x004e4ddd,string
0x004e4de0,0x004e4df4,string
0x004e4df4,0x004e4e09,string
0x004e4e0c,0x004e4e22,string
0x004e4e24,0x004e4e39,string
0x004e4e3c,0x004e4e51,string
0x004e4e54,0x004e4e64,string
0x004e4e64,0x004e4e77,string
0x004e4e78,0x004e4e85,string
0x004e4e88,0x004e4e94,string
0x004e4e94,0x004e4e9f,string
0x004e4ea0,0x004e4ead,string
0x004e4eb0,0x004e4eb7,string
0x004e4eb8,0x004e4ec4,string
0x004e4ec4,0x004e4ec8,string
0x004e4ec8,0x004e4ed3,string
0x004e4ed4,0x004e4edf,string
0x004e4ee0,0x004e4eef,string
0x004e4ef0,0x004e4f00,string
0x004e4f00,0x004e4f0c,string
0x004e4f0c,0x004e4f24,string
0x004e4f24,0x004e4f33,string
0x004e4f34,0x004e4f47,string
0x004e4f48,0x004e4f5a,string
0x004e4f5c,0x004e4f73,string
0x004e4f74,0x004e4f9c,string
0x004e4f9c,0x004e4fc3,string
0x004e4fc4,0x004e4fdc,string
0x004e4fdc,0x004e5009,string
0x004e500c,0x004e501e,string
0x004e5020,0x004e505f,string
0x004e5060,0x004e5078,string
0x004e5078,0x004e508c,string
0x004e508c,0x004e509e,string
0x004e50a0,0x004e50b3,string
0x004e50b4,0x004e50cc,string
0x004e50cc,0x004e50de,string
0x004e50e0,0x004e50f1,string
0x004e50f4,0x004e5106,string
0x004e5108,0x004e5122,string
0x004e5124,0x004e5132,string
0x004e5134,0x004e5143,string
0x004e5144,0x004e5164,string
0x004e5164,0x004e517c,string
0x004e517c,0x004e51ac,string
0x004e51ac,0x004e51bd,string
0x004e51c0,0x004e51d1,string
0x004e51d4,0x004e51e4,string
0x004e51e4,0x004e51f5,string
0x004e51f8,0x004e520b,string
0x004e520c,0x004e521a,string
0x004e521c,0x004e5225,string
0x004e5228,0x004e5232,string
0x004e5234,0x004e523b,string
0x004e523c,0x004e5248,string
0x004e5248,0x004e5250,string
0x004e5250,0x004e5257,string
0x004e5258,0x004e5263,string
0x004e5264,0x004e526e,string
0x004e5270,0x004e5283,string
0x004e5284,0x004e5293,string
0x004e5294,0x004e52a4,string
0x004e52a4,0x004e52b6,string
0x004e52b8,0x004e52bf,string
0x004e52c0,0x004e52c9,string
0x004e52cc,0x004e52d8,string
0x004e52d8,0x004e52e0,string
0x004e52e0,0x004e52ee,string
0x004e52f0,0x004e52fc,string
0x004e52fc,0x004e5308,string
0x004e5308,0x004e5312,string
0x004e5314,0x004e5326,string
0x004e5328,0x004e5343,string
0x004e5344,0x004e5356,string
0x004e5358,0x004e5367,string
0x004e5368,0x004e537c,string
0x004e537c,0x004e5390,string
0x004e5390,0x004e53a4,string
0x004e53a4,0x004e53bb,string
0x004e53bc,0x004e53cc,string
0x004e53cc,0x004e53da,string
0x004e53dc,0x004e53ec,string
0x004e53ec,0x004e53fb,string
0x004e53fc,0x004e5405,string
0x004e5408,0x004e5419,string
0x004e541c,0x004e5430,string
0x004e5430,0x004e5440,string
0x004e5440,0x004e5452,string
0x004e5454,0x004e5461,string
0x004e5464,0x004e5475,string
0x004e5478,0x004e5492,string
0x004e5494,0x004e54b2,string
0x004e54b4,0x004e54bd,string
0x004e54c0,0x004e54d7,string
0x004e54d8,0x004e54e4,string
0x004e54e4,0x004e54f8,string
0x004e54f8,0x004e5501,string
0x004e5514,0x004e5529,string
0x004e552c,0x004e553e,string
0x004e5540,0x004e554e,string
0x004e5550,0x004e5576,string
0x004e5578,0x004e5583,string
0x004e5584,0x004e558f,string
0x004e5590,0x004e55bb,string
0x004e55bc,0x004e55c8,string
0x004e55c8,0x004e55da,string
0x004e55dc,0x004e55f1,string
0x004e55f4,0x004e5627,string
0x004e5628,0x004e5652,string
0x004e5654,0x004e5682,string
0x004e5684,0x004e56d7,string
0x004e56d8,0x004e56ea,string
0x004e56ec,0x004e56ff,string
0x004e5700,0x004e5717,string
0x004e5718,0x004e5736,string
0x004e5738,0x004e5747,string
0x004e5748,0x004e5768,string
0x004e5768,0x004e5779,string
0x004e577c,0x004e578c,string
0x004e578c,0x004e579b,string
0x004e579c,0x004e57ac,string
0x004e57ac,0x004e57c3,string
0x004e57c4,0x004e57d8,string
0x004e57d8,0x004e57ec,string
0x004e57ec,0x004e5801,string
0x004e5804,0x004e581b,string
0x004e581c,0x004e582d,string
0x004e5830,0x004e5843,string
0x004e5844,0x004e5851,string
0x004e5854,0x004e5868,string
0x004e5868,0x004e5878,string
0x004e5878,0x004e5892,string
0x004e5894,0x004e58a8,string
0x004e58a8,0x004e58b5,string
0x004e58b8,0x004e58ca,string
0x004e58cc,0x004e58db,string
0x004e58dc,0x004e58ed,string
0x004e58f0,0x004e591c,string
0x004e591c,0x004e5946,string
0x004e5948,0x004e5951,string
0x004e5a50,0x004e5a89,string
0x004e5a8c,0x004e5ac8,string
0x004e5ac8,0x004e5af8,string
0x004e5af8,0x004e5b05,string
0x004e5b18,0x004e5b28,char[16]
0x004e5b28,0x004e5b49,string
