address,name,kind,missing_calls,missing_refs,hidden_reg_args,evidence_decomp_only
0x00401a40,AiVeh_CircleOrAim,HIDDEN-REG-ARG,,,004f3a88,
0x00401ab0,AiVeh_FollowOrAim,HIDDEN-REG-ARG,,,004f3a88,
0x00401b20,AiVeh_TryDetectPlayer,HIDDEN-REG-ARG,,,004f3a88,
0x00401d50,Collision_TraceWithPlayerPos,HIDDEN-REG-ARG,,,004f36b8,
0x00401e50,Collision_TraceWithCameraPos,HIDDEN-REG-ARG,,,004f36b8 004f36bc,
0x00403040,NetGraph_LoadFromZrdByIndex,HIDDEN-REG-ARG,,,004da110 004da120 004da130 004da140 004da14c 004da15c 004da170 004da180 004da190 004da1a0 004da1ac 004da1bc 004da22c,
0x00404400,Briefing_BuildObjectiveSequence,HIDDEN-REG-ARG,,,004f0cc0,
0x00404e90,Camera_UpdateForVehicle,HIDDEN-REG-ARG,,,004f36bc,
0x00405040,Camera_Mode1_Follow,HIDDEN-REG-ARG,,,004f36bc,
0x004057d0,Camera_Mode2_Cockpit,HIDDEN-REG-ARG,,,004f36bc,
0x00405870,Camera_Mode6_LookAtVehicle,HIDDEN-REG-ARG,,,004f36bc,
0x004059a0,Camera_Mode3_Chase,HIDDEN-REG-ARG,,,004f36bc,
0x00405ee0,Camera_SideProbePushout,HIDDEN-REG-ARG,,,004f36b8,
0x00406110,Camera_ResolveCollision,HIDDEN-REG-ARG,,,004f36b8,
0x004063f0,Camera_Mode7_FollowAnimObject,HIDDEN-REG-ARG,,,004f36bc,
0x00406470,Camera_ClampAboveGround,HIDDEN-REG-ARG,,,004f36b8,
0x004067a0,Camera_SubModeWaterCheck,HIDDEN-REG-ARG,,,004f36b8,
0x00406af0,Cheat_ProcessEnteredCode,HIDDEN-REG-ARG,,,004f36d0 004f36d4,
0x00406ea0,StaticInit_004e5ce8,HIDDEN-REG-ARG,,,004e5ce8,
0x00406f60,CheatScreen_Open,HIDDEN-REG-ARG,,,004da3d8,
0x00407010,CheatScreen_CloseAndApply,HIDDEN-REG-ARG,,,004da3d8,
0x004070e0,UiButton_Slot_004434b0_0_ThenActivate,HIDDEN-REG-ARG,,,004f3ca8,
0x00407100,UiScreen_Slot_004434b0_0,HIDDEN-REG-ARG,,,004f3ca8,
0x00407110,ScreenHolder_Close_004e5ce8,HIDDEN-REG-ARG,,,004f3ca8,
0x00407190,NameTable_LookupValue,DROPPED-CODE,,004da4b8,004da62c 004da634 004da635 004da636 004da637,
0x00407470,Preset_EvaluateCondition,DROPPED-CODE,,004da677,004e5da8 004e5dac 004e5db0 004e5db4 004e5db8,
0x00407700,RecoilApp_LoadUserSettings,HIDDEN-REG-ARG,,,004da694 004da69c 004da6a4 004da6b0 004da6b8 004da6c0 004da6c8 004da6d0 004da6dc 004da6ec 004da6f4 004da708 004da718 004da728 004da734 004da73c 004da748 004da754 004da760 004da76c 004da778 004da780 004da78c 004da798 004da7a4 004da7b0 004da7bc 004da7cc 004da7dc 004da7f0 004da804 004da814 004da824 004da834 004da840 004da850 004da860 004da86c 004da878 004da888 004da894 004da8a4 004da8b4 004da8c0,
0x004081a0,Settings_ApplyGfxFlags,HIDDEN-REG-ARG,,,004da8cc,
0x004086e0,Settings_ScreenRect_SetSize,HIDDEN-REG-ARG,,,004e5d88,
0x00408700,Settings_ScreenRect_SetOrigin,HIDDEN-REG-ARG,,,004e5d88,
0x00408d30,StaticInit_004e5dd0,HIDDEN-REG-ARG,,,004e5dd0,
0x00408ff0,Screen_Enter_004e5dd0,HIDDEN-REG-ARG,,,004f3ca8,
0x00409160,UiButton_Slot_004434b0_0_ThenActivate_B,HIDDEN-REG-ARG,,,004f3ca8,
0x00409180,UiScreen_Slot_004434b0_1_Set4f3d7c,HIDDEN-REG-ARG,,,004f3ca8,
0x00409380,CreditsPanel_Tick,HIDDEN-REG-ARG,,,004f3ca8,
0x00409570,TextPanel_LoadFromConfig,HIDDEN-REG-ARG,,,004da980 004da990,
0x00409960,CreditsScreen_StaticInit,HIDDEN-REG-ARG,,,004e5de0,
0x00409b00,Screen_Enter_004e5de0,HIDDEN-REG-ARG,,,004f3ca8,
0x0040bc30,CommandsScreen_StaticInit,HIDDEN-REG-ARG,,,004e5df0,
0x0040bda0,Screen_Enter_004e5df0,HIDDEN-REG-ARG,,,004f3ca8,
0x0040c6e0,OptionButton_Apply_HUDType,HIDDEN-REG-ARG,,,004f3ca8,
0x0040d080,StaticInit_004e5e08,HIDDEN-REG-ARG,,,004e5e08,
0x0040d1c0,Screen_Enter_004e5e08,HIDDEN-REG-ARG,,,004f3ca8,
0x0040d270,StaticInit_004eda68,HIDDEN-REG-ARG,,,004eda68,
0x0040d300,StaticInit_004ed718,HIDDEN-REG-ARG,,,004ed718,
0x0040d410,StaticInit_004e5ed0,HIDDEN-REG-ARG,,,004e5ed0,
0x0040dbf0,HudLabel_Ctor_4ce578,HIDDEN-REG-ARG,,,004e5ed0,
0x0040eab0,HudComposite_Refresh,HIDDEN-REG-ARG,,,004ed4e0,
0x0040eb00,HudItem_LayoutFromConfig,HIDDEN-REG-ARG,,,004e5ed0,
0x0040ec90,HudItem_NopOnSub,HIDDEN-REG-ARG,,,004e6dac,
0x0040ed80,HudLabel_Ctor_4ce6b0,HIDDEN-REG-ARG,,,004e5ed0,
0x0040f070,HudModeIcon_InitFromConfig,HIDDEN-REG-ARG,,,004e5ed0,
0x0040f200,MenuImageTriple_Ctor_4ce870,HIDDEN-REG-ARG,,,004e5ed0,
0x0040f2e0,HudTriple_LayoutFromConfig,HIDDEN-REG-ARG,,,004e632c 004e63e8 004e64a4,
0x0040f3e0,HudLabels_Nop3,HIDDEN-REG-ARG,,,004e632c 004e63e8 004e64a4,
0x0040f4c0,Hud_InitWidgets,HIDDEN-REG-ARG,,,004dad14 004e5ed0,
0x0040fb90,HUD_BuildTimerSaveRecord,HIDDEN-REG-ARG,,,004dad20,
0x0040fbd0,Hud_Shutdown,HIDDEN-REG-ARG,,,004e6224 004e6228 004e622c 004e62f0 004e657c 004e6bb0 004ed718 004eda68,
0x0040ff80,Hud_SetLayoutRects,HIDDEN-REG-ARG,,,004edb58 004edb5c 0056bd20 0056bd24,
0x00410160,Hud_Init,DROPPED-CODE,,004dad4c 004e70d0,004da2ac 004dad2c 004dad34 004dad3c 004dad44 004dad58 004dad60 004dad6c 004dad78 004dad80 004dad90 004dad98 004dada8 004dadb4 004dadbc 004e5ed0 004e7090 004ed718 004eda68 0056bd20 0056bd24,
0x00410e90,Inset_Enable,HIDDEN-REG-ARG,,,004e6ad0,
0x00410ed0,Inset_Disable,HIDDEN-REG-ARG,,,004e7090,
0x00410fe0,Hud_Tick,HIDDEN-REG-ARG,,,004e7090 004f0cc0,
0x00411270,Input_Mouse_CursorRaycastDispatch,HIDDEN-REG-ARG,,,004f36b8 004f36bc,
0x00411750,Hud_ForwardToGlobal_004e62f0,HIDDEN-REG-ARG,,,004e62f0,
0x00411ac0,Hud_PopupTick,HIDDEN-REG-ARG,,,004e6ab0 004ed718,
0x004122c0,Hud_PickTargetMarker,DROPPED-CODE,,004e6fc0,004e6ed0 004e6f0c 004e6f8c 004e6fc4,
0x004126e0,HudPlayerSlot_SetMode,HIDDEN-REG-ARG,,,004ea9e8,
0x00412790,HudPlayerSlot_SelectEntry,HIDDEN-REG-ARG,,,004ea9e8,
0x00412c10,HudRect_LoadFromConfig,HIDDEN-REG-ARG,,,004dae0c,
0x00412c60,HudPanel_Layout_Split_00412c60,HIDDEN-REG-ARG,,,004e6dac 004ea728 004ea808 004ea8e8 004ea9c8 004f0cc0 004f36bc,yes
0x00412f70,HudScorePanel_LoadFromConfig,HIDDEN-REG-ARG,,,004dae14,
0x004130d0,HudPanel_Layout_Full_004130d0,HIDDEN-REG-ARG,,,004e61cc 004ea9e8 004eae34 004eb280 004f36bc,yes
0x004132b0,HudMessage_LayoutRect,HIDDEN-REG-ARG,,,004e62f0,
0x00413340,HudPanel_Reset_SelectLayoutByWidth_00413340,DROPPED-CODE,,004eb61c,004e5ed0 004eb64c 004ed4e0 004f0cc0,yes
0x00413500,Hud_DrawOverlay_00413500,HIDDEN-REG-ARG,,,004e6aa0 004e6ab0,yes
0x00413540,Hud_ResetAllVisibility,DROPPED-CODE,,004eb61c,004e5ed0 004eb64c,
0x004136b0,Hud_ApplyTypeChange,HIDDEN-REG-ARG,,,004ed718 004eda68,
0x00413ec0,HudStatusBox_Init,HIDDEN-REG-ARG,,,004e5ed0,
0x00414390,Hud_ForwardToPanel_0040e590,HIDDEN-REG-ARG,,,004ed4e0,
0x004143a0,Thunk_0040ea60_OnMember34,HIDDEN-REG-ARG,,,004ed4e0,
0x004143b0,Hud_ForwardToPanel_0040e800,HIDDEN-REG-ARG,,,004ed4e0,
0x004143c0,Hud_ForwardToPanel_0040e880,HIDDEN-REG-ARG,,,004ed4e0,
0x00414a70,Hud_StaticInit_Construct_004edb78,HIDDEN-REG-ARG,,,004edb78,
0x00414ab0,InterpZbd_Construct,DROPPED-CODE,,004e48f8,,
0x00414fa0,UiButton_Slot_004434b0_0_Activate_Then00413630,HIDDEN-REG-ARG,,,004f3ca8,
0x00415110,MainMenuScreen_StaticInit,HIDDEN-REG-ARG,,,004edc58,
0x00415220,MainMenuScreen_Create,HIDDEN-REG-ARG,,,004da3d8,
0x004153d0,MenuScreen_OnLeave_ApplySettings_004153d0,HIDDEN-REG-ARG,,,004da3d8,yes
0x00415650,MapScreen_SetActiveMarker,HIDDEN-REG-ARG,,,004f3ca8,
0x00415740,UiScreen_Slot_Set4edc50_Reset_Back,HIDDEN-REG-ARG,,,004f3ca8,
0x00415820,StaticInit_004edc48,HIDDEN-REG-ARG,,,004edc48,
0x004159b0,Screen_Enter_004edc48,HIDDEN-REG-ARG,,,004f3ca8,
0x00415d30,MapMarkerList_Draw,DROPPED-CODE,,004f0c78 004f0c7c 004f0c88 004f0c8c,,
0x00416480,MapMarker_DrawWorldOverlay,DROPPED-CODE,,00566950,00566868,
0x00416d50,MapScreen_DrawFocusMarker,HIDDEN-REG-ARG,,,004f3a88,
0x00417260,Mission_LoadMapScreen,HIDDEN-REG-ARG,,,004daf5c 004daf6c 004daf78,
0x00417360,Mission_StaticInit_Construct,HIDDEN-REG-ARG,,,004f0cc0,
0x00417430,Mission_BuildSaveRecord,HIDDEN-REG-ARG,,,004daf9c,
0x00417640,Mission_RegisterSaveHandlers,HIDDEN-REG-ARG,,,004dafb8 004dafc4,
0x004176b0,Mission_BuildLatePhaseFlag,HIDDEN-REG-ARG,,,004dafcc,
0x004176f0,Mission_ResetState,HIDDEN-REG-ARG,,,0056bd58,
0x00417810,Mission_Load,DROPPED-CODE,,004db020 004db028 004db034,004daffc 004db004 004db00c 004db014 004edb78,
0x00417a00,Mission_InitGameplay,HIDDEN-REG-ARG,,,004db054 004db06c 004db074 004db07c 004db088 004db0a0 004f0cc0 004f3a88,
0x00417d40,Mission_Unload,HIDDEN-REG-ARG,,,004db0ac 004db0c0 004db0d0 004db0f4 004db108 004db118 004db128 004db138 004db14c 004db15c,
0x00417f90,Mission_LoadObjectivesArray,HIDDEN-REG-ARG,,,004db1d8 004db1f0 004db200 004db210,
0x00418230,Mission_LoadObjectiveTriggers,HIDDEN-REG-ARG,,,004db250 004db260 004db270 004db2b0 004db2ec 004db2f4,
0x00418760,Mission_ShowReviewScreen,DROPPED-CODE,,00779aa0,,
0x00418c70,Mission_BeginPlay,HIDDEN-REG-ARG,,,004f3a88,
0x00419010,Mission_Start,HIDDEN-REG-ARG,,,004f3ca8,
0x00419050,Mission_LoadWeather,HIDDEN-REG-ARG,,,004db3f8 004db408 004db410 004db41c 004db428 004db448 0056bd58,
0x004193c0,Mission_LoadRaceCheckpoints,DROPPED-CODE,,004db478,004db460 004db46c,
0x00419500,MPExitPanel_BuildWidgets,HIDDEN-REG-ARG,,,0056bd24,
0x00419650,MissionHud_Reset,HIDDEN-REG-ARG,,,0056bd24,
0x00419800,UiScreen_Slot_00443160_4f3e48_0041ad80,HIDDEN-REG-ARG,,,004f3ca8,
0x00419830,UiScreen_Slot_Activate_00443160_4f3e78,HIDDEN-REG-ARG,,,004f3ca8,
0x004198d0,MPExitScreen_OnEnter_004198d0,HIDDEN-REG-ARG,,,004da3d8 004f329c,yes
0x00419940,MPExitScreen_OnLeave_00419940,HIDDEN-REG-ARG,,,004da3d8,yes
0x0041a160,UiScreen_Slot_004434b0_0_00443160_4f3e78,HIDDEN-REG-ARG,,,004f3ca8,
0x0041a5b0,NetGameSetup_Slot_Start,HIDDEN-REG-ARG,,,004f0cc0 004f3ca8,
0x0041ab70,MPNewGameScreen_StaticInit,HIDDEN-REG-ARG,,,004f32a0,
0x0041ac50,MPNewGameScreen_Create,HIDDEN-REG-ARG,,,004da3d8,
0x0041ad20,MPNewGameScreen_Destroy,HIDDEN-REG-ARG,,,004da3d8,
0x0041ad80,Screen_Enter_004f32a0_WithArg,HIDDEN-REG-ARG,,,004f3ca8,
0x0041bb30,Player_ResetForDeathAnim,HIDDEN-REG-ARG,,,004db5ec,
0x0041bd20,Cheat_RevivePlayerAndApplyPickup,HIDDEN-REG-ARG,,,004f36d0 004f36d4,
0x0041be70,UiScreen_Slot_00443160_4f3e78,HIDDEN-REG-ARG,,,004f3ca8,
0x0041c500,NewGamePanel_OnStart,HIDDEN-REG-ARG,,,004f3ca8,
0x0041c6c0,Screen_Enter_004f32c8,HIDDEN-REG-ARG,,,004f3ca8,
0x0041ca30,NetSetupDialog_OnInitDialog,DROPPED-CODE,,004db6d8,,
0x0041cca0,PickupTable_FreeImages,DROPPED-CODE,,004dbe80,,
0x0041ccd0,Pickups_ReleaseLists,HIDDEN-REG-ARG,,,004f32f8 004f3308 004f3318,
0x0041ccf0,Pickups_Init,DROPPED-CODE,,004db6e8 004db6fc,004db6f0 004db6f4 004dc16c 004dc174 004dc17c 004dc184 004dc1b8,
0x0041d0c0,Pickup_OnTouch,HIDDEN-REG-ARG,,,004f0cc0,
0x0041d920,PickupList_AddNode,DROPPED-CODE,,004dbe6c,,
0x0041dc60,Pickup_SpawnWithAnim,HIDDEN-REG-ARG,,,004dc218 004dc224,
0x0041dd60,PickupTable_IndexOfNameOut,DROPPED-CODE,,004dbe74,004dc150 004dc160 004dc161 004dc162 004dc163,
0x0041de70,Pickups_SpawnAllFromConfig,DROPPED-CODE,,004dc054 004dc056,004dc260,
0x0041e1e0,PickupTable_IndexOfName,DROPPED-CODE,,004dbe74 004dc150 004dc160 004dc161 004dc162 004dc163,,
0x0041e330,Pickup_SampleGroundLight,HIDDEN-REG-ARG,,,004f3328,
0x0041e840,Pickups_ReadSaveRecord,HIDDEN-REG-ARG,,,004f3318,
0x0041e980,PickupTable_EntryForPrimaryWeapon,DROPPED-CODE,,004dc038 004dc039 004dc03a 004dc050 004dc051,,
0x0041eb00,Player_StaticInit_Construct_004f3778,HIDDEN-REG-ARG,,,004f3778,
0x0041eb60,Player_StaticInit_Construct_004f3650,HIDDEN-REG-ARG,,,004f3650,
0x0041ec40,Player_StaticInit_Construct_004f37b0,HIDDEN-REG-ARG,,,004f37b0,
0x0041ec90,Player_StaticInit_Construct_004f33a8,HIDDEN-REG-ARG,,,004f33a8,
0x0041f1d0,Player_RestoreSaveRecord,HIDDEN-REG-ARG,,,004f3a88,
0x0041f5b0,Player_RegisterSaveHandlers,HIDDEN-REG-ARG,,,004dacd8 004dc2d4,
0x0041f5f0,Player_BuildSaveRecord,HIDDEN-REG-ARG,,,004f36a4,
0x0041fb80,Players_FreeAll,HIDDEN-REG-ARG,,,0056bd58,
0x0041fe90,Player_InitPhysicsGlobalsAndVehicleClasses,HIDDEN-REG-ARG,,,004dc388 004dc39c 004dc3a4 004dc3b0 004dc3c0 004dc3d0 004dc3dc 004dc3e8 004dc3f4 004dc400 004dc40c 004dc418 004dc424 004dc430 004dc448 004dc458 004dc468 004dc478 004dc488 004dc494 004dc4a8 004dc4b4 004dc4c0 004dc4cc 004e5b50 004f0cc0 004f0db0 0056bd24 0056bd58,
0x00420be0,Movers_LoadFromConfig,HIDDEN-REG-ARG,,,004dc4d4,
0x00420c60,Movers_FlagNumberedNodes,DROPPED-CODE,,004dc4e0,,
0x00420d10,Vehicle_ResolveClassConfigAndNetAssignment,HIDDEN-REG-ARG,,,004db5ec 004dc4f0 004dc4f8 004dc504 004dc510 004dc518 004dc520 004dc540 004dc54c 004dc55c 004dc56c 004dc57c 004dc590 004dc5a0,
0x00421470,Vehicle_BindModelParts,HIDDEN-REG-ARG,,,004dc620 004dc628 004dc630 004dc63c 004dc650 004dc65c 004dc664 004dc66c 004dc674 004dc67c 004dc688,
0x00421830,Vehicle_SnapToGround,HIDDEN-REG-ARG,,,004f36b8,
0x00421a40,Player_InstantiateVehicleModel,HIDDEN-REG-ARG,,,004f36b8,
0x00421ab0,Vehicle_SpawnInstanceFromConfig,HIDDEN-REG-ARG,,,004dc6c0 004f0cc0 004f36b8,
0x00422170,VehicleClass_LoadCommonMode,HIDDEN-REG-ARG,,,004da14c 004da15c 004dc388 004dc6e8 004dc6f0 004dc6f8 004dc700 004dc710 004dc720 004dc728 004dc730 004dc73c 004dc748 004dc750 004dc760 004dc76c 004dc774,
0x004226d0,Vehicle_LoadClassPhysicsConfig,HIDDEN-REG-ARG,,,004dc76c 004dc77c 004dc78c 004dc798 004dc7a0 004dc7a8 004dc7b4 004dc7bc 004dc7c4 004dc7cc 004dc7d8 004dc7e4 004dc7f0 004dc7fc 004dc808 004dc814 004dc820 004dc82c 004dc838 004dc844 004dc850 004dc85c 004dc868 004dc874 004dc880 004dc88c 004dc898 004dc8a0 004dc8ac 004dc8b8 004dc8c8 004dc8d8 004dc8e0 004dc8f0 004dc904 004dc910 004dc91c 004dc924 004dc930,
0x00423460,Vehicle_UpdateControllers,HIDDEN-REG-ARG,,,004f3a98,
0x00423b10,Vehicle_TestSweepSegments,HIDDEN-REG-ARG,,,004f36b8,
0x00424150,Pickup_HasLineOfSight,HIDDEN-REG-ARG,,,004f36b8,
0x00424270,Vehicle_ResolveSurfaceHit,HIDDEN-REG-ARG,,,004f36b4,
0x00425a20,Vehicle_ReadPlayerControlInput,DROPPED-CODE,,004f3ac4,,
0x004266b0,Vehicle_DispatchMovementPhysics,HIDDEN-REG-ARG,,,004f36b4,
0x00428c20,Vehicle_SubVerticalSpeed,DROPPED-CODE,,0056b428,,
0x00428d60,Vehicle_GatherGroundContacts,HIDDEN-REG-ARG,,,004f36b8 004f3a88,
0x00429560,Vehicle_AutoTurnToHeading,DROPPED-CODE,,0056b424,,
0x0042a4e0,CommandSlot_Call_004a5bf0,HIDDEN-REG-ARG,,,004f3af0,
0x0042a4f0,CommandSlot_Call_004a5bf0_Plus1,HIDDEN-REG-ARG,,,004f3af0,
0x0042a500,CommandSlot_Bind,HIDDEN-REG-ARG,,,004f3ad8,yes
0x0042a9f0,Global_AddFtol4f3764,DROPPED-CODE,,004f311c 00779aa0,,
0x0042aa50,Vehicle_DrawDebugInfo,HIDDEN-REG-ARG,,,004f3764,
0x0042b630,Copters_ResolveAndDeactivate,HIDDEN-REG-ARG,,,004db5ec 004dc3a4 004dca70 004dca7c,
0x0042ba50,Pos_SnapToGround,HIDDEN-REG-ARG,,,004f36b8,
0x0042bb30,Game_HandleStateEvent,HIDDEN-REG-ARG,,,004dca88 004dca90 004dca98 004f0cc0,
0x0042be70,Vehicle_TeleportToNode,HIDDEN-REG-ARG,,,004f36a4,
0x0042bf40,Sound_PlayPowerup,HIDDEN-REG-ARG,,,004dcaa0,
0x0042cf90,Vehicle_TrackContactsGather,HIDDEN-REG-ARG,,,004f36b8 004f3a88,
0x0042d5c0,Vehicle_UpdateWaterBuoyancyAndAutoTransition,HIDDEN-REG-ARG,,,004f3734 004f3740,
0x0042de30,StaticInit_004f3ca8,HIDDEN-REG-ARG,,,004f3ca8,
0x0042e220,RecoilApp_PostSubsystemInit,HIDDEN-REG-ARG,,,004dcad4 004f3ef8,
0x0042e490,Screen_LoadArchivesThenIdle,HIDDEN-REG-ARG,,,004dcb4c 004f0cc0,
0x0042e4d0,App_StartMission,HIDDEN-REG-ARG,,,004f0cc0,
0x0042e5da,RecoilApp_BootstrapAndCDCheck,DROPPED-CODE,,004dcb9c,004dcb4c 004dcb5c 004dcb70 004dcb74,
0x0042e990,App_ActivateExistingInstance,DROPPED-CODE,,004dcac8,,
0x0042eac0,AppScreen_Tick_0042eac0,HIDDEN-REG-ARG,,,004f3ca8,yes
0x0042ec80,AppScreen_Slot10_Tick_0042ec80,HIDDEN-REG-ARG,,,004f3ca8,
0x0042ecb0,Mission_SetDataSearchPaths,HIDDEN-REG-ARG,,,004dcb70 004dcc3c,
0x0042edb0,AppScreen_PlayMissionFmv_0042edb0,HIDDEN-REG-ARG,,,004f0cc0,yes
0x0042ee70,AppScreen_Tick_0042ee70,HIDDEN-REG-ARG,,,004f3ca8,
0x0042eed0,App_EnterGameplay,HIDDEN-REG-ARG,,,004dcc88 004dcc90 004dcca8 004f0cc0 004f0df8,
0x0042f280,App_RenderFrameAndPresent,HIDDEN-REG-ARG,,,004f0cc0,
0x0042f8e0,App_EnterMissionOver_0042f8e0,HIDDEN-REG-ARG,,,004db14c 004dccc8 004dccdc 004f0cc0,yes
0x0042f9d0,AppScreen_Shutdown_0042f9d0,HIDDEN-REG-ARG,,,004f3ca8,
0x00430250,MainWnd_Ctor,DROPPED-CODE,,004da97c 004dcac8 004dcd28 004dcd4c,,
0x00431dd0,Net_StartMatch,HIDDEN-REG-ARG,,,004dcfb4,
0x004320f0,NetPlayers_FreeAll,HIDDEN-REG-ARG,,,0056bd24,
0x00432300,NetMsg_SendVehicleState,HIDDEN-REG-ARG,,,004dcfbc,
0x00432860,NetPlayer_AddRemote,HIDDEN-REG-ARG,,,004dc510 004dc528 004dc6c0 004f36b8 004f3f10 0056bd24,
0x00433000,NetMsg_SendKill,HIDDEN-REG-ARG,,,004f3a88,
0x00433250,NetMsg_OnPlayerStatus,HIDDEN-REG-ARG,,,004dcfd4 004f3ca8,
0x00433410,NetMsg_OnMatchState,HIDDEN-REG-ARG,,,004f3ca8,
0x00433840,NetPlayer_Respawn,HIDDEN-REG-ARG,,,004f0cc0,
0x00433a50,NetPlayer_ApplyTeamColour,HIDDEN-REG-ARG,,,004dcd88,
0x004348f0,EditField_OnChar_NameChars,DROPPED-CODE,,004d1598,,
0x00435240,SaveGameScreen_Save,HIDDEN-REG-ARG,,,004f3ca8,
0x00435a40,SaveLoadScreen_StaticInit,HIDDEN-REG-ARG,,,004f3fb0,
0x00435a70,LoadGameScreen_Load,HIDDEN-REG-ARG,,,004f3ca8,
0x00435d20,SaveLoadScreen_Create,HIDDEN-REG-ARG,,,004da3d8,
0x00435ed0,SaveLoadScreen_Destroy,HIDDEN-REG-ARG,,,004da3d8,
0x00435f50,SaveGameScreen_Open,HIDDEN-REG-ARG,,,004f3ca8,
0x00435f80,LoadGameScreen_Open,HIDDEN-REG-ARG,,,004f3ca8,
0x004367a0,Turret_Construct,HIDDEN-REG-ARG,,,004dad34 004dad88 004db5ec 004db654 004db65c 004dd090 004dd09c 004dd0a8 004dd0b0 004dd0bc 004dd0c8 004dd0d4 004dd0e4 004dd0f4 004dd10c 004dd118 004dd128 004dd130 004dd13c 004dd14c 004dd158 004dd168 004dd178 004dd180 004dd18c,
0x004374a0,Turret_TrackTarget,DROPPED-CODE,,0056b424,,
0x004379f0,FUN_004379f0,HIDDEN-REG-ARG,,,004f41ec,
0x00437ac0,Turret_SpawnAllFromConfig,HIDDEN-REG-ARG,,,004dc54c 004dd13c 004dd194,
0x00437d40,Turrets_Release,HIDDEN-REG-ARG,,,004f3fd0,
0x00437d50,Turrets_ForEachNode,HIDDEN-REG-ARG,,,004f3fd0,
0x004386c0,Vehicle_UpdateEngineSound,DROPPED-CODE,,0056b424,,
0x00438990,NamedNodePair_Resolve,HIDDEN-REG-ARG,,,004db5ec,
0x00438b30,PickupCrate_TryDropIfClear,HIDDEN-REG-ARG,,,004f4210,
0x00438ba0,PlayerEntry_InitWeaponMounts,HIDDEN-REG-ARG,,,004dd1dc,
0x004390d0,Vehicle_BindGunPoints,HIDDEN-REG-ARG,,,004dcfc8 004dd200 004dd208 004dd210,
0x004399c0,Vehicle_HealthTick,HIDDEN-REG-ARG,,,004f3748,
0x00439b70,Vehicle_StopAlarmSounds,HIDDEN-REG-ARG,,,004f3748,
0x0043a600,Weapon_UpdateAimDirection,DROPPED-CODE,,0056b424,,
0x0043a900,Weapon_DecayRecoilAngle,DROPPED-CODE,,0056b424,,
0x0043b660,Player_ApplyHealthPickup,DROPPED-CODE,,004f3754,,
0x0043b730,Vehicle_StartDamageOverTime,HIDDEN-REG-ARG,,,004f373c,
0x0043bcc0,Vehicle_TakeDamage,HIDDEN-REG-ARG,,,004f36b4,
0x0043c190,Weapon_FirePrimary,HIDDEN-REG-ARG,,,004f36b4,
0x0043c330,Weapon_SpawnProjectileFrom,HIDDEN-REG-ARG,,,004f36b4,
0x0043ca20,Weapon_MountInit_LoadKillVerb,HIDDEN-REG-ARG,,,004dd218,
0x0043ca90,Weapon_IsAvailableForLevel,HIDDEN-REG-ARG,,,004f0cc0,
0x0043cc70,Weapon_BuildMineSaveRecords,HIDDEN-REG-ARG,,,004dd234,
0x0043cf90,ZoneDlg_SendChatLine,DROPPED-CODE,,004dd25c,,
0x0043d2e0,Zone_LaunchSession,HIDDEN-REG-ARG,,,004f5238,
0x0043e3b0,ZoneDlg_ResetRoomState,HIDDEN-REG-ARG,,,00538568,
0x0043efe0,Zone_RunLobby,HIDDEN-REG-ARG,,,004f3ca8,
0x0043f6b0,WolLobby_OnServerList_0043f6b0,HIDDEN-REG-ARG,,,00538568,yes
0x004404c0,ZoneSink_OnLaunchGame,HIDDEN-REG-ARG,,,004f0cc0,
0x00447540,Collision_NodeBoundsReject,HIDDEN-REG-ARG,,,00539814,
0x004476f0,Collision_NodeBoundsMultiSegment,HIDDEN-REG-ARG,,,00539810,
0x004498e0,gwNodeGetWorldOrientation,DROPPED-CODE,,00566950,00566868,
0x0044b300,Render_ProcessObject3DNode,HIDDEN-REG-ARG,,,00539978,
0x0044c3c0,SceneRender_BuildDiamondBuckets,DROPPED-CODE,,00566950 0056d264,00566868,
0x0044c8e0,SceneRender_BuildDiamondBucketsTiled,DROPPED-CODE,,00566950 0056d264,00566868,
0x0044ce70,Render_CullAndQueueSceneObjects,DROPPED-CODE,,0056d264,,
0x0044ea70,NodeList_RunAll,HIDDEN-REG-ARG,,,00539bb8 00539bc4,
0x004502b0,World_RebucketBorderCells,HIDDEN-REG-ARG,,,004ddea0,
0x004517a0,GWWorld_BuildSaveRecords,HIDDEN-REG-ARG,,,00539c30,
0x00451900,World_AllocObjectTable,HIDDEN-REG-ARG,,,004de530,
0x00452ec0,FUN_00452ec0,DROPPED-CODE,,00566950,00566868,
0x00453620,Camera_UpdateFromAttachedNode,DROPPED-CODE,,00566950,00566868,
0x00453880,Light_TransformToViewSpace,DROPPED-CODE,,00566950,00566868,
0x004558f0,DEClient_Init,HIDDEN-REG-ARG,,,004df3c8 004df3f4 004df400 004df410 004df420 004df430 004df438 004df440 004df448 004df450,yes
0x004564b0,DEObjectA_TesselateQuicksand,HIDDEN-REG-ARG,,,004df59c,yes
0x00457140,DEObjectB_TesselateCrater,HIDDEN-REG-ARG,,,004df59c,yes
0x004575f0,DEClient_RegisterAllEntries,HIDDEN-REG-ARG,,,00539e00,
0x00457750,DEClient_DestroyAllObjects,DROPPED-CODE,00447e60 004820f0,,004df59c,yes
0x00457b40,DEClient_BuildHazardSaveRecords,HIDDEN-REG-ARG,,,004dd244,yes
0x00458f70,Script_CmdSoundNodeControl,HIDDEN-REG-ARG,,,00575db8,yes
0x00459080,Script_CmdLightControl,HIDDEN-REG-ARG,,,00575db8,yes
0x00459510,Script_CmdWorldSetup,HIDDEN-REG-ARG,,,00575db8,yes
0x00459e70,AnimEvent_SpawnPhysicsDebris,DROPPED-CODE,,00566950,00566868,yes
0x0045a920,Ground_FindSurfaceNear,HIDDEN-REG-ARG,,,00575db8,yes
0x0045bf60,DEScene_DeactivateLights,HIDDEN-REG-ARG,,,00575db8,
0x0045bfd0,DEScene_DeactivateSounds,HIDDEN-REG-ARG,,,00575db8,yes
0x0045c530,Anim_ProximityClearanceTest,HIDDEN-REG-ARG,,,00575db8,yes
0x0045d3d0,AnimInstance_Stop,HIDDEN-REG-ARG,,,00575db8,
0x0045d6c0,AnimInstance_Reset,HIDDEN-REG-ARG,,,00575db8,
0x0045e100,Anim_ResetGlobals,HIDDEN-REG-ARG,,,004df740 004df74c,yes
0x00460070,EffectDefs_LoadOnce,HIDDEN-REG-ARG,,,004dac64 004db654 004df900 004df908,
0x00461f50,Effect_InitSmokeDefaults,HIDDEN-REG-ARG,,,00575a54,yes
0x00462050,Effect_SquaredDistanceToObject,HIDDEN-REG-ARG,,,00575a58,yes
0x004620d0,EffectConfig_ResolveOrParse,HIDDEN-REG-ARG,,,00575a4c,yes
0x004626b0,Seq_Load,HIDDEN-REG-ARG,,,004dfc04 004dfc10,
0x00462f90,Seq_Begin,HIDDEN-REG-ARG,,,004dfc70,
0x0046d550,TextureManager_Reset,HIDDEN-REG-ARG,,,004e06e0 004e0720,
0x0046da40,TextureArchiveListB_OpenImageZbd,DROPPED-CODE,,004e07ed,,
0x0046eb20,TextureTable_Init,HIDDEN-REG-ARG,,,004da7dc 004da7f0 0056bbe8,
0x0046efe0,Font_LoadAll,HIDDEN-REG-ARG,,,004dadb4 004e0888,
0x0046f300,Input_Keyboard_CreateDevice,HIDDEN-REG-ARG,,,004e08cc,
0x0046f450,Input_Keyboard_InitialPollAndClear,HIDDEN-REG-ARG,,,004e08cc,yes
0x0046f690,Input_Keyboard_PollAndTranslate,HIDDEN-REG-ARG,,,004e08cc,
0x0046fa10,Input_Keyboard_WaitForKeyPress,HIDDEN-REG-ARG,,,004e08cc,
0x004704f0,Input_Mouse_UpdateCursorPosition,DROPPED-CODE,,004e08f4 004e08f8,,
0x004708f0,Bindings_Alloc,HIDDEN-REG-ARG,,,004e0904,
0x004716b0,Thunk_00470820,HIDDEN-REG-ARG,,,00565ea0,
0x004716c0,Bindings_Forward_004716c0,HIDDEN-REG-ARG,,,00565ea0,
0x004716d0,InputMgr_GetPrimaryKeyBinding,HIDDEN-REG-ARG,,,00565ea0,
0x004716e0,InputMgr_GetSecondaryKeyBinding,HIDDEN-REG-ARG,,,00565ea0,yes
0x004716f0,InputMgr_GetJoystickButtonBinding,HIDDEN-REG-ARG,,,00565ea0,yes
0x00471700,InputMgr_GetMouseButtonBinding,HIDDEN-REG-ARG,,,00565ea0,yes
0x00471710,InputMgr_CommandForPrimaryKey,HIDDEN-REG-ARG,,,00565ea0,
0x00471720,InputMgr_CommandForSecondaryKey,HIDDEN-REG-ARG,,,00565ea0,
0x00471730,InputMgr_CommandForJoystickButton,HIDDEN-REG-ARG,,,00565ea0,
0x00471740,InputMgr_CommandForMouseButton,HIDDEN-REG-ARG,,,00565ea0,
0x00471750,InputMgr_SetPrimaryKeyBinding,HIDDEN-REG-ARG,,,00565ea0,
0x00471760,InputMgr_SetSecondaryKeyBinding,HIDDEN-REG-ARG,,,00565ea0,
0x00471770,InputMgr_SetJoystickButtonBinding,HIDDEN-REG-ARG,,,00565ea0,
0x00471780,InputMgr_SetMouseButtonBinding,HIDDEN-REG-ARG,,,00565ea0,
0x00471790,InputMgr_Call_00470cd0,HIDDEN-REG-ARG,,,00565ea0,yes
0x004717c0,Registry_AddWithDefault,HIDDEN-REG-ARG,,,00565ea0,
0x004717d0,Input_QueryAction,HIDDEN-REG-ARG,,,00565ea0,
0x004717e0,InputMgr_Call_00470f50,HIDDEN-REG-ARG,,,00565ea0,
0x00471800,InputMgr_Call_00470f80,HIDDEN-REG-ARG,,,00565ea0,yes
0x00471820,InputMgr_Call_00471040,HIDDEN-REG-ARG,,,00565ea0,yes
0x00471840,InputMgr_Call_00471070,HIDDEN-REG-ARG,,,00565ea0,yes
0x004719f0,StaticInit_00561cb0,HIDDEN-REG-ARG,,,00561cb0,
0x00471b50,zInInit,HIDDEN-REG-ARG,,,004e0c9c,
0x00472ed0,FUN_00472ed0,HIDDEN-REG-ARG,,,00566850 00566854,
0x00472ef0,zTransformStackPushAndCopy,DROPPED-CODE,,0056686c 00566954,00566868 00566950,
0x00472f30,zTransformStackPushRef,DROPPED-CODE,,0056686c 00566954,,
0x00472f90,FUN_00472f90,HIDDEN-REG-ARG,,,005668e8,
0x00472fa0,FUN_00472fa0,HIDDEN-REG-ARG,,,00566920,
0x00472fb0,FUN_00472fb0,HIDDEN-REG-ARG,,,00566864 00566868 0056694c,
0x00473060,FUN_00473060,HIDDEN-REG-ARG,,,00566864 00566868 0056694c,
0x004731f0,FUN_004731f0,HIDDEN-REG-ARG,,,004e0e88 00566864,
0x00473210,FUN_00473210,HIDDEN-REG-ARG,,,00566868,
0x00473230,FUN_00473230,HIDDEN-REG-ARG,,,00566868,
0x00473240,FUN_00473240,HIDDEN-REG-ARG,,,00566950,
0x00473250,FUN_00473250,DROPPED-CODE,,00566950,00566868,
0x00473280,FUN_00473280,DROPPED-CODE,,00566950,00566868,
0x004732f0,FUN_004732f0,DROPPED-CODE,,00566950,00566868,
0x00473370,zTransformConcatenateLocal,DROPPED-CODE,,00566950,00566868,
0x00473690,FUN_00473690,DROPPED-CODE,,00566950,00566868,
0x004737e0,Transform_TranslateLocal,DROPPED-CODE,,00566950,00566868,
0x00473970,Transform_RotateXLocal,DROPPED-CODE,,00566950,00566868,
0x00473b10,Transform_RotateYLocal,DROPPED-CODE,,00566950,00566868,
0x00473cc0,Transform_RotateZLocal,DROPPED-CODE,,00566950,00566868,
0x00474010,FUN_00474010,DROPPED-CODE,,00566950,,
0x004745e0,FUN_004745e0,DROPPED-CODE,,00566950,00566868,
0x00474670,FUN_00474670,HIDDEN-REG-ARG,,,00566868 00566950,
0x00474710,FUN_00474710,HIDDEN-REG-ARG,,,00566868 00566950,
0x004747d0,FUN_004747d0,DROPPED-CODE,,00566950,00566868,
0x00474c20,FUN_00474c20,DROPPED-CODE,,00566950,00566868,
0x00475c40,Render_InitRenderState,HIDDEN-REG-ARG,,,004da834 004da888,
0x004762f0,RenderState_ApplyColour,HIDDEN-REG-ARG,,,0057d938,
0x00476480,Render_ProjectWorldPointToScreen,DROPPED-CODE,,00566950,00566868,
0x004766a0,Render_ProjectToScreenScaled,HIDDEN-REG-ARG,,,00576258,
0x00476700,Occlusion_SphereVisibleInSpanBuffer,DROPPED-CODE,,00566950,00566868,
0x00476a50,Shade_SetupObjectLighting,HIDDEN-REG-ARG,,,00566868 00566950,
0x00476cf0,Render_ShadeAndQueueObjectPolygons_SW,DROPPED-CODE,,00566950 0057d1d0,00566868 0057d3cc,
0x00477b30,Render_ShadeAndQueueObjectPolygons,DROPPED-CODE,,00566950,00566868,
0x00479020,Shade_EmitPointSprite,HIDDEN-REG-ARG,,,00566868 00566950,
0x004804e0,MaterialName_FindIndex,DROPPED-CODE,,004e1190 004e1198,,yes
0x00480ae0,Material_InitArray,HIDDEN-REG-ARG,,,005669f0,yes
0x00480d80,Material_FreeAllUsed,HIDDEN-REG-ARG,,,00566a1c,
0x00484960,Collision_MeshPointQueryXZ,DROPPED-CODE,,00566950,00566868,
0x00484e00,Collision_MeshPointSetQuery,DROPPED-CODE,,00566950,00566868,
0x00484fc0,Collision_TestMeshPolygons,DROPPED-CODE,,00566950,00566868,
0x00487350,Collision_MeshSegmentSetQuery,DROPPED-CODE,,00566950,00566868,
0x00487f10,Shade_LightPolygonVertices_HW,HIDDEN-REG-ARG,,,0057d3ec 0057d968,
0x00488d60,Shade_LightPolygon_SW,HIDDEN-REG-ARG,,,0057d968,
0x00489a90,Shade_DistanceFadePerVertex,HIDDEN-REG-ARG,,,0057d938,
0x00489f30,NetPlayerList_FreeAll,HIDDEN-REG-ARG,,,0056ab30,
0x0048a0d0,DPlay_EnumConnectionsToList,HIDDEN-REG-ARG,,,004e1860,
0x0048a140,DPlay_DestroyPlayer,HIDDEN-REG-ARG,,,004e1860,
0x0048a180,DPlay_SelectProvider,HIDDEN-REG-ARG,,,004e1860,
0x0048a220,DPlay_EnumSessionsSync,HIDDEN-REG-ARG,,,004e1860,
0x0048a2c0,NetPlayer_GetField38,HIDDEN-REG-ARG,,,0056ab30,
0x0048a2e0,NetPlayer_GetPair30,HIDDEN-REG-ARG,,,0056ab30,
0x0048a310,Net_EnumSessions,HIDDEN-REG-ARG,,,004e1860,
0x0048a350,DPlay_CheckCaps,HIDDEN-REG-ARG,,,004e1860,
0x0048a410,DPlay_HostSession,HIDDEN-REG-ARG,,,004e1860,
0x0048a980,DPlay_DestroyLocalPlayer,HIDDEN-REG-ARG,,,004e1860,
0x0048a9c0,DPlay_CreateLocalPlayerAndJoin,HIDDEN-REG-ARG,,,004e1860,
0x0048acf0,DPlay_BroadcastNonGuaranteed,HIDDEN-REG-ARG,,,004e1860,
0x0048ad30,DPlay_BroadcastGuaranteed,HIDDEN-REG-ARG,,,004e1860,
0x0048ad70,DPlay_SendExTcp,HIDDEN-REG-ARG,,,004e1860,
0x0048ae10,DPlay_SendExGuaranteedAsync,HIDDEN-REG-ARG,,,004e1860,
0x0048b5e0,DPlay_OnEnumSession,HIDDEN-REG-ARG,,,0056ab30,
0x0048cd40,Reader_OpenWithSearch,HIDDEN-REG-ARG,,,0056b180,
0x0048ec90,Raster_DrawBlendLineList,HIDDEN-REG-ARG,,,0056b1c8 0056b1cc,
0x0048fd80,zRndrInit,HIDDEN-REG-ARG,,,004da834 004da888 0056bbe8,
0x00495850,Raster_FillShadedTexturedFan,HIDDEN-REG-ARG,,,00631fb0,
0x00498bd0,Draw_LineViaHook,HIDDEN-REG-ARG,,,00632050,
0x00498c00,Draw_PolylineViaHook,HIDDEN-REG-ARG,,,00632050,
0x00498f90,SW_PlotPixel_Indirect,HIDDEN-REG-ARG,,,00632050,
0x00499020,Draw_CirclePlot8,HIDDEN-REG-ARG,,,00632050,
0x00499ec0,Queue_TexturedPolygon_SW,DROPPED-CODE,004969d0,,00631fb0,
0x0049a490,Backend_FlushPolyQueue,DROPPED-CODE,,005cb578 005cb59c 005cb5c0 005cb5cc 005cba04 005cba28 005cba4c 005cba58 005cbb7c,005cb5c8 005cb5e4 005cb5e8 005cb5ec 005cb5f0 005cb5f4 005cb6ec 005cb6f0 005cba50 005cba54 005cba70 005cba74 005cbb78 005cbb80 005cbb84 005cbb88,
0x0049aa30,Backend_ItemScreenRay,HIDDEN-REG-ARG,,,00631cd0,
0x0049b020,LensFlare_Draw,HIDDEN-REG-ARG,,,0056b250 0056b254 0056b258 0056b25c,
0x0049f6f0,Sound_DuplicateA3DVoice,HIDDEN-REG-ARG,,,004e2206,
0x0049f9a0,Sound_VolumeToAttenuation,DROPPED-CODE,,004e2204,,
0x0049fa60,Sound_StartVoice_Mode1,HIDDEN-REG-ARG,,,004e2206,
0x0049fbb0,Sound_StartVoice_DirectSound,HIDDEN-REG-ARG,,,004e2206,
0x0049fda0,Sound_StopOrRestoreVoice,HIDDEN-REG-ARG,,,004e2206,
0x0049fec0,Sound_StopAllVoicesForResource,HIDDEN-REG-ARG,,,004e2206,
0x004a0380,SoundVoice_AdjustAndReplay_A3D,HIDDEN-REG-ARG,,,004e2206,
0x004a0400,SoundVoice_AdjustAndReplay_DS,HIDDEN-REG-ARG,,,004e2206,
0x004a0c40,SoundBank_Load,HIDDEN-REG-ARG,,,0056b364,
0x004a10e0,SoundVoice_SetFrequencyRatio,HIDDEN-REG-ARG,,,004e225c,
0x004a12c0,zSndInit,HIDDEN-REG-ARG,,,004da798 004da7a4 004da7b0,
0x004a1420,zSnd_CreateDevice,HIDDEN-REG-ARG,,,004e2288,
0x004a1510,SoundConfig_ParseSyntax1,HIDDEN-REG-ARG,,,004e22dc 004e22ec 004e22f4 004e2304 004e2310,
0x004a1870,SoundConfig_ParseSyntax2,HIDDEN-REG-ARG,,,004da618 004da624 004df804 004e22dc 004e22ec 004e22f4 004e2304 004e2310 004e231c 004e2320 004e2328 004e2330 004e2338 004e2344 004e2350 004e235c 004e2364,
0x004a1d10,Sound_InitA3DDevice,HIDDEN-REG-ARG,,,004e2290,
0x004a1e50,zSnd_CreateDeviceAndPrimaryBuffer,HIDDEN-REG-ARG,,,004e2290,
0x004a20d0,SoundCD_OpenDevice,HIDDEN-REG-ARG,,,004e23f0,
0x004a2600,SoundCD_Play,HIDDEN-REG-ARG,,,004e23f0,
0x004a26f0,SoundCD_Stop,HIDDEN-REG-ARG,,,004e23f0,
0x004a2750,SoundCD_PlayTrack,HIDDEN-REG-ARG,,,004e23f0,
0x004a27f0,SoundCD_GetVolume,HIDDEN-REG-ARG,,,004e23f0,
0x004a2880,SoundCD_SetVolume,HIDDEN-REG-ARG,,,004e23f0,
0x004a2b40,Sound_Set3DParams_DirectSound,HIDDEN-REG-ARG,,,004e2426,
0x004a2ec0,SoundBuffer_Create_A3D,HIDDEN-REG-ARG,,,004e2450,
0x004a34e0,SoundBuffer_Lock,HIDDEN-REG-ARG,,,004e2450,
0x004a3590,SoundBuffer_Unlock,HIDDEN-REG-ARG,,,004e2450,
0x004a5050,Sound_ServiceActiveStreamCues,HIDDEN-REG-ARG,,,0056b410,
0x004a51f0,Sound_StreamCue_RetireByPredicate,HIDDEN-REG-ARG,,,0056b410,
0x004a5250,Sound_StartStreamResource,HIDDEN-REG-ARG,,,0056b410 0056b414,
0x004a5e10,List_FreeAllPopped,HIDDEN-REG-ARG,,,0056bb8c,
0x004a5f90,WildcardName_InitDigitExpansion,HIDDEN-REG-ARG,,,0056bb88,
0x004a67d0,zVideo_CallSurfaceSlot3C0_Back,HIDDEN-REG-ARG,,,00632200,
0x004a6830,zVideo_CallSurfaceSlot3C8,HIDDEN-REG-ARG,,,00632220,
0x004a68d0,zVideo_CallSurfaceSlot3C0_Front,HIDDEN-REG-ARG,,,00632220,
0x004a68e0,zVideo_CallSurfaceSlot3C4_Record240,HIDDEN-REG-ARG,,,00632240,
0x004a68f0,zVideo_CallSurfaceSlot3C0_Record240,HIDDEN-REG-ARG,,,00632240,
0x004a69e0,zVideo_BlitImageToBackBuffer,HIDDEN-REG-ARG,,,004e3054,
0x004a75f0,zVideo_Open,HIDDEN-REG-ARG,,,004e3338,
0x004a7b60,zVideo_PresentFrame,HIDDEN-REG-ARG,,,004e30e8,
0x004a7d90,zVideo_BltRecord0ToRecord1,HIDDEN-REG-ARG,,,004e30e8,
0x004a7dd0,zVideo_BltRecord1ToRecord0,HIDDEN-REG-ARG,,,004e30e8,
0x004a7e10,zVideo_BlitImageToBackBufferEx,HIDDEN-REG-ARG,,,004e30e8,
0x004a8060,zVideo_LockWithRestore,HIDDEN-REG-ARG,,,004e30e8,
0x004a80c0,zVideo_UnlockWithRestore,HIDDEN-REG-ARG,,,004e30e8,
0x004a8100,zVideo_LockWithRestore_B,HIDDEN-REG-ARG,,,004e30e8,
0x004a8160,zVideo_UnlockWithRestore_B,HIDDEN-REG-ARG,,,004e30e8,
0x004a81a0,zVideo_ClearDepthRect,HIDDEN-REG-ARG,,,004e30e8,
0x004a8220,zVideo_ClearColourAndDepthRect,HIDDEN-REG-ARG,,,004e30e8,
0x004a83d0,DDraw_CreateTextureSurface,HIDDEN-REG-ARG,,,004e30e8,
0x004a8500,Texture_UploadPixels,HIDDEN-REG-ARG,,,004e30e8,
0x004a8720,DDraw_SetCooperativeLevelAndDisplayMode,HIDDEN-REG-ARG,,,004e30e8,
0x004a8800,DDraw_CreateAndQueryInterface,HIDDEN-REG-ARG,,,004e30e8,
0x004a88f0,Render_CreatePrimarySurfacesAndZBuffer,HIDDEN-REG-ARG,,,004da834 004da888 004e30e8 0056bbe8,
0x004a8b20,zVideo_CreateWindowedSurfaces,HIDDEN-REG-ARG,,,004da834 004da888 004e30e8 0056bbe8,
0x004a8dc0,zVideo_CreateFullscreenFlipChain,HIDDEN-REG-ARG,,,004e30e8,yes
0x004a9060,zVideo_ProbeSurfacesLockable,HIDDEN-REG-ARG,,,00632200 00632220 00632240,
0x004a90e0,zVideo_RestoreAllSurfaces,HIDDEN-REG-ARG,,,004e30e8,
0x004a9160,zVideo_QueryObject28,HIDDEN-REG-ARG,,,004e30e8,
0x004a91b0,Render_ReleaseDeviceInterfaces,HIDDEN-REG-ARG,,,004e30e8,
0x004a9300,Render_ShutdownDirectDraw,HIDDEN-REG-ARG,,,00635d0c,
0x004a9390,DDraw_EnumerateGraphicsDevices,HIDDEN-REG-ARG,,,004e30e8,
0x004a93d0,DDraw_EnumDriversCallback,HIDDEN-REG-ARG,,,004e30e8,
0x004a95e0,Render_EnumerateD3DDrivers,HIDDEN-REG-ARG,,,004e30e8,
0x004a9890,zVideo_SetPaletteEntries,HIDDEN-REG-ARG,,,004e30e8,
0x004a9ac0,FUN_004a9ac0,HIDDEN-REG-ARG,,,004e3374,
0x004a9b40,FUN_004a9b40,HIDDEN-REG-ARG,,,004e3374,
0x004a9b70,zVideo_FlipFrame,HIDDEN-REG-ARG,,,004e3374,
0x004a9c20,Render_CreateD3DDevice,HIDDEN-REG-ARG,,,004e3374,
0x004aa0f0,D3DTextureBinding_CreateFromImage,HIDDEN-REG-ARG,,,00632158,
0x004aab30,zVideo_ApplyFogColour,DROPPED-CODE,,006321f4 006321f8 006321fc,,
0x004acbd0,Render_DrawPolygonImmediate,HIDDEN-REG-ARG,,,004e3374,
0x004accc0,Render_FillVertexScratchColour,DROPPED-CODE,,00633644 00633648 00633664 00633668,,
0x004ace30,Render_FlushSortedDrawQueue,HIDDEN-REG-ARG,,,004e3374,
0x004ad250,Render_FlushMainDrawQueue,DROPPED-CODE,,006b7938,004e3374 006b7118 006b7928 006b792c 006b7930 006b7948,
0x004ae660,Weapon_FireProjectile,HIDDEN-REG-ARG,,,00778920,
0x004aeaa0,Weapon_SpawnProjectile,HIDDEN-REG-ARG,,,00778920,
0x004aeb50,Weapon_FreeProjectile,HIDDEN-REG-ARG,,,00778920,
0x004aed00,Weapon_ProjectileDetonate,HIDDEN-REG-ARG,,,00778920,
0x004b0600,Weapon_PlaySound_Thunk1,HIDDEN-REG-ARG,,,00779a8c,
0x004b0620,Weapon_PlaySound_Thunk2,HIDDEN-REG-ARG,,,00779a90,
0x004b0640,Weapon_PlaySound_Thunk3,HIDDEN-REG-ARG,,,00779a94,
0x004b0660,Weapon_ApplyRadiusEffectA,DROPPED-CODE,,00779a7c,,
0x004b0710,Weapon_ApplyRadiusEffectB,DROPPED-CODE,,00779a7c,,
0x004b09d0,Weapon_IsPathClear,HIDDEN-REG-ARG,,,00778920,
0x004b0e20,Weapon_BeamDamageTick,HIDDEN-REG-ARG,,,00778920,
0x004b1090,Weapon_InitSubsystem,HIDDEN-REG-ARG,,,004e42f0,
0x004b1140,Weapon_BuildSubsystemSaveRecord,HIDDEN-REG-ARG,,,004e42f8,
0x004b1190,Weapon_LoadMountArrayFromConfig,DROPPED-CODE,,004e1190 004e1198,004db408 004db654 004dd0bc 004df450 004df804 004e4354 004e436c 004e4380 004e4390 004e43a4 004e43ac 004e43c0 004e43c8 004e43e8 004e43f0 004e43fc 004e4408 004e441c 004e4428 004e4438 004e4448 004e4458 004e4464 004e447c 004e448c 004e4494 004e449c 004e44a8 004e44bc 004e44cc 004e44d4 004e44e8 004e44f0 004e4500 004e4508 004e4514 004e4524 004e4534 004e453c 004e4548 004e455c 004e456c 004e4580 004e4590 004e45d0,
0x004b1ec0,Weapon_CreateBeamInstance,HIDDEN-REG-ARG,,,00778920,
0x004b1fa0,Weapon_LoadImpactEntry,HIDDEN-REG-ARG,,,004dc17c 004dd178 004df80c 004e4610 004e4620 004e462c 004e463c 004e4650,
0x004b2160,Weapon_CreateLightPool,HIDDEN-REG-ARG,,,004e4658,
0x004b2520,Weapon_TakeLightFromPool,HIDDEN-REG-ARG,,,00778920,
0x004b2570,Weapon_ReturnLightToPool,HIDDEN-REG-ARG,,,00778920,
0x004b2960,Settings_LoadFromRegistry,DROPPED-CODE,,004e466c,,
0x004b2bf0,Settings_SaveToRegistry,DROPPED-CODE,,004e466c,,
0x004b3640,SysInfo_CpuidFamily,HIDDEN-REG-ARG,,,004e468c,
0x004b36f0,SysInfo_MeasureCpuSpeed,HIDDEN-REG-ARG,,,004e46a0,
0x004b59f0,Button_LoadFromConfig,HIDDEN-REG-ARG,,,004db428 004dc17c 004e46d0 004e46dc 004e46e4 004e46ec 004e46f4 004e46fc 004e4708 004e4710,
0x004b7340,Button_LoadStatesFromConfig,HIDDEN-REG-ARG,,,004e46f4 004e4708 004e471c 004e4728 004e4738 004e4740,
0x004b82e0,Cycler_LoadFromConfig,HIDDEN-REG-ARG,,,004e4708 004e4738 004e4748 004e4750 004e475c,
0x004b85c0,Slider_LoadFromConfig,HIDDEN-REG-ARG,,,004e4764,
0x004b8850,Toggle_LoadFromConfig,HIDDEN-REG-ARG,,,004e4770,
0x004b8be0,ScrollGroup_LoadFromConfig,HIDDEN-REG-ARG,,,004e477c,
0x004b8de0,ListScreen_LoadFromConfig,HIDDEN-REG-ARG,,,004e4784 004e4790 004e479c 004e47a4 004e47b0,
0x004b9540,ScreenBase_Ctor,HIDDEN-REG-ARG,,,004da69c,
0x004b9900,ScreenBase_LoadFromConfig,HIDDEN-REG-ARG,,,004dadb4 004dfc04 004e4708 004e47c0 004e47d4 004e47dc 004e47e4 004e47f4 004e4808 004e4824,
0x004ba070,ScreenBase_BindButtonImpl,HIDDEN-REG-ARG,,,004e4838,
0x004ba0e0,ScreenBase_BindWidget,HIDDEN-REG-ARG,,,004db428 004e4708 004e4710 004e475c 004e4840 004e484c 004e4858 004e4864,
0x004bbca0,ListWidget_SetItemCount,DROPPED-CODE,004bc3a0,,,
0x004bd280,MessageOverlay_Show,HIDDEN-REG-ARG,,,0056bd24,
0x004bee50,GlobalCompositePanel_StaticInit,HIDDEN-REG-ARG,,,0056bd58,
0x004beee0,ScreenFX_QueueFade,HIDDEN-REG-ARG,,,0056bd58,
0x004bef10,ScreenFX_QueueFlashRect,HIDDEN-REG-ARG,,,0056bd58,
0x004bef40,GlobalCompositePanel_SetSlot,HIDDEN-REG-ARG,,,0056bd58,
0x004bef50,SetRect_Object0056bd58,HIDDEN-REG-ARG,,,0056bd58,
0x004bef70,Manager_0056bd58_Tick,HIDDEN-REG-ARG,,,0056bd58,
0x004c20a0,Script_DispatchCommand,DROPPED-CODE,,004e4ad4 004e4ae8 004e4afc 004e4b14 004e4c68 004e4c7c 004e54c0 004e54e4 004e5550 004e55f4 004e5628 004e58f0,,
0x004c58e0,Script_SetNodeTextureScroll,DROPPED-CODE,00447dc0 00447f30 0044daa0 004760d0 004c5b76,,004e5af8,
