id,status,kind,subsystem,blocks_phase,description,how_to_close,source
KG-01,CLOSED,re-gap,script,P2,"Game-level script commands are not itemised: LoadGameGen (295 uses), source (218), set (184), Quit (95), SetMission, SetModelDirectory, WeaponSetMaxTetherAltitude, GameGenSetWorld, GameGenForceFlatShading, SetKeyboardInput, GenericTerrainMorph, mkdir. Handled outside Script_DispatchCommand (builtin directives + game pre-hook).",Read 0x004c1c50 Script_BuiltinDirectives and the pre-hook; candidates 0x00451bd0/0x00451f70/0x00452100/0x00452250 reference the strings; add an args table like 0x004c20a0_interp_args.csv,"04_spec/systems/script.md (E4); CLOSED 2026-09-29 (Sonnet, decompile + string + raw byte scan): the script interpreter's own directives are FUN_004c1c50 (ledger Script_BuiltinDirectives; __thiscall, ECX = interpreter, arg = the caller's context; current line at [this+0x20] when [this+8] != 0; conditional-skip depth at this+0xc4). In order: 'endif' (strncmp 5, string 0x004e4a20: decrements the skip depth when > 0); while the skip depth is non-zero every other line is ignored (returns 0); 'ifdef' (0x004e4a18, 5) and 'ifndef' (0x004e4a10, 6) test a name through 0x004c1b50 and raise the skip depth when the condition fails; 'mkdir DIR' (0x004e4a08, 5; _mkdir, errno 17 EEXIST is ignored, other errors print '%s %s FAILED (errno == %d)' 0x004e49ec); 'Quit' (exact strcmp against 0x004e49e4) sets this+0x18 = 1; 'set A B' (0x004e49e0, 3) calls 0x004c1780(A, B) (a macro definition, INFERRED from 'who' listing 'Macros'); 'source FILE' (0x004e49d8, 6) strdup's the path, frees this+0x1c, opens it through 0x004c1500 and clears this+0x18; 'who' (0x004e49d4, 3) prints '%d Macros' (count this+0x64, entries of 8 bytes at this+0x60: '%12s: %s') and '%d Variables' (count this+0x6c, 0xc-byte entries at this+0x68 dumped by 0x004c1ab0); 'var NAME set|= VALUE' (0x004e49a8, 3; NAME found by 0x004c1a40 else ""Can't find variable ( %s )""): type field [entry+4] 0 = int (value from 0x004c1a20), 1 = float (0x004c1a00, then 0x004c1ab0), 2 = string ('Can't modify string variables'); anything else returns 1 = not a builtin, handed to the game-level dispatcher. Game-level commands: a case-insensitive raw byte scan of 00_original/game_install/Recoil.exe finds NO name string for LoadGameGen, SetMission, SetModelDirectory, GameGenSetWorld, GameGenForceFlatShading, SetKeyboardInput or GenericTerrainMorph (only WeaponSetMaxTetherAltitude exists, string 0x004dae54, handler ScriptCmd_WeaponSetMaxTetherAltitude_00414ad0). So the shipped executable has no code that recognises those seven commands (authoring-time commands of the original pipeline). A line that no builtin, pre-hook (vfunc+0), dispatcher (0x004c20a0) or post-hook (vfunc+4) accepts leaves the interpreter state at 3 and FUN_004c1090 (0x004c1090, call at 0x004c1110) emits 'BadCommand (%s): %s' (0x004e4904) through the optional log callback [interp+0x70] (FUN_004c1b30; nothing happens when it is NULL) - non-fatal, the script keeps running. Nothing further to itemise or port for them. CONFIRMED-BINARY 0x004c1c50..0x004c1f00 for the directives above."
KG-02,OPEN,verification,all,P1-P6,"Behaviour is read from code, not yet checked against the running original: ~100 of 3330 engine functions VERIFIED-ORACLE; every function has a verify_plan but none has been executed for Stage 2.",Run each function's verify_plan as its translation lands (Stage 2 protocol); re_status counts remake functions by verification tag,ledger verify_plan (F1)
KG-03,OPEN,evidence,hud menus app avi znetwork,P3-P5,"19 vtable-only methods were confirmed from Ghidra decompiles, not a byte-level read; their subsystems and those of 44 others (63 total) were assigned from address neighbours (INFERRED).",Byte re-read each of the 19 before translating it; confirm subsystem from callers/vtable owner class,"G1, 03_re/decomp/vtable_orphans_listing.txt; PROGRESS 2026-09-29 (Sonnet, disassembly re-read of the vtable-only methods that have no oracle test yet; details per function in the BYTE RE-READ notes): 16 re-read against their exact instructions - Thunk_00414590 0x00414660, Thunk_00435240 0x00434970, Thunk_00435a70 0x00434dc0, ZNet_Forward_0042db50 0x00441660, MPExitScreen_OnEnter 0x004198d0, MPExitScreen_Tick 0x00419990, AppScreen_Tick 0x0042eac0 / 0x0042ee70, AppScreen_Slot10_Tick 0x0042ec80, AppScreen_PlayMissionFmv 0x0042edb0, App_EnterMissionOver 0x0042f8e0, AppScreen_Shutdown 0x0042f9d0, ZNet_MessageBoxHook 0x0043fa70, WolLobby_OnServerList 0x0043f6b0, WolLobby_OnError 0x0043fa90, WolLobby_OnChatLine 0x0043fde0, SeqAvi_ShowFrame 0x004636d0. Result: 15 confirmed (three notes were imprecise and are refined), ONE WAS WRONG: AppScreen_Tick_0042ee70 - the ledger had 'if ![this+0x28] && !0x004630e0(this+8)' but the bytes are JNZ-to-call on [this+0x28] != 0 OR 0x004630e0(this+8) == 0 (an OR). Not yet re-read: WolLobby_OnChannelEvent 0x0043f830 (multiplayer, out of v1 scope) and the 28 vtable-only methods that already have IMPLEMENTED-UNVERIFIED ports (their port was written from the bytes; their oracle test is the byte-level check). The subsystem assignments by address neighbourhood are unchanged (INFERRED)."
KG-04,CLOSED,re-gap,vehicle,P3,Class config +0x54 is written by both loaders (physics loader: mode string; VehicleClass_LoadCommonMode: int (argc-1)/2-1). Which runs last is not established.,Read the caller that invokes both loaders; confirm order,"04_spec/structs/VehicleClassConfig.md (E2); CLOSED 2026-09-29 (Sonnet, disassembly read): there is no overlap - the two +0x54 fields belong to different structures. Player_InitPhysicsGlobalsAndVehicleClasses 0x0041fe90 calls VehicleClass_LoadCommonMode (0x00422170, call at 0x0042062c) with ECX = the class node EBX and, right after, reads MOV EAX,[EBX+0x54] (0x00420631) as the loop bound of a per-mode loop (JLE 0x004206f2 when <= 0): class +0x54 is the int mode count (argcount-1)/2-1. Inside that loop each mode gets a zeroed 0x2bc-byte record (operator new at 0x00420652, REP STOSD 0xaf dwords) and Vehicle_LoadClassPhysicsConfig (0x004226d0) is called with ECX = that record ESI (0x004206a9 MOV ECX,ESI; call at 0x004206ab); the physics loader's 'mode' string lives at record+0x54 (the code then does LEA EDI,[ESI+0x54]; SCASB.REPNE strlen and copies the string into the class's mode-name array at +0x50 steps). So class+0x54 (count) and mode-record+0x54 (string) do not collide. CONFIRMED-BINARY 0x0042062c..0x004206e0. The spec line in 04_spec/structs/VehicleClassConfig.md:131 ('Which runs last is not established') can be replaced by this."
KG-05,CLOSED,re-gap,vehicle,P3,stopping/friction clamp: +0xd0 compared with +0xcc and possibly replaced by 0.9*+0xcc; the jump direction at 0x00422984..0x004229a3 is not read.,Read the FCOMP/FNSTSW/jump sequence,"VehicleClassConfig.md defaults table; CLOSED 2026-09-29 (Sonnet, disassembly read): in Vehicle_LoadClassPhysicsConfig 0x004226d0 the sequence FLD [class+0xd0]; FCOMP [class+0xcc]; FNSTSW AX; TEST AH,0x41; JNZ 0x004229a9 skips the store when +0xd0 <= +0xcc (or unordered); otherwise FLD [+0xcc]; FMUL float [0x004d06b0] (bytes 66 66 66 3f = 0.9f); FSTP [+0xd0]. So: if (+0xd0 > +0xcc) +0xd0 = +0xcc * 0.9f. CONFIRMED-BINARY 0x00422984..0x004229a3, constant 0x004d06b0."
KG-06,CLOSED,re-gap,vehicle,P3,"rate_damping default when the key is absent = EAX at 0x00422a8f, value not established.",Trace EAX back through the preceding FindChild call / read in a trace,"VehicleClassConfig.md; CLOSED 2026-09-29 (Sonnet, disassembly read): the FindChild at 0x00422a67 uses the key string at 0x004dc8b8 = 'rate_damping'; when the key is absent (JZ 0x00422a8a) EAX = 0x41f00000 = 30.0f is stored to both class +0xbc and +0xc0 (0x00422a8f, 0x00422a95). Default = 30.0f. CONFIRMED-BINARY 0x00422a8a..0x00422a95."
KG-07,CLOSED,re-gap,zclass_nodes asset_io,P2,"gamez.zbd: the 0x1000000 has-data flag never appears in files (runtime-only?); header value = free-list head is INFERRED (m1 no holes, m6 287 Empty); m6 data offsets not ascending; per-node data parse not validated against files.",Read GameZ_ReadNodeData 0x00454c60 and the free-list code; write asset_check_gamez.py that parses all 13 files to EOF,"04_spec/systems/asset_io.md (E4); CLOSED 2026-09-27: GameZ_LoadZbd 0x00455520 / GameZ_ReadHeader 0x004556a0 / GameZ_ReadNodeBuffer 0x00455350 / GameZ_ReadNodeData 0x00454c60 read (CONFIRMED-BINARY): the has-data flag 0x1000000 is set by the loader (ReadNodeData > 0), never in the file; header [7] is the free-list head (-> 0x004de4c8, popped by the allocator 0x004478c0, next = low 24 bits of +0xC0); node data follows the 0xC4-byte node array sequentially in node order (no per-node offsets). 03_re/scripts/asset_check_gamez.py parses all 13 gamez.zbd to EOF: free lists end at 0xFFFFFF, used + free = 16000 in every file. Header word [2] is not read by the loader (unknown use)."
KG-08,OPEN,re-gap,mapscreen,P5,.zmap header +0x24 (values 1-31) meaning unknown; no m13.zmap ships - map-screen behaviour for mission 13 not established.,Read map-screen draw code for +0x24; trace/inspect Mission_LoadMapScreen failure path for m13,"asset_io.md; PROGRESS 2026-09-29 (Sonnet, decompile read; NOT closed): MapScreen_ReadFile 0x004168d0 reads version (+0x20, must be 5), then 4 bytes into +0x24 and 0x18 bytes (six values) into +0x28..+0x3c, then the marker list. The bounds +0x28/+0x30/+0x34/+0x3c are used by MapScreen_Update 0x00417130 (centre) and MapScreen_BeginZoomToFit 0x00416a30. The +0x24 dword is NOT read by MapScreen_Update, MapScreen_WorldToMap 0x00416c90, MapScreen_DrawEntityBlip 0x00416f10, MapScreen_DrawFocusMarker 0x00416d50, MapScreen_BeginZoomToFit or MapScreen_SetRects 0x004166e0 (all decompile-read); MapScreen_Init zeroes it. So it is either unused by the shipped code or read only by a function not yet checked (the remaining MapScreen_* rows: PushVisible 0x00416b30, UpdateZoomAnim 0x00416be0, EntityOffset 0x00416e50, SetRadarRange 0x00416ef0, marker helpers 0x00415xxx). Also decompile-read with no +0x24 access: MapScreen_PushVisible 0x00416b30 (a nesting counter [0x004f0c98] that starts / ends the zoom), UpdateZoomAnim 0x00416be0, EntityOffset 0x00416e50, SetRadarRange 0x00416ef0 (stores r*r at +0xc8), the draw helper 0x00416dd0 and Mission_LoadMapScreen 0x00417260 (sprintf('maps/m%d.zmap'), MapScreen_LoadFile, three Sound_ResolveResourceByName results into +0x5c/+0x60/+0x64). So no MapScreen_* method reads the header dword; port impact: read and keep it (file layout), nothing consumes it in the code read so far. Only a reader outside the MapScreen class (through the object pointer) could remain, which was not searched. The missing-m13.zmap path (Mission_LoadMapScreen returns MapScreen_LoadFile's result) is the other open half."
KG-09,OPEN,naming,mission,P3,"Mission_GetOutcome 0x00417800 returns +0xdc, which Mission_Load treats as the mission id and App_EnterGameplay uses for the CD track. Name may be wrong.",Check all callers; rename if it is the mission index,04_spec/systems/app.md
KG-10,OPEN,tooling,-,P3,"capture_state: camera and effect fields disabled (no sourced active-camera / effect global); first screenshot of each run is a 160x28 black grab; no per-frame inputs or dt are recorded, so captures cannot drive a lockstep replay.",Source the active camera pointer; fix window selection; lockstep data comes from TTD instead (see STAGE2.md tooling T3),tools/capture_state
KG-11,OPEN,reference-data,vehicle mission,P3,"Reference coverage is thin: one combat capture run only (captures/combat, 1013 frames, 13 airborne); no clean driving run; no water, mode-switch, rough-ground or landing captures; no targeted TTD traces of those or of AI/damage.",[user] record targeted TTD traces (Record COMBAT trace.bat) and short capture runs per behaviour as each subsystem is verified,TODO_PREPLAN Needs you
KG-12,CLOSED,tooling,all,P0,Ghidra decompiles can be incomplete: the Script_DispatchCommand decompile silently dropped 6 branches. Other large decompiles in 03_re/decomp_raw may also be missing code.,"CLOSED 2026-09-25 (P0.3): decomp_check.csv lists 84 DROPPED-CODE + 421 HIDDEN-REG-ARG functions; STAGE2.md section 7 requires translating those from the listing. Write a checker comparing each function's listing (call targets, string refs) against its decompile; flag functions whose decompile misses listing references",E4 finding
KG-13,OPEN,re-gap,zvideo,P4,Unnamed zVideo globals 0x00632208/10/14/28/30 and which surface record each installed slot receives at run time.,Trace the slot install per driver; read callers,"04_spec/systems/zvideo.md Open; PROGRESS 2026-09-29 (Sonnet, ledger notes + xrefs; NOT closed): the display records are 0x20-byte structs at 0x00632200 (render), 0x00632220 (surface) and 0x00632240 (third; zVideo_CaptureSurfaceToImage notes). zVideo_NotifyScreenResize 0x004a6770 passes the render size [0x00632204] x [0x00632208] and zVideo_NotifyScreenResizeFromSurface 0x004a6840 the surface-size copy [0x00632224] x [0x00632228], so 0x00632208 is the render HEIGHT (record 0 + 8) and 0x00632228 the surface HEIGHT (record 1 + 8); the getters 0x004a6740 / 0x004a6820 return them (MPExitScreen_OnEnter 0x004198d0 feeds 0x004a6820() through 0x00408690 / 0x004086c0 into the framebuffer set-up 0x00490340). 0x00632210 / 0x00632214 (record 0 + 0x10 / + 0x14) and 0x00632230 (record 1 + 0x10) have only READ xrefs (0x004a6710, 0x004a67e0, 0x004a67f0 and the resize / capture routines) - the writers go through a slot / struct copy, so their meaning (pitch? colour depth? window handle?) needs a trace of the slot install per driver. The two heights could be renamed zVideo_GetRenderHeight / zVideo_GetSurfaceHeight (source uses the current names, so left for the source-edit window)."
KG-14,CLOSED,re-gap,vehicle,P3,Surface-type offsets [0x004f376c] (type 3) and [0x004f3698] (type 4) and the steepness threshold [0x004f3338] are not identified.,Find writers; read terrain/surface init,"04_spec/systems/vehicle.md s12; CLOSED 2026-09-29 (Sonnet, disassembly + string read): Player_InitPhysicsGlobalsAndVehicleClasses reads three float keys from the physics config (FindChild 0x0048cf70, value at [[node+4]+0xc]) with defaults: [0x004f3338] = key 'max_slope' (string 0x004dc3e8), default 0x3f34fdf4 = 0.70710677 (0x0042043b); [0x004f3698] = key 'lava_sink' (0x004dc3f4), default 0x3f19999a = 0.6f (0x00420413); [0x004f376c] = key 'qsand_sink' (0x004dc400), default 0x3f666666 = 0.9f (0x004203eb). So [0x004f376c] is the quicksand sink factor (surface type 3), [0x004f3698] the lava sink factor (type 4) and [0x004f3338] the steepness threshold ('max_slope'). Readers: FUN_0042c0d0 (sink factors, 0x0042c120 / 0x0042c12f) and FUN_0042c420 / FUN_00427440 (max_slope). The type-number to key mapping (3 = quicksand, 4 = lava) follows the KG text and is INFERRED from the key names. CONFIRMED-BINARY 0x004203ce..0x00420445."
KG-15,CLOSED,re-gap,app,P3,Global 0x004e2fb8 is set to 1.0 by the frame timer 0x004a56d0; role not established (time scale candidate).,Read the frame timer fully; find readers,"03_re/ledger/global_notes.csv; CLOSED 2026-09-29 (Sonnet, decompile + xref read): Timer_UpdateFrame 0x004a56d0 is the only reader and writer of 0x004e2fb8. It computes now = GetTickCount() * 0.001 (0x004e2fb4), takes the OLD value of 0x004e2fb8 as a one-frame time-scale factor, sets it back to 1.0, real dt = now - last (0x0056b42c), game dt (0x0056b424) = scale * real dt, clamps game dt to the maximum 0x004e2fa8 (initial 0x3e000000 = 0.125 s) when the clamp flag 0x004e2fac (initial 1) is set, adds to the game clock 0x0056b428 and the real clock 0x0056b430. Initial value of 0x004e2fb8 is 0x3f800000 = 1.0f and nothing else in the image writes it, so it is effectively constant 1.0 (a hook for slow-motion that the shipped game never uses). CONFIRMED-BINARY 0x004a56d0..0x004a5760, initial data 0x004e2fa8..0x004e2fb8."
KG-16,CLOSED,re-gap,vehicle,P3,"chas_pitch[0]/[1] key-order-to-index mapping inside the config array is assumed, not read.",Read ConfigTree_FindChildByName_Vec3 value layout (arg stride 8),"VehicleClassConfig.md; CLOSED 2026-09-29 (Sonnet, disassembly read): Vehicle_LoadClassPhysicsConfig loads 'chas_pitch' (string 0x004dc844) at 0x00422d04 (FindChild 0x0048cf70) and, when present, copies the list values in file order: the first value ([[node+4]+0x0c]) to class +0xe0 unchanged (0x00422d1a), the second ([[node+4]+0x14]) to +0xe4 unchanged (0x00422d26), the third ([[node+4]+0x1c]) through FABS to +0xe8 (0x00422d2f..0x00422d34); absent -> all three = 0 (EBP, 0x00422d3c..0x00422d48). The list values are 8 bytes apart (ConfigValue_GetVec3Opt 0x00413ad0 reads +0xc, +0x14, +0x1c the same way). So chas_pitch[0] -> +0xe0, [1] -> +0xe4, [2] -> |x| -> +0xe8 (clamp). CONFIRMED-BINARY 0x00422d04..0x00422d48. Which of [0] / [1] is the velocity term is still a semantic question about the consumer, not about the loader."
KG-17,OPEN,re-gap,player vehicle,P3,"PlayerEntry +0x0c and +0x20 unknown; weapon-mount list head/tail split (+0x10..+0x18); VehicleInstance +0x448, +0xd58, +0xd5c meanings; controller list contents (+0x498, +0x4b0).","Read PlayerEntry_AddMount 0x004384e0, Vehicle_ClearControllerLists 0x00423530 and their readers","04_spec/structs/PlayerEntry.md, VehicleInstance.md; PROGRESS 2026-09-29 (Sonnet, decompile read; NOT closed): PlayerEntry_AddMount 0x004384e0 (ECX = PlayerEntry) allocates one zeroed 0xc4-byte mount record (malloc, 0x31 dwords), stores it in PlayerEntry+0x08 when that is still 0 (the first mount), and appends it to a singly linked list: link at record+0, list head PlayerEntry+0x14, tail +0x18 (set to the new record, and the old tail's link is patched), count +0x1c. So the mount list is head +0x14 / tail +0x18 / count +0x1c and +0x08 is the first-added record; +0x10 is not touched here. Vehicle_ClearControllerLists 0x00423530 (ECX = node, V = [node+4]) frees six singly linked lists of records that link through record+0x44, clearing four dwords per list at V+0x474, V+0x484, V+0x494, V+0x4a4, V+0x4b4 and V+0x4c4 (the head pointer is the second dword of each block: +0x478, +0x488, +0x498, +0x4a8, +0x4b8, +0x4c8; the other three words - +0, +8, +0xc of each block, likely count / tail / cursor - are zeroed). So V+0x498 and V+0x4b0/0x4b8 belong to controller lists of 16-byte blocks, not scalars. Still open: PlayerEntry +0x0c / +0x20, VehicleInstance +0x448 / +0xd58 / +0xd5c, the record layout behind link +0x44 and what fills each of the six lists. CONFIRMED-BINARY for the structure above (0x004384e0, 0x00423530)."
KG-18,OPEN,re-gap,avi,P5,"FMV codecs: 8 shipped AVIs are Indeo 5 (IV50) and 3 are Cinepak (cvid). Windows 11 ships no Indeo 5 decoder, so the remake needs its own decoder (e.g. FFmpeg libavcodec, which decodes both) - licensing and exact frame output to be checked.","User 2026-09-25: movies may be converted to another format. Plan: convert the 11 AVIs offline once (decode with a tool that handles IV50/cvid, store lossless), then check the converted frames against frames from the original running under dgVoodoo2. Remaining work: the conversion tool + that check.",checked 2026-09-25 (fourcc read from files)
KG-19,CLOSED,hygiene,-,P0,"re_status VERDICT does not gate on engine functions UNCONFIRMED, missing a subsystem or missing a verify plan (it printed CLEAN with 19 unconfirmed during G1). WHOLE-GAME PROGRESS line counts 3113 (map1_reachable only) vs 3330.",CLOSED 2026-09-25 (P0.1): verdict gates on unconfirmed/no-subsystem/no-plan counts; tested both ways. Add those counts to the drift tripwires; fix the whole-game line,re_status.py
KG-20,CLOSED,hygiene,-,P0,"ROADMAP.md shows stale Stage 1 numbers (61.2%); GOAL.md and STAGE1.md still say 3,114 engine functions (now 3,330).",CLOSED 2026-09-25 (P0.2). Run roadmap_sync.py; correct the counts in GOAL.md/STAGE1.md without adding prose,2026-09-25 review
KG-21,CLOSED,decision,-,P0,Numeric fidelity: evidence says 53-bit x87 (fpcw 0x027F) under dgVoodoo2; original built with MSVC 5.0 (linker 5.10). Choose: x86-32 x87 build of the sim core vs x64 SSE2 with a tolerance; fsin/fcos/fpatan handling.,DECIDED 2026-09-25 by the user: accepted STAGE2.md D1-D5 recommendations. [planning] decide in the Stage 2 planning session (STAGE2.md D1),zvideo.md s1
KG-22,CLOSED,decision,-,P0,Pixel tolerance vs the dgVoodoo2 captures; reference frame rate; graphics API (Direct3D 11 or OpenGL).,DECIDED 2026-09-25 by the user: accepted STAGE2.md D1-D5 recommendations. [planning] STAGE2.md D2-D4,
KG-23,CLOSED,decision,-,P0,"Random numbers: replicate MSVC 5 rand()/srand and every call site order (ai_net, geometry, rasteriser noise buffer, sound variants use rand()).",DECIDED 2026-09-25 by the user: accepted STAGE2.md D1-D5 recommendations. [planning] STAGE2.md D5,
KG-24,CLOSED,decision,sound,P5,"CD music: the original plays CD audio tracks via MCI; the remake needs the tracks as files. Sourcing is a user decision. || 2026-10-07: the music IS on the user's full disc images as 4 CD audio tracks (tracks 2-5: 3:35, 9:10, 8:47, 7:20 on the Recoil Classic .nrg; same 4 on the 1998 .bin, split by silence). tools/recoil_source.py finds them (NRG track table, cue sheet, or silence split for a bare .bin) and saves WAV (--music DIR). Installed folders / zips / the CD-contents folder carry no music. || IMPLEMENTED 2026-10-07: 05_remake/boot/virtual_cd.cpp - a virtual CD-audio drive in the launcher platform layer answers the game's mciSendCommandA / aux* calls (open cdaudio, status, set, seek, play with notify, stop, close; aux CD-audio volume line) as a drive holding the Recoil disc and streams music	rackNN.wav (extracted from the player's disc image by tools/recoil_source.py --music) through waveOut. Game code unchanged. Evidence: RECOIL_VCD_LOG run of mission 1 -> ""open cdaudio (5 tracks)"", ""play tracks 3..3 (notify)"" = the original formula mission % (tracks-2) + 2; no MCIError any more (VERIFIED-PLAYPATH pending: user listening test).",User listening test: mission music plays and loops; CD volume slider changes it.,
KG-25,OPEN,deviation,transform,P1,"zTransformConcatenateLocal (0x00473370) mode 2 copies three never-written temp words (stack residue) into the translation. Not reproducible by construction; the port keeps the current translation instead (transform_x87.cpp, marked KG-25). Mode 2 executes 0 times in Recoil18 and Recoil21.","If a mode-2 call is ever observed in a trace, compare the translation the original produces; otherwise the deviation stands (VERIFIED-UNIT: tests/test_transform_native.cpp checks rotation bit-exact and translation kept)",04_spec/systems/transform_stack.md (LATENT DEFECT)
KG-26,OPEN,original-defect,geometry,P3,"The original Weiler clipper loops forever on some degenerate inputs: WeilerClip_Run (0x00464810) -> WeilerClip_FindIntersections spins at 0x00465b72 (seen with cdb). In tests/test_weiler_clip_native.cpp, 261 of 3988 random runs on a coarse grid hung and 3 raised the same access violation on BOTH sides; the port reproduces both faithfully. Whether any shipped map or model can reach these inputs is not known.","Run the clipper over every clip the game actually performs (ClipModel_SplitByRegion / ClipModel_AgainstRegion inputs from a TTD trace or from the shipped models) and check none hang; if one does, decide with the user whether to keep the hang or add a guard (a deliberate deviation)",tests/test_weiler_clip_native.cpp (2026-09-25)
KG-27,OPEN,original-defect,settings,P2,"Settings_LoadFromRegistry 0x004b2960: for a registered node whose type is above 7 the switch at 0x004b2b27 falls to its default, leaving the expected size [EBP-0x4] and the destination EDI uninitialised; if the probed value size happens to equal that stack residue, RegQueryValueExA writes to an arbitrary address. Register/Save also leave such nodes partly set. The port reproduces the instructions (not the residue).",Check the type argument of every Settings_RegisterNode caller (RecoilApp_LoadUserSettings 0x00407700 and others) when they are ported; if all are 0..7 the defect is unreachable and this closes,tests/test_settings_registry_native.cpp (2026-09-26)
KG-28,OPEN,original-defect,asset_io,P2,"File_ReadLengthPrefixedString 0x004a6110: the result of the first ReadFile (4-byte length) is not checked, so a file that ends before 4 bytes leaves the length local [ESP+0x10] partly or wholly uninitialised; malloc(len+1), the zero fill and the body read then use stack residue (a huge value faults in the zero fill). The port reproduces the instructions (not the residue).","Check what its callers read (Zar archive / zreader loaders) when they are ported: if every call site reads from a file already known to hold the length, the defect is unreachable in play and this closes",tests/test_zar_read_string_native.cpp (2026-09-26)
KG-29,OPEN,original-defect,asset_io,P2,"Zar_WriteEntry 0x004a64d0 builds its 0x94-byte TOC record on the stack and never initialises the flags word (record +0x48, [ESP+0x5C]): with an alternate name it ORs in 2, without one it leaves it; the alternate name (+0x4C, 0x40 bytes) and the pair words (+0x8C/+0x90) are written only with an alternate name. The record is copied into the TOC as is, so those words carry stack residue into the archive. The port reproduces the instructions (not the residue).","Check what readers of the TOC use from the flags word and pair (Zar lookups, when ported): if only bit 1 of the flags and the pair of alt entries are read, the residue is harmless and this closes",tests/test_zar_toc_native.cpp (2026-09-26)
KG-30,OPEN,original-defect,asset_io,P2,Model_AddPolygon 0x00483650: vertices added without offsets (Model_AddVertexDedup 0x00482720) grow only the position array [+0x34]; Model_AddVertexWithOffset 0x00482860 grows the offset array [+0x40] to the full vertex count and writes only its own entry. A model built from both kinds of add therefore holds uninitialised realloc memory in +0x40 for the non-offset vertices. The port reproduces the instructions (not the residue).,"Check whether any loader mixes offset and non-offset adds for one model (the zModel readers, when ported): if none does, the residue is never read and this closes",tests/test_model_add_polygon_native.cpp (2026-09-26)
KG-31,OPEN,tooling,test harness,P2,"Rare escaped fault in the arena fuzz under full-suite load: twice (tier6a shard 2 Model_AddUniqueNormal, tier5a shard 1 ConfigTree_GetStringValue) a test child died with 0xc0000005 outside every guard; neither reproduces alone (32/32, 64/64 oversubscribed) and 4 consecutive full runs after were clean. The watchdog no longer abandons calls inside ntdll, msvcrt or harness code; the remaining cause is unknown. Verification results are unaffected (a crash fails the run, it never passes one). 2026-09-27: native_fuzz_zutl_zar shard 2/32 (WildcardName_NextDigitCombination) crashed with 0xc0000409 (fail-fast) under full-suite load; 3/3 clean alone. Again in the next suite run. ROOT CAUSE (2026-09-27): the arena fuzz set the digit count / digits of WildcardName_NextDigitCombination 0x004a6070 to random words; it sprintf(%d"")s each digit into a 2-byte stack slot", so a large value overwrote the return address and the port side returned into test code (stray CHECK failures from test_data_image.cpp with a garbage line number, then 0xc0000409). State impossible in the game (InitDigitExpansion caps the count at 5," digits stay 0..9). Moved to the structured test tests/test_wildcard_name_native.cpp and dropped from native_fuzz_zutl_zar. General lesson: an arena-fuzzed function that writes a formatted string to its own stack can hijack the harness. Same run: native_fuzz_tier5a shard 1/32 (ConfigTree_GetStringValue) crashed once with an escaped 0xc0000005 under load; the next full run was clean. Still open. Later 2026-09-27: native_fuzz_tier3a shard 3/32 ModelInstance_Call481050 DIFF #293 outcome 0 vs 1 (port side hung after both default-limit retries) under full load; 3/3 clean alone.""","tests/test_main.cpp now prints ESCAPED FAULT with code, address, module and ESP: on the next occurrence, trace that address to its cause and fix the harness","tools/run_tests.py full runs (2026-09-26); again 2026-09-26: native_fuzz_zutl_zar shard 2 died 0xc0000005 under full load (18 s vs 1 s alone), passes alone x3; 2026-09-26 self-report: ESCAPED FAULT 80000003 (int 3 = checked-iterator assert) at recoil_tests+0x100f5 = std::_Tree iterator operator++ over the heap recorder's Block map (tests/heap_graph.h), zutl_zar shard 2 under full load - the recorder hooks hold wd::NoEscape, so the lead is the watchdog escaping from inside msvcrt after 4x the limit (a preempted malloc/free under load can exceed 200 ms), leaving the CRT heap mid-update; next: log escapes taken inside msvcrt, or forbid them while the heap recorder is active; 2026-09-27: native_fuzz_scene3 shard 1 (gwNodeFindByName, name compares in msvcrt) died 0xc0000005 under full load (30 s vs 5 s alone; passes alone x3). Raising the 4x msvcrt allowance was considered and rejected: it exists so a runaway loop of CRT calls cannot starve the watchdog, and the heap internals are in ntdll (already protected) - the msvcrt-escape lead is weaker than thought; 2026-09-27 self-report: ESCAPED FAULT c0000005 at recoil_tests+0x11460 = af::run <lambda_7> +0x2a0 (tests/arena_fuzz.h), read of 0x40f26201 (float-like garbage as a pointer), zutl_zar shard 2 under full load - the arena harness itself reads corrupted state: next lead is which of af::run's locals lambda_7 dereferences and what an abandoned call can overwrite; 2026-09-27: one recurring source removed - gwNodeFindByName (native_fuzz_scene3 shard 1, crashed twice under load) recursed through random child pointers without bound; now tested on real trees (tests/test_node_find_native.cpp) and skipped by the fuzz"
KG-32,OPEN,tooling,test harness,P2,"A fault inside an SEH-framed ORIGINAL function (one that pushes a C++ EH handler, e.g. Zar_OpenAndRegisterArchive 0x0048d210) dies with 0xc00001a5 STATUS_INVALID_EXCEPTION_HANDLER instead of reaching the harness: the OS will not dispatch to a handler in the oracle's private (VirtualAlloc, non-image) mapping under DEP, so the 'ESCAPED FAULT' report and watchdog recovery do not apply there (found 2026-09-26 when a missing CloseHandle fake crashed native_zar_open_and_register_archive_matches_original). Ported frames are fine (/SAFESEH:NO). The EH unwind path itself is compared by calling both handlers directly (native_eh_handler_*).","Arena-fuzz or fault-injecting tests of SEH-framed originals need either structured inputs that cannot fault, or an image-backed mapping of Recoil.exe (MEM_IMAGE section) so RtlIsValidHandler accepts its handlers; or a vectored handler that intercepts before frame dispatch.",session 2026-09-26 cdb: second chance c00001a5 at 0x004a62ce
KG-33,OPEN,tooling,test harness,P2,"Load-only arena-fuzz outcome mismatch: under the full parallel suite (2026-09-26) native_fuzz_tier6a shard 4 reported Container_ListInsertAfterCursor call #13744 'outcome 0xc0000005 vs 0' (original faulted, port returned normally); the shard alone passes (2 reruns, and every earlier full run). The fuzz is seeded, so the difference must come from state that varies with load (hang/retry timing changing the RNG position, or heap addresses the arena words land on). Same family as KG-31.","Log the RNG position and the arena words of the failing call when a fault-vs-normal DIFF occurs, re-run it deterministically alone; if it is timing (a retry consumed RNG draws), make the retry path RNG-neutral.",full-suite log 2026-09-26 (full_t4)
KG-34,OPEN,original-defect,texture,P2,"TextureArchive_Open 0x0046dae0: the shared palette count [0x0053d778] is raised by the archive's full palette count BEFORE the palettes are read; a short palette read (fread < 0x100) closes the file and frees the TOC but leaves the count raised - the entry being read holds a partly read 0x200-byte palette and the entries after it are uninitialised pointers (fresh realloc memory). Later users of the shared list would read or free garbage. Reproduced 1:1 by the port (found by native_texture_archive_open_matches_original, which compares only the fully read palettes).",Keep 1:1 (the shipped archives are complete); decide at the remake level whether to guard - a deviation would need a DEVIATION tag and a data check that every shipped archive reads in full.,"tests/test_texture_struct_native.cpp native_texture_archive_open_matches_original; data check 2026-09-27: native_texture_l2_shipped_archives reads every palette and image header of all 61 shipped texture archives in full (542 palettes, 31351 images) - the defect cannot trigger with the shipped data"
KG-35,OPEN,original-defect,texture,P2,"Image_ReadHeader 0x0046ed70 ignores fread's return: a file shorter than the 16-byte header leaves the unread header bytes as stack residue (the caller's return addresses etc.), which become the image's width/height/flags/palette size - the same class as KG-28. Reproduced 1:1 by the port (instruction-level), but the residue differs between the original and the port, so tests use complete headers (native_image_read_header_*, native_image_create_procedural_*).",Keep 1:1 (every shipped image file has a full header - check with a data scan of the texture archives when their L2 runs).,"tests/test_texture_struct_native.cpp native_image_create_procedural_matches_original (first draft); data check 2026-09-27: native_texture_l2_shipped_archives reads every palette and image header of all 61 shipped texture archives in full (542 palettes, 31351 images) - the defect cannot trigger with the shipped data"
KG-36,OPEN,original-defect,texture,P2,"TextureSlot_LoadMipChain 0x0046e3e0: when a mip level's slot already exists and is loaded (state != 2), the load is skipped but EDI - the level image used for the width ratio - is not reloaded: it still holds the base SLOT pointer (first level) or the previous level's image, so the ratio divides by that object's +4 word and FSTPs the float into its +0x1C (the base slot's state field, or an image field). With the test's slots this faults (access violation / divide) on both the original and the port - 246 of 246 such cases, reproduced 1:1.","Keep 1:1; the game path (TextureManager_LoadPending) loads levels fresh, so the case may be unreachable in play - check with a trace of a level load (P3/P4).",tests/test_texture_struct_native.cpp native_texture_slot_load_mip_chain_matches_original
KG-37,CLOSED,tooling,test harness,P2,"rt::restore_pristine resets the original's image and the port's data mirror, but a named port data block (data_blocks.csv, e.g. the settings node-list state 0x0056bcd0) kept its value between iterations of native_texture_table_init_matches_original, while the original's copy was reset - nodes registered in earlier iterations stayed findable on the port side only (the test now snapshots and restores the block itself). Any test relying on restore_pristine for a named block can see asymmetric state.","CLOSED 2026-09-29: gen_data_image.py exports ImageData_Block(i, &at, &size); tests/native_oracle.h restore_pristine snapshots and restores every named block (native_texture_table_init now passes).",tests/test_texture_struct_native.cpp native_texture_table_init_matches_original (first draft)
KG-38,OPEN,original-defect,class_api,P2,"gwNodeUpdateChildrenBox 0x004491b0: at 0x0044922a it calls gwNodeGetLocalCorners 0x004487c0 for the first child with flag +0x25 bit 0 and ignores the return value; when that child's class data +0x38 is null, gwNodeGetLocalCorners reports and returns 5 at 0x004487d2 without writing the corner buffer, and the caller copies its uninitialised stack locals [esp+0x10..] into the node's box +0xA4..+0xB8 (and folds them into the remaining corners). The box ends up as whatever the stack held. Found by native_fuzz_scene5 input #1718 (child 0x0108028c: flags 0x01080148, data 0); the stack words differed between the original and the port run.",Remake: keep the behaviour (1:1). Harness: arena_fuzz.h call_raw now fills 4 KB below the call with 0xCD on both sides so the uninitialised read is deterministic. Closes if a real scene shows a flagged child without class data never occurs (then the path is unreachable in play).,tests/arena_fuzz.h wipe_stack_below; 05_remake/src/GameZRecoil/zClass/Class.cpp gwNodeUpdateChildrenBox
KG-39,CLOSED,tooling,test harness,P2,"Adding tests/test_node_delete_native.cpp (gwNodeDelete port, uncommitted 2026-09-27) makes native_gw_node_set_model_matches_original (tests/test_node_callbacks_native.cpp) crash deterministically at process exit, after '1 tests, 0 failures': ESCAPED FAULT c0000005 at recoil_tests.exe +0xb229, read of a garbage address (0xad5f6948). The set_model test passes at HEAD 818282c5, and still passes with the gwNodeDelete port but without the new test file, so the new translation unit only shifts layout. Under cdb (-o, debug heap) it does not crash: a heap or static corruption from the set_model test (or its TU) that becomes visible at exit depending on layout. Not yet isolated.","CLOSED 2026-09-27: a test bug. The set_model test gave models 16 words, but Model_ComputeBoundsCentreRadius 0x00483ad0 always writes the centre and radius at model +0x44..+0x50, so model[1] overflowed its static array into the next object; with the new TU that object was a global std::vector, whose destructor faulted at exit (disassembly at +0xb229 is the vector deallocation reading [begin-4]). Models are now 32 words and the extra words are compared.",tests/test_node_callbacks_native.cpp; tests/test_node_delete_native.cpp
KG-40,OPEN,original-defect,cls_world,P2,"World_Create 0x004501c0 does not check gwNodeAlloc's result: with the 16000-node pool exhausted gwNodeAlloc reports and returns 0, and World_Create then writes class 2 to [0+0x34] - an access violation. Object3D_Create 0x0044daa0 checks the same result (report, return 0). Unreachable unless the scene holds 16000 nodes.",Remake: keep the behaviour 1:1 (the port faults the same way). Record here if a map ever gets near the pool limit.,05_remake/src/GameZRecoil/zClass/cls_world.cpp World_Create; tests/test_node_create_native.cpp
KG-41,OPEN,original-defect,asset_io / savegame,P2,"Zar_WriteEntry (asset_io_misc.cpp port of the original) sets TOC flag bit 2 (alternate name) from a stack slot that SaveGame_WriteNamedEntry / SaveGame_WriteRecord and the declient / weapon save-record callers never write, so the saved entry's +0x48 flag depends on whatever the stack held (original and port disagreed at random, both directions, until the tests wiped the stack before each call; then 18/18 zar/save tests match). Needs the exact slot confirmed from the listing (which argument index, which callers push fewer arguments).",Keep 1:1. Confirm the slot/argument count from the 0x004a64d0 listing and its call sites; then name the defect precisely here.,05_remake/tests/test_zar_toc_native.cpp wipe_stack_below
KG-42,OPEN,original-defect,zvideo,P4,"zVideo_CopySurfaceRectToImage 0x004a6fe0 with no destination image: allocates the CLIPPED rect size (Image_SetSize(clipped w, clipped h), malloc(count*2)) but computes the destination start offset and row step from the UNCLIPPED rect width (x1-x0) and the clip deltas, so a rect that sticks out of the surface overruns the function's own buffer - a heap overflow in the original (process heap corruption 0xc0000374 on both sides in the native test). With a destination image the same stride applies to the caller's buffer.",Keep 1:1. The native test (test_zvideo_hooks_native.cpp) gives the allocate path only rects inside the record; the destination-image path keeps every rect.,05_remake/tests/test_zvideo_hooks_native.cpp
KG-43,CLOSED,naming,class_api,P2,"23 ghidra_name values are shared by 2+ ledger addresses (e.g. gwNodeAttachChild 0x004483f0/0x004484d0, zVideo_PresentFrame 0x004a6900/0x004a7b60, Turret_TakeDamage 0x004379f0/0x00437d60, gwNodeSetActive, gwNodeDetachChild, Input_InitKeyNameTable, ScalarDeletingDtor_*). port_loop now refuses them; porting both breaks the link.","Read the bytes of each pair, rename the misnamed one in Ghidra + ledger (MFC library names like CString/DDX_Text may be genuine overloads - give them address suffixes).",tools/port_loop.py duplicate-name guard 2026-09-29; CLOSED 2026-09-29: 17 engine names fixed (bytes read); left as genuine overloads: MFC library thunks at 0x004c5b70.. (CString, DDX_Text, operator=, OnDestroy, FromHandle, GetWindowTextA, ~CDialog) - excluded, never ported
KG-44,OPEN,deviation,zvideo,P4,"Boot-probe scaffolding: the DDRAW.dll imports DirectDrawCreate (0x004cc040) and DirectDrawEnumerateA (0x004cc044) are bound to the SYSTEM ddraw.dll (platform/iat_ddraw.*, gen_iat_slots.py) so the boot probe can run past video initialisation and find the non-graphics blockers. Decision D8 (STAGE2.md) says the renderer is our own DirectDraw / Direct3D 5 objects on Direct3D 11, not the system DirectDraw. UPDATE 2026-09-30: system Direct3D 5 fails (""Error opening video""); the launcher now binds the slots to the user's dgVoodoo DDraw.dll/D3DImm.dll copy (RECOIL_DDRAW_DIR), the way the original runs on this machine - still scaffolding only.","Implement the D8 layer (own DirectDrawCreate / DirectDrawEnumerateA returning our IDirectDraw* objects on D3D11), point the two slots at it, delete this binding. First step: list every DirectDraw / Direct3D COM method the ported code calls (vtable offsets on the objects DirectDrawCreate returns).",opus 2026-09-30 boot probe
KG-45,OPEN,deviation,app,P5,"No-CD mode: the original refuses to start without its disc (CDCheck_FindDiscDrive 0x004a59e0 looks for a CD-ROM drive holding video\intro_01.avi; RecoilApp_BootstrapAndCDCheck 0x0042e5da loops on ""Please insert your RECOIL CD""). The launcher (05_remake/boot/boot_main.cpp, platform/nocd.cpp) rebinds the GetLogicalDriveStringsA / GetDriveTypeA slots so the game directory is listed as a CD-ROM root; the ported code is unchanged. Enabled by default at the user's request (2026-09-30); RECOIL_NOCD=0 restores the original behaviour.","Decide for release: keep as an option (default on or off), or require the disc image. The same drive root feeds movie / CD-music paths (P5.1, P5.2).","user request 2026-09-30, opus"
KG-46,OPEN,tooling,app,P5,"Direct-start shortcut (launcher only, user request 2026-09-30 ""skip to a new game on map 1""): 05_remake/boot/boot_main.cpp wraps the PeekMessageA slot and, after 20 pump iterations, calls App_StartMission(N, 0, 1, 0) on the main app object 0x004f3ca8 exactly as the menu mission slots do (Slot_StartMission_1_00431270). Skips the intro / menu screens (which currently never push a first screen - screen manager index -1). RECOIL_START_MISSION=0 gives the normal start-up.",Remove once the normal start-up reaches the main menu and a new game can be started from it (P5 front end).,"user request 2026-09-30, opus"
KG-47,OPEN,tooling,app,P4,"Launcher windowed-start override (RECOIL_WINDOWED, default on): answers FullScreen=0 to the game's registry read without changing the registry. Had no effect with system DirectDraw; kept switchable.",Remove with the D8 layer (window / full-screen handled there).,opus 2026-09-30
KG-48,CLOSED,tooling,app,P4,"Launcher dev input/window (RECOIL_DEV_INPUT, default on): DirectInput DISCL_EXCLUSIVE rewritten to NONEXCLUSIVE, IDirectDraw(2)::SetDisplayMode answered DD_OK without a mode change (a killed run left the desktop at 640x480), window minimise vetoed (WH_CBT), F12 quits. Testing convenience only; play_remake.bat also copies a FullScreenMode=false dgVoodoo.conf next to the exe.",Remove with the D8 layer; release input behaviour must match the original (exclusive).,opus 2026-10-06
KG-49,CLOSED,verification,weapon,P3,Playtest 2026-10-06 (user): player side guns (RFPG launchers) fire in the wrong direction; main cannon correct. 13 weapon functions have no test.,Find the diverging function (tests for the untested weapon functions; compare with the original); fix the port or the test; user replays.,user playtest 2026-10-06
KG-50,CLOSED,verification,ai_net,P3,"Playtest 2026-10-06 (user): enemies do not shoot correctly. Failing oracle tests: AiVeh_LeadTargetIntercept 0x004024a0, AiVeh_CombatTick 0x00401710, Turret_UpdateAimVector 0x00437730.",Prove each failure real or harness; fix; user replays.,user playtest 2026-10-06
KG-51,CLOSED,verification,mission,P3,"Playtest 2026-10-06 (user): first stationary turret of mission 1 does not spawn. Failing: Mission_Load 0x00417810, Mission_ObjectiveStateMachine 0x004184e0. || 2026-10-07 (opus, compare-save cmp_114106, both games, VERIFIED-ORACLE by live cdb traces): tur_101 IS spawned in the remake (22 turrets, same names/positions). Not drawn because its gun LOD nodes (l1/l4) are culled: their world centre is computed in local space. Cause chain: Turret_TrackTarget gets turret world position ~(0,0,0) because the cached node-to-world matrix it reads at class data +0x60 holds [ret addr gwNodeGetWorldPosition+0x65, 2 ptrs, rotation] - a 12-word copy taken 12 bytes low from a stack buffer; translation lost. Original data+0x60 = rotation + (2650.46,24,1727.44). All asm functions on the path are byte-faithful (bytediff_full, check_targets); writer of data+0x60 not yet caught (written at spawn/load). Suspects: hand-written C++ transform helpers (transform.cpp) or a C++ caller passing a stack pointer. || FIXED 2026-10-07: root cause = transform.cpp zTransformStore (hand-written C++) declared void; the original returns EAX = out (MOV EAX,[ESP+0xc] at 0x0047321e) and gwNodeBuildNodeToAncestorMatrix 0x00449480 copies the cached node matrix (class data +0x60) from EAX, so the port copied 12 words past the stored matrix. Fix: return out. Evidence: cached matrix after spawn now = original bit for bit (live cdb, VERIFIED-ORACLE); turret drawn at compare save cmp_114106 (01_evidence/snapshots/compare/cmp_114106/remake_fixed.png vs orig.png, VERIFIED-VISUAL); native_transform_* 4/4 pass (VERIFIED-UNIT); scene_render1/3/4 failures identical with and without the fix (pre-existing). New check tools/check_void_returns.py: 0 other void replacements of EAX-returning functions.",Catch the writer of tur_101 class data +0x60 from spawn (tools: scratchpad spawn_watch; blocked by the per-frame AV at ListLabel_Slot_RenderTextImage) and fix it; re-run tools/sidebyside/compare_saves.ps1 + frame-0 dump diff.,user playtest 2026-10-06
KG-52,CLOSED,verification,zeffect,P4,"Playtest 2026-10-06 (user): gate beam should pulse until the target breaks; animation wrong. Failing: AnimInstance_Start 0x0045d570, AnimInstance_SetTransformVelocity 0x0045d7b0; caught AV in Render_QueuePolygon_SingleTexturedLit 0x00461960+0x22c during play.",Prove/fix; user replays.,user playtest 2026-10-06
KG-53,CLOSED,verification,collision,P3,Playtest 2026-10-06 (user): camera swings near walls and on bumps/slopes. World_QuerySegmentSet 0x00445d40 returns 0 hits where the original returns 4 (fuzz case #1553); other collision/camera tests fail.,Prove/fix; user replays.,user playtest 2026-10-06
KG-54,OPEN,original-defect,app,P4,"Original defect: the game clock is a float in seconds, (float)GetTickCount()*0.001 (Timer_Reset 0x004a5670, base [0x004e2fb0], dt 0x0056b424). After about 6 days of Windows uptime the float steps in 62.5 ms, giving jittery, wrong-speed play in the original too (seen 2026-10-06 at 146 h uptime). Workaround in the platform layer: the GetTickCount slot answers ms since start-up (launcher RECOIL_TICK_FROM_BOOT, default on); game code unchanged.",Keep the process-relative tick in the D-layer platform timer for release; confirm on the original (expect the same jitter at long uptime).,user playtest + opus 2026-10-06; workaround VERIFIED-PLAYPATH (user 2026-10-06: smooth, correct speed)
KG-55,OPEN,tooling,app,P4,"Windowed test mode shelved (user 2026-10-06): DxWnd v2.06.15 tried 2026-10-07 (DesktopDxWnd, built-in Recoil profile): windows the launcher, but every renderer gives Error opening video"" with system Direct3D (Win11 legacy D3D cannot create the device; same as without dgVoodoo); dgVoodoo ignores FullScreenMode=false and Alt+Enter here. dgVoodoo FullScreenMode=false not honoured here; skipping SetDisplayMode gave wrong colours (16-bit game on 32-bit primary); non-exclusive input / no-minimise / F12 reverted at user request.""",Do it in the D8 layer (own window handling).,opus 2026-10-06
KG-56,CLOSED,evidence,script,P2,"The 2026-09-30 gamez.zbd overwrite was ORIGINAL behaviour, not a port bug: the developer mission script (run when App_StartMission last arg = 0, m<n>.gs) does source support\commonm1.gw, source support\loadm1.gw, then GameZWriteZBDFile %MissionZBDFile% (script command string 0x004e5440 -> Script_DispatchCommand 0x004c2e91 -> GameZ_SaveZbd 0x00454a50), rebuilding gamez.zbd from loose files. CONFIRMED-DATA: zbd/interp.zbd script text.",Closed: the launcher now passes last arg 1 (shipped archives); the sandbox guard stays.,opus 2026-10-06
KG-57,OPEN,verification,zclass_nodes,P3,Playtest 2026-10-06 (user): barrels and boxes on the beach do not explode when shot (they do in the original). Possibly the same path as KG-51 (turret created but not seen): destructible healthy/destroyed swap. || 2026-10-07: user playtest after the KG-51 fix (zTransformStore EAX return) reports this and other faults gone. INFERRED cause: the same corrupt cached world matrix (class data +0x60) used for hit tests. Not machine-verified yet.,"Compare save on the beach just before a barrel hit; check barrel cached matrix and hit/explosion path match the original, then close.",user playtest 2026-10-06
KG-58,OPEN,tooling,app,P4,"Launcher test shortcut RECOIL_NEAR_TURRET (+RECOIL_TURRET_NAME, RECOIL_NEAR_TURRET_DELAY; fires but the player is put back afterwards - Vehicle_Teleport alone does not move it for good)=<units>: after the direct start, teleports the player vehicle in front of the turret nearest its start (Vehicle_Teleport; turret+8 node; player [[0x004f36a4]+4], node +0xed0). tools/play_near_turret.bat.",Remove with the launcher shortcuts (debug only).,opus 2026-10-06
KG-59,CLOSED,tooling,app,P4,"Why the game always went full screen: the dgVoodoo config in the runtime copy has OutputAPI = direct3d11, which is not a valid value (valid: d3d11warp, d3d11_fl10_0/10_1/11_0, d3d12_fl11_0/12_0, bestavailable). dgVoodoo then ignored FullScreenMode = false and called IDXGISwapChain::SetFullscreenState(TRUE) from IDirectDraw::SetDisplayMode(640,480,16) (cdb stack 2026-10-07). With OutputAPI = bestavailable both games run windowed. Copies: Desktop\Recoil dgVoodoo Windowed (remake, used by tools/play_remake.bat), Desktop\Recoil Original Windowed (original). User runtime copy untouched.",Closed (VERIFIED-VISUAL for the remake: window at 640x480, desktop unchanged); original windowed run to be confirmed by the user.,opus 2026-10-07
KG-60,OPEN,tooling,app,P4,"Side-by-side testing (Desktop\Recoil Side by Side.bat -> tools/sidebyside/sidebyside.ps1): original (copy + dgVoodoo windowed + tools/sidebyside/dinput.dll wrapper: shared background DirectInput, mission-1 direct start via App_StartMission, start-up GetTickCount, FindWindow(RecoilClass) bypass) on the left screen; remake (RECOIL_SHARED_INPUT=1: same input flags + FindWindow bypass) on the main screen. App_ActivateExistingInstance 0x0042e990 otherwise makes the second Recoil quit. Verified 2026-10-07: both run, one key reaches both (VERIFIED-VISUAL). Not lockstep: the games drift over time.",Replace with the D8 layer + a lockstep mode later; remove the wrapper when done.,opus 2026-10-07
KG-61,OPEN,tooling,app,P4,"Compare saves: remake started with RECOIL_COMPARE=1 (Desktop\Recoil Compare - Play Remake.bat) writes SavedGames\cmp_<hhmmss> on Scroll Lock via the game's own SaveGame_SaveToFile 0x004c0030 (beep confirms). tools/sidebyside/compare_saves.ps1 (Desktop\Recoil Compare - Replay in Original.bat) loads each in the original via the dinput wrapper (SBS_LOAD_SAVE: launcher Game>Start pressed, then 8 s after the window the LoadGameScreen_Load 0x00435a70 sequence without its QueuePop), presses Enter past the briefing, saves orig.png + orig.dmp to 01_evidence/snapshots/compare/<save>. 2026-10-07: remake save jh 12345 loaded in the original at the same spot (user, VERIFIED-PLAYPATH); cmp_111208/111214/jh12345 replayed automatically (VERIFIED-VISUAL, frames in compare/).",Add the remake-side dump at the save moment and a field-by-field dump diff (turret table 0x004f3fe8 / object nodes) for KG-51/KG-57.,opus 2026-10-07
KG-62,OPEN,port-defect,ui,P4,"CORRECTED 2026-10-07: the ListLabel_Slot_RenderTextImage stop at remake 0x00436019 is a guard-page event (rep stos growing the stack), normal, not a defect. The Raster_BlitImageColorKey first-chance stop at a page boundary (source 0x09bb2000) is unexplained: may also be a guard page (surface memory) - not yet checked with .exr.",Run the blitter stop with .lastevent/.exr; close if guard page.,"opus 2026-10-07 (live cdb, compare save cmp_114106)"
KG-63,OPEN,tooling,tools,P4,"bytediff.py stops at the first difference and normalises every call target and global address to A, so wrong callees, wrong globals and everything after a first (harmless) difference were unchecked. Added tools/bytediff_full.py (whole function, accepted equivalences listed), tools/check_targets.py (call targets + data addresses through the data mirror; kBlocks globals not yet mapped) and tools/check_jumptables.py (rewritten switch tables vs the original tables; pairing of multiple switches per function is still naive - 2 false reports).",Run bytediff_full + check_targets over all ported functions in a nightly job; map kBlocks globals in check_targets.,opus 2026-10-07
KG-64,OPEN,port-defect,app,P2,"Launcher Options menu crashes the remake (user 2026-10-07, snapshot). Cause 1 FIXED: message-map update handler 0x00431ae0 (A3D) was never ported/mapped, MFC called the raw original VA -> abort. Also ported 0x00430760/0x00430770 (GetOpenFileNameA; new platform/iat_comdlg32) and regenerated the data image. STILL CRASHES after that: access violation then c00001a5 when the Options menu opens. gen_data_image still reports 6 unported code relocations left as raw VAs: 0x0041b2f0, 0x0041b780 (help docs), 0x00430ad0 (switch), 0x004319a0 (Zone), 0x004404c0 (ZoneSink), 0x004c62b7 (EH). || 2026-10-07 later: ported the remaining launcher/menu targets 0x00430ad0 (Help > Docs; switch cases + tables read from the exe, Ghidra listing lacked them), 0x0041b780 (help docs button), 0x0041b2f0 + 0x004319a0 + 0x0043ce80 (net/Zone, new iat_ws2_32), 0x004c62b7 (CRT entry __except handler); new iat_shell32. gen_data_image: unported code relocations 6 -> 1 (0x004404c0 ZoneSink_OnLaunchGame, multiplayer, needs 0x0048bbe0). Launcher menus opened via WM_INITMENUPOPUP in both games: remake menu text/ticks/greying identical to the original, no crash (VERIFIED-ORACLE by side-by-side state compare).","Port 0x004404c0 with the Zone layer (multiplayer, release 2) or stub it; user playtest of the launcher menus.",opus 2026-10-07
KG-65,CLOSED,port-defect,mission/input,P2,"Found by tools/prove_identity.py 2026-10-07: Mission_HandleCommand_00417ca0 and Game_DispatchCommand_00426150 were generated from bad listings and STARTED with inlined chunks of other functions (0x00416b80/0x00416bb0; 0x00405ec0/0x00413640), so every call ran that code instead of the dispatcher: mission commands 0x18..0x1d (map screen, objective state machine, mission review confirm/continue) and game commands 9..45 (camera views, inset toggles, ...) never dispatched. Fixed: Mission tail-jumps to the ported 0x416b80/0x416bb0 functions; Game_DispatchCommand starts at 0x426150 with the chunks after its code. Both now VERIFIED-IDENTICAL (switch-chain, inline-copy). A scan found no other port starting at a foreign label.",User playtest of map screen / mission review / camera-view keys.,opus 2026-10-07
KG-66,OPEN,verification,tests,P3,"Oracle tests crashing with and without the KG-65 fix (A/B on the same build, 2026-10-07): native_fuzz_auto_input7 (0xc0000374 heap), input11, input12, mission4 (0xc0000374), mission6, mission7, mission8 (0xc0000005); native_fuzz_auto_ui_widgets10 (0xc0000005, same with the old and the new ArrayCtor/Dtor_Eh helpers). Pre-existing: test harness / random-input problems, not caused by the fix; the functions they cover are VERIFIED-IDENTICAL by prover.",Fix or retire the crashing harnesses (seed/state setup); they no longer gate verification.,opus 2026-10-07
