module,source_file,func_addr,ghidra_name,status,evidence
zClass,Animate.c,0x00453b10,FUN_00453b10,UNTOUCHED,anchor
zClass,Animate.c,0x00453b40,FUN_00453b40,UNTOUCHED,anchor
zClass,Animate.c,0x00453b80,FUN_00453b80,UNTOUCHED,anchor
zClass,Animate.c,0x00453bd0,FUN_00453bd0,UNTOUCHED,anchor
zClass,Camera.c,0x00449be0,FUN_00449be0,UNTOUCHED,anchor
zClass,Camera.c,0x00449c90,FUN_00449c90,UNTOUCHED,anchor
zClass,Camera.c,0x00449cd0,FUN_00449cd0,UNTOUCHED,anchor
zClass,Camera.c,0x00449d10,gwNodeSetActive,EXCLUDED,span
zClass,Camera.c,0x00449d20,FUN_00449d20,UNTOUCHED,anchor
zClass,Camera.c,0x00449da0,FUN_00449da0,UNTOUCHED,span
zClass,Camera.c,0x00449db0,FUN_00449db0,UNTOUCHED,span
zClass,Camera.c,0x00449dc0,FUN_00449dc0,UNTOUCHED,span
zClass,Camera.c,0x00449dd0,FUN_00449dd0,UNTOUCHED,anchor
zClass,Camera.c,0x00449e80,FUN_00449e80,UNTOUCHED,span
zClass,Camera.c,0x00449e90,FUN_00449e90,UNTOUCHED,span
zClass,Camera.c,0x00449ea0,FUN_00449ea0,UNTOUCHED,anchor
zClass,Camera.c,0x00449f50,FUN_00449f50,UNTOUCHED,span
zClass,Camera.c,0x00449fb0,FUN_00449fb0,UNTOUCHED,anchor
zClass,Camera.c,0x0044a060,FUN_0044a060,UNTOUCHED,anchor
zClass,Camera.c,0x0044a0f0,FUN_0044a0f0,UNTOUCHED,anchor
zClass,Camera.c,0x0044a1a0,FUN_0044a1a0,UNTOUCHED,anchor
zClass,Camera.c,0x0044a250,Camera_GetWorldPosition,NAMED,anchor
zClass,Camera.c,0x0044a2f0,FUN_0044a2f0,UNTOUCHED,anchor
zClass,Camera.c,0x0044a380,FUN_0044a380,UNTOUCHED,anchor
zClass,Camera.c,0x0044a410,Camera_SetAspectRatio,NAMED,anchor
zClass,Camera.c,0x0044a580,Camera_GetAspectRatio,NAMED,anchor
zClass,Camera.c,0x0044a610,Camera_SetFOV,NAMED,anchor
zClass,Camera.c,0x0044a760,Camera_GetFOV,NAMED,anchor
zClass,Camera.c,0x0044a7f0,FUN_0044a7f0,UNTOUCHED,anchor
zClass,Camera.c,0x0044a870,FUN_0044a870,UNTOUCHED,anchor
zClass,Camera.c,0x0044a910,FUN_0044a910,UNTOUCHED,anchor
zClass,Camera.c,0x0044a980,FUN_0044a980,UNTOUCHED,anchor
zClass,Camera.c,0x0044a9f0,Camera_UpdateNodeValidated,PRIOR-EVIDENCE,anchor
zClass,Camera.c,0x0044aa30,Camera_UpdateFrustumAndTransform,PRIOR-EVIDENCE,span
zClass,Camera.c,0x0044abf0,FUN_0044abf0,UNTOUCHED,span
zClass,Camera.c,0x0044ada0,Render_ProcessCameraNode,PRIOR-EVIDENCE,span
zClass,Camera.c,0x0044af60,Render_ProcessSoundNode,PRIOR-EVIDENCE,span
zClass,Camera.c,0x0044b140,Render_ProcessLightNode,DECOMPILED,span
zClass,Camera.c,0x0044b300,Render_ProcessObject3DNode,PRIOR-EVIDENCE,span
zClass,Camera.c,0x0044b710,Render_ProcessUnusedNodeType8,PRIOR-EVIDENCE,span
zClass,Camera.c,0x0044b8c0,Render_ProcessLodDistanceNode,PRIOR-EVIDENCE,span
zClass,Camera.c,0x0044bea0,Render_ProcessGroupNode,PRIOR-EVIDENCE,span
zClass,Camera.c,0x0044bfb0,Render_ProcessChildBitmaskNode,PRIOR-EVIDENCE,span
zClass,Camera.c,0x0044c0e0,Render_DispatchNodeByType,PRIOR-EVIDENCE,span
zClass,Camera.c,0x0044c1b0,FUN_0044c1b0,UNTOUCHED,span
zClass,Camera.c,0x0044c230,FUN_0044c230,UNTOUCHED,anchor
zClass,Camera.c,0x0044c3c0,FUN_0044c3c0,UNTOUCHED,anchor
zClass,Camera.c,0x0044c8e0,FUN_0044c8e0,UNTOUCHED,anchor
zClass,Camera.c,0x0044ce70,Render_CullAndQueueSceneObjects,PRIOR-EVIDENCE,span
zClass,Camera.c,0x0044d200,FUN_0044d200,UNTOUCHED,span
zClass,Camera.c,0x0044d240,FUN_0044d240,UNTOUCHED,span
zClass,Camera.c,0x0044d260,FUN_0044d260,UNTOUCHED,anchor
zClass,Class.c,0x004478c0,FUN_004478c0,PRIOR-EVIDENCE,anchor
zClass,Class.c,0x00447980,FUN_00447980,UNTOUCHED,anchor
zClass,Class.c,0x00447a70,FUN_00447a70,UNTOUCHED,anchor
zClass,Class.c,0x00447b60,FUN_00447b60,UNTOUCHED,anchor
zClass,Class.c,0x00447bc0,FUN_00447bc0,PRIOR-EVIDENCE,anchor
zClass,Class.c,0x00447c60,gwNodeSetActive,DECOMPILED,anchor
zClass,Class.c,0x00447d20,FUN_00447d20,UNTOUCHED,anchor
zClass,Class.c,0x00447d70,FUN_00447d70,UNTOUCHED,anchor
zClass,Class.c,0x00447dc0,FUN_00447dc0,UNTOUCHED,anchor
zClass,Class.c,0x00447e30,FUN_00447e30,UNTOUCHED,anchor
zClass,Class.c,0x00447e60,FUN_00447e60,UNTOUCHED,anchor
zClass,Class.c,0x00447f00,FUN_00447f00,UNTOUCHED,anchor
zClass,Class.c,0x00447f30,FUN_00447f30,UNTOUCHED,anchor
zClass,Class.c,0x00447fe0,FUN_00447fe0,UNTOUCHED,anchor
zClass,Class.c,0x00448090,FUN_00448090,UNTOUCHED,anchor
zClass,Class.c,0x00448100,FUN_00448100,UNTOUCHED,anchor
zClass,Class.c,0x00448140,FUN_00448140,UNTOUCHED,anchor
zClass,Class.c,0x00448180,FUN_00448180,UNTOUCHED,anchor
zClass,Class.c,0x004481b0,FUN_004481b0,UNTOUCHED,anchor
zClass,Class.c,0x004481f0,FUN_004481f0,UNTOUCHED,anchor
zClass,Class.c,0x00448230,FUN_00448230,UNTOUCHED,anchor
zClass,Class.c,0x00448270,FUN_00448270,UNTOUCHED,anchor
zClass,Class.c,0x004482b0,FUN_004482b0,UNTOUCHED,anchor
zClass,Class.c,0x004482f0,FUN_004482f0,UNTOUCHED,anchor
zClass,Class.c,0x00448330,FUN_00448330,UNTOUCHED,anchor
zClass,Class.c,0x00448360,FUN_00448360,UNTOUCHED,anchor
zClass,Class.c,0x004483a0,FUN_004483a0,UNTOUCHED,anchor
zClass,Class.c,0x004483f0,FUN_004483f0,UNTOUCHED,anchor
zClass,Class.c,0x004484d0,FUN_004484d0,UNTOUCHED,span
zClass,Class.c,0x00448570,FUN_00448570,UNTOUCHED,anchor
zClass,Class.c,0x00448660,FUN_00448660,UNTOUCHED,anchor
zClass,Class.c,0x00448760,FUN_00448760,UNTOUCHED,anchor
zClass,Class.c,0x004487c0,FUN_004487c0,UNTOUCHED,anchor
zClass,Class.c,0x00448920,Render_ExpandNodeAABBToCorners,NAMED,anchor
zClass,Class.c,0x00448cc0,FUN_00448cc0,UNTOUCHED,anchor
zClass,Class.c,0x00448e90,FUN_00448e90,UNTOUCHED,anchor
zClass,Class.c,0x004491b0,FUN_004491b0,UNTOUCHED,anchor
zClass,Class.c,0x00449420,FUN_00449420,UNTOUCHED,anchor
zClass,Class.c,0x00449480,FUN_00449480,UNTOUCHED,anchor
zClass,Class.c,0x004497b0,Anim_ResolveObjectWorldPosition,PRIOR-EVIDENCE,span
zClass,Class.c,0x00449850,FUN_00449850,UNTOUCHED,span
zClass,Class.c,0x004498e0,FUN_004498e0,UNTOUCHED,span
zClass,Class.c,0x00449ab0,FUN_00449ab0,UNTOUCHED,anchor
zClass,Class.c,0x00449af0,FUN_00449af0,UNTOUCHED,anchor
zClass,Display.c,0x0044fdd0,FUN_0044fdd0,UNTOUCHED,anchor
zClass,Display.c,0x0044fe50,FUN_0044fe50,UNTOUCHED,anchor
zClass,Display.c,0x0044fe90,FUN_0044fe90,UNTOUCHED,anchor
zClass,Display.c,0x0044ff10,FUN_0044ff10,UNTOUCHED,anchor
zClass,Display.c,0x0044ff90,FUN_0044ff90,UNTOUCHED,anchor
zClass,Light.c,0x00452fd0,FUN_00452fd0,UNTOUCHED,anchor
zClass,Light.c,0x00453110,FUN_00453110,UNTOUCHED,anchor
zClass,Light.c,0x004531c0,FUN_004531c0,UNTOUCHED,anchor
zClass,Light.c,0x00453200,FUN_00453200,UNTOUCHED,anchor
zClass,Light.c,0x00453250,FUN_00453250,UNTOUCHED,anchor
zClass,Light.c,0x004532a0,FUN_004532a0,UNTOUCHED,anchor
zClass,Light.c,0x004532f0,FUN_004532f0,UNTOUCHED,anchor
zClass,Light.c,0x00453350,FUN_00453350,UNTOUCHED,anchor
zClass,Light.c,0x004533b0,FUN_004533b0,UNTOUCHED,anchor
zClass,Light.c,0x00453400,Light_SetFalloffRange,NAMED,anchor
zClass,Light.c,0x00453500,Light_GetFalloffRange,NAMED,anchor
zClass,Light.c,0x00453560,FUN_00453560,UNTOUCHED,anchor
zClass,Light.c,0x004535c0,FUN_004535c0,UNTOUCHED,anchor
zClass,Light.c,0x00453620,FUN_00453620,UNTOUCHED,span
zClass,Light.c,0x00453880,Light_TransformToViewSpace,PRIOR-EVIDENCE,anchor
zClass,Light.c,0x00453a40,Light_GetColor,NAMED,anchor
zClass,Light.c,0x00453aa0,Light_SetColor,NAMED,anchor
zClass,List.c,0x0044f000,FUN_0044f000,UNTOUCHED,anchor
zClass,List.c,0x0044f120,FUN_0044f120,UNTOUCHED,anchor
zClass,List.c,0x0044f1d0,FUN_0044f1d0,UNTOUCHED,anchor
zClass,Object3d.c,0x0044d9e0,FUN_0044d9e0,UNTOUCHED,anchor
zClass,Object3d.c,0x0044daa0,FUN_0044daa0,UNTOUCHED,anchor
zClass,Object3d.c,0x0044db00,thunk_FUN_00447b60,EXCLUDED,span
zClass,Object3d.c,0x0044db10,FUN_0044db10,UNTOUCHED,anchor
zClass,Object3d.c,0x0044db60,FUN_0044db60,UNTOUCHED,anchor
zClass,Object3d.c,0x0044dbb0,FUN_0044dbb0,UNTOUCHED,anchor
zClass,Object3d.c,0x0044dc30,FUN_0044dc30,UNTOUCHED,anchor
zClass,Object3d.c,0x0044dd90,FUN_0044dd90,UNTOUCHED,anchor
zClass,Object3d.c,0x0044de10,FUN_0044de10,UNTOUCHED,anchor
zClass,Object3d.c,0x0044de80,FUN_0044de80,UNTOUCHED,anchor
zClass,Object3d.c,0x0044df00,Object3D_SetScale,NAMED,anchor
zClass,Object3d.c,0x0044dfd0,Object3D_GetScale,NAMED,anchor
zClass,Object3d.c,0x0044e030,Object3D_SetRotation,NAMED,anchor
zClass,Object3d.c,0x0044e110,FUN_0044e110,UNTOUCHED,anchor
zClass,Object3d.c,0x0044e170,FUN_0044e170,UNTOUCHED,anchor
zClass,Object3d.c,0x0044e270,FUN_0044e270,UNTOUCHED,anchor
zClass,Object3d.c,0x0044e300,Object3D_SetPosition,NAMED,anchor
zClass,Object3d.c,0x0044e3d0,FUN_0044e3d0,UNTOUCHED,anchor
zClass,Object3d.c,0x0044e4f0,FUN_0044e4f0,UNTOUCHED,anchor
zClass,Object3d.c,0x0044e5b0,FUN_0044e5b0,UNTOUCHED,anchor
zClass,Seq.c,0x00453ee0,FUN_00453ee0,UNTOUCHED,anchor
zClass,Seq.c,0x00453f40,FUN_00453f40,UNTOUCHED,anchor
zClass,Seq.c,0x00454000,FUN_00454000,UNTOUCHED,anchor
zClass,Seq.c,0x004540c0,FUN_004540c0,UNTOUCHED,anchor
zClass,Seq.c,0x00454100,FUN_00454100,UNTOUCHED,anchor
zClass,Seq.c,0x00454140,FUN_00454140,UNTOUCHED,anchor
zClass,Seq.c,0x00454180,FUN_00454180,UNTOUCHED,anchor
zClass,Seq.c,0x004541c0,FUN_004541c0,UNTOUCHED,anchor
zClass,Sound.c,0x004529c0,FUN_004529c0,UNTOUCHED,anchor
zClass,Sound.c,0x00452ab0,FUN_00452ab0,UNTOUCHED,anchor
zClass,Sound.c,0x00452b80,FUN_00452b80,UNTOUCHED,anchor
zClass,Sound.c,0x00452bc0,FUN_00452bc0,UNTOUCHED,anchor
zClass,Sound.c,0x00452c60,gwSoundNodeSetActive,PRIOR-EVIDENCE,anchor
zClass,Sound.c,0x00452d00,FUN_00452d00,UNTOUCHED,anchor
zClass,Sound.c,0x00452d60,FUN_00452d60,UNTOUCHED,anchor
zClass,Sound.c,0x00452dc0,gwSoundNodeProcessPlay,PRIOR-EVIDENCE,anchor
zClass,Switch.c,0x00452920,FUN_00452920,UNTOUCHED,anchor
zClass,Switch.c,0x00452970,FUN_00452970,UNTOUCHED,anchor
zClass,Window.c,0x0044f7a0,FUN_0044f7a0,UNTOUCHED,anchor
zClass,Window.c,0x0044f870,FUN_0044f870,UNTOUCHED,anchor
zClass,Window.c,0x0044f8b0,FUN_0044f8b0,UNTOUCHED,anchor
zClass,Window.c,0x0044f930,FUN_0044f930,UNTOUCHED,anchor
zClass,Window.c,0x0044f9c0,FUN_0044f9c0,UNTOUCHED,anchor
zClass,Window.c,0x0044fa40,FUN_0044fa40,UNTOUCHED,anchor
zClass,Window.c,0x0044fad0,FUN_0044fad0,UNTOUCHED,anchor
zClass,Window.c,0x0044fb40,FUN_0044fb40,UNTOUCHED,anchor
zClass,Window.c,0x0044fbd0,FUN_0044fbd0,UNTOUCHED,anchor
zClass,Window.c,0x0044fcf0,FUN_0044fcf0,UNTOUCHED,anchor
zClass,cls_di.c,0x00443f80,FUN_00443f80,UNTOUCHED,anchor
zClass,cls_di.c,0x00444310,FUN_00444310,UNTOUCHED,span
zClass,cls_di.c,0x004443e0,FUN_004443e0,UNTOUCHED,span
zClass,cls_di.c,0x004444b0,FUN_004444b0,UNTOUCHED,anchor
zClass,cls_di.c,0x00444890,FUN_00444890,UNTOUCHED,anchor
zClass,cls_di.c,0x00444c50,FUN_00444c50,UNTOUCHED,span
zClass,cls_di.c,0x00444d10,FUN_00444d10,UNTOUCHED,span
zClass,cls_di.c,0x00444de0,Collision_RaycastSegment,DECOMPILED,span
zClass,cls_di.c,0x00444e90,Collision_GridDDATraversal,CONFIRMED,anchor
zClass,cls_di.c,0x004455f0,FUN_004455f0,UNTOUCHED,span
zClass,cls_di.c,0x00445650,Collision_TestNodeHierarchy,DECOMPILED,anchor
zClass,cls_di.c,0x00445a00,Collision_TestUnusedNodeType8,PRIOR-EVIDENCE,span
zClass,cls_di.c,0x00445b20,Collision_TestCameraNode,NAMED,span
zClass,cls_di.c,0x00445c20,Collision_TestLightNode,PRIOR-EVIDENCE,span
zClass,cls_di.c,0x00445d40,FUN_00445d40,UNTOUCHED,anchor
zClass,cls_di.c,0x00445f60,FUN_00445f60,UNTOUCHED,span
zClass,cls_di.c,0x00446440,FUN_00446440,UNTOUCHED,anchor
zClass,cls_di.c,0x00446880,FUN_00446880,UNTOUCHED,span
zClass,cls_di.c,0x00446970,FUN_00446970,UNTOUCHED,span
zClass,cls_di.c,0x00446a80,Collision_FindTargetsInRadius,DECOMPILED,anchor
zClass,cls_di.c,0x00446ed0,FUN_00446ed0,UNTOUCHED,span
zClass,cls_di.c,0x00446f60,FUN_00446f60,UNTOUCHED,anchor
zClass,cls_util.c,0x004518b0,FUN_004518b0,UNTOUCHED,anchor
zClass,cls_util.c,0x004518e0,FUN_004518e0,UNTOUCHED,span
zClass,cls_util.c,0x004518f0,FUN_004518f0,UNTOUCHED,span
zClass,cls_util.c,0x00451900,FUN_00451900,UNTOUCHED,span
zClass,cls_util.c,0x00451a00,FUN_00451a00,UNTOUCHED,span
zClass,cls_util.c,0x00451a60,FUN_00451a60,UNTOUCHED,anchor
zClass,cls_util.c,0x00451b20,FUN_00451b20,UNTOUCHED,span
zClass,cls_util.c,0x00451bd0,FUN_00451bd0,UNTOUCHED,anchor
zClass,cls_util.c,0x00451f70,FUN_00451f70,UNTOUCHED,anchor
zClass,cls_util.c,0x004520c0,FUN_004520c0,UNTOUCHED,anchor
zClass,cls_util.c,0x004520e0,FUN_004520e0,UNTOUCHED,anchor
zClass,cls_util.c,0x00452100,FUN_00452100,UNTOUCHED,anchor
zClass,cls_util.c,0x00452230,FUN_00452230,UNTOUCHED,anchor
zClass,cls_util.c,0x00452250,FUN_00452250,UNTOUCHED,anchor
zClass,cls_util.c,0x004523c0,FUN_004523c0,UNTOUCHED,anchor
zClass,cls_util.c,0x004523e0,FUN_004523e0,UNTOUCHED,anchor
zClass,cls_util.c,0x00452400,FUN_00452400,UNTOUCHED,anchor
zClass,cls_util.c,0x00452500,FUN_00452500,UNTOUCHED,anchor
zClass,cls_util.c,0x00452560,FUN_00452560,UNTOUCHED,anchor
zClass,cls_world.c,0x004502b0,FUN_004502b0,UNTOUCHED,anchor
zClass,cls_world.c,0x00450510,FUN_00450510,UNTOUCHED,span
zClass,cls_world.c,0x00450530,FUN_00450530,UNTOUCHED,span
zClass,cls_world.c,0x00450650,FUN_00450650,UNTOUCHED,span
zClass,cls_world.c,0x00450790,FUN_00450790,UNTOUCHED,span
zClass,cls_world.c,0x00450840,FUN_00450840,UNTOUCHED,span
zClass,cls_world.c,0x00450a00,FUN_00450a00,UNTOUCHED,anchor
zClass,cls_world.c,0x00450a70,FUN_00450a70,UNTOUCHED,anchor
zClass,cls_world.c,0x00450ae0,FUN_00450ae0,UNTOUCHED,span
zClass,cls_world.c,0x00450af0,FUN_00450af0,UNTOUCHED,span
zClass,cls_world.c,0x00450b20,FUN_00450b20,UNTOUCHED,span
zClass,cls_world.c,0x00450b40,FUN_00450b40,UNTOUCHED,span
zClass,cls_world.c,0x00450b60,FUN_00450b60,UNTOUCHED,span
zClass,cls_world.c,0x00450b80,FUN_00450b80,UNTOUCHED,span
zClass,cls_world.c,0x00450b90,FUN_00450b90,UNTOUCHED,span
zClass,cls_world.c,0x00450ba0,FUN_00450ba0,UNTOUCHED,span
zClass,cls_world.c,0x00450bc0,FUN_00450bc0,UNTOUCHED,span
zClass,cls_world.c,0x00450be0,FUN_00450be0,UNTOUCHED,span
zClass,cls_world.c,0x00450c00,FUN_00450c00,UNTOUCHED,span
zClass,cls_world.c,0x00450c30,FUN_00450c30,UNTOUCHED,span
zClass,cls_world.c,0x00450c60,FUN_00450c60,UNTOUCHED,span
zClass,cls_world.c,0x00450e40,FUN_00450e40,UNTOUCHED,span
zClass,cls_world.c,0x00450f00,FUN_00450f00,UNTOUCHED,span
zClass,cls_world.c,0x00450f20,FUN_00450f20,UNTOUCHED,anchor
zClass,cls_world.c,0x00450f60,FUN_00450f60,UNTOUCHED,span
zClass,cls_world.c,0x004510e0,FUN_004510e0,UNTOUCHED,span
zClass,cls_world.c,0x00451240,FUN_00451240,UNTOUCHED,anchor
zClass,cls_world.c,0x00451360,FUN_00451360,UNTOUCHED,span
zClass,cls_world.c,0x00451410,FUN_00451410,UNTOUCHED,anchor
zClass,cls_world.c,0x00451540,Light_PrepareFrameLightList,NAMED,span
zClass,cls_world.c,0x00451560,Light_UpdateAllInNode,NAMED,span
zClass,cls_world.c,0x00451590,FUN_00451590,UNTOUCHED,span
zClass,cls_world.c,0x00451640,FUN_00451640,UNTOUCHED,anchor
zClass,cls_zbd.c,0x004543f0,FUN_004543f0,UNTOUCHED,anchor
zClass,cls_zbd.c,0x004544b0,FUN_004544b0,UNTOUCHED,anchor
zClass,cls_zbd.c,0x00454890,FUN_00454890,UNTOUCHED,anchor
zClass,cls_zbd.c,0x00454a50,FUN_00454a50,UNTOUCHED,anchor
zClass,cls_zbd.c,0x00454bf0,FUN_00454bf0,UNTOUCHED,anchor
zClass,cls_zbd.c,0x00454c60,FUN_00454c60,UNTOUCHED,anchor
zClass,cls_zbd.c,0x00455350,FUN_00455350,UNTOUCHED,anchor
zClass,cls_zbd.c,0x00455520,FUN_00455520,UNTOUCHED,anchor
zClass,cls_zbd.c,0x004556a0,FUN_004556a0,UNTOUCHED,anchor
zClass,cls_zbd.c,0x00455730,FUN_00455730,UNTOUCHED,span
zClass,cls_zbd.c,0x004557a0,FUN_004557a0,UNTOUCHED,anchor
zDEClient,zdec_crater.cpp,0x00456b20,FUN_00456b20,UNTOUCHED,anchor
zDEClient,zdec_init.cpp,0x004558f0,FUN_004558f0,UNTOUCHED,anchor
zDEClient,zdec_qsand.cpp,0x00455ef0,FUN_00455ef0,UNTOUCHED,anchor
zEffect,zeff_anim_init.c,0x0045e210,FUN_0045e210,UNTOUCHED,anchor
zEffect,zeff_anim_init.c,0x0045e270,FUN_0045e270,UNTOUCHED,span
zEffect,zeff_anim_init.c,0x0045e280,FUN_0045e280,UNTOUCHED,span
zEffect,zeff_anim_init.c,0x0045e300,FUN_0045e300,UNTOUCHED,span
zEffect,zeff_anim_init.c,0x0045e380,FUN_0045e380,UNTOUCHED,anchor
zEffect,zeff_anim_init.c,0x0045e4a0,FUN_0045e4a0,UNTOUCHED,anchor
zEffect,zeff_anim_init.c,0x0045e5c0,FUN_0045e5c0,UNTOUCHED,span
zEffect,zeff_anim_init.c,0x0045e650,FUN_0045e650,UNTOUCHED,span
zEffect,zeff_anim_init.c,0x0045e6d0,FUN_0045e6d0,UNTOUCHED,span
zEffect,zeff_anim_init.c,0x0045e730,FUN_0045e730,UNTOUCHED,anchor
zEffect,zeff_anim_init.c,0x0045ed80,FUN_0045ed80,UNTOUCHED,anchor
zEffect,zeff_anim_init.c,0x0045efb0,Anim_LoadFile,NAMED,anchor
zEffect,zeff_anim_init.c,0x0045fb30,FUN_0045fb30,UNTOUCHED,anchor
zEffect,zeff_anim_run.c,0x0045cc00,FUN_0045cc00,UNTOUCHED,anchor
zEffect,zeff_anim_run.c,0x0045d000,FUN_0045d000,UNTOUCHED,anchor
zEffect,zeff_anim_run.c,0x0045d240,FUN_0045d240,UNTOUCHED,span
zEffect,zeff_anim_run.c,0x0045d310,FUN_0045d310,UNTOUCHED,span
zEffect,zeff_anim_run.c,0x0045d3d0,FUN_0045d3d0,UNTOUCHED,anchor
zEffect,zeff_anim_save.c,0x004606d0,FUN_004606d0,UNTOUCHED,anchor
zEffect,zeff_anim_save.c,0x00460ae0,FUN_00460ae0,UNTOUCHED,span
zEffect,zeff_anim_save.c,0x00460bc0,Anim_BuildRunningInstanceSaveRecord,PRIOR-EVIDENCE,span
zEffect,zeff_anim_save.c,0x00460f80,FUN_00460f80,UNTOUCHED,span
zEffect,zeff_anim_save.c,0x00461430,Anim_BuildNodeSaveRecords,PRIOR-EVIDENCE,anchor
zEffect,zeff_init.c,0x00460070,FUN_00460070,UNTOUCHED,anchor
zError,zerr_old.c,0x004622f0,FUN_004622f0,UNTOUCHED,anchor
zFMV,fmv_main.cpp,0x00462570,FUN_00462570,UNTOUCHED,anchor
zFMV,fmv_script.cpp,0x004626b0,FUN_004626b0,UNTOUCHED,anchor
zFMV,fmv_stream.cpp,0x00463ef0,FUN_00463ef0,UNTOUCHED,anchor
zFMV,fmv_stream.cpp,0x004641a0,FUN_004641a0,UNTOUCHED,anchor
zFMV,fmv_stream.cpp,0x004643a0,FUN_004643a0,UNTOUCHED,anchor
zFMV,fmv_stream.cpp,0x00464540,FUN_00464540,UNTOUCHED,anchor
zGeometry,zgeo_convexify.cpp,0x0046c760,FUN_0046c760,UNTOUCHED,anchor
zGeometry,zgeo_model.cpp,0x0046a770,FUN_0046a770,UNTOUCHED,anchor
zGeometry,zgeo_model.cpp,0x0046a7f0,FUN_0046a7f0,UNTOUCHED,span
zGeometry,zgeo_model.cpp,0x0046a8e0,FUN_0046a8e0,UNTOUCHED,span
zGeometry,zgeo_model.cpp,0x0046a9c0,FUN_0046a9c0,UNTOUCHED,span
zGeometry,zgeo_model.cpp,0x0046aa40,FUN_0046aa40,UNTOUCHED,span
zGeometry,zgeo_model.cpp,0x0046aab0,FUN_0046aab0,UNTOUCHED,span
zGeometry,zgeo_model.cpp,0x0046ab10,FUN_0046ab10,UNTOUCHED,span
zGeometry,zgeo_model.cpp,0x0046ab40,FUN_0046ab40,UNTOUCHED,span
zGeometry,zgeo_model.cpp,0x0046ab90,FUN_0046ab90,UNTOUCHED,span
zGeometry,zgeo_model.cpp,0x0046ac80,FUN_0046ac80,UNTOUCHED,span
zGeometry,zgeo_model.cpp,0x0046ae40,FUN_0046ae40,UNTOUCHED,span
zGeometry,zgeo_model.cpp,0x0046af00,FUN_0046af00,UNTOUCHED,span
zGeometry,zgeo_model.cpp,0x0046af20,FUN_0046af20,UNTOUCHED,span
zGeometry,zgeo_model.cpp,0x0046af40,FUN_0046af40,UNTOUCHED,span
zGeometry,zgeo_model.cpp,0x0046b030,FUN_0046b030,UNTOUCHED,anchor
zGeometry,zgeo_model.cpp,0x0046b1f0,FUN_0046b1f0,UNTOUCHED,anchor
zGeometry,zgeo_model.cpp,0x0046b550,FUN_0046b550,UNTOUCHED,span
zGeometry,zgeo_model.cpp,0x0046b650,FUN_0046b650,UNTOUCHED,span
zGeometry,zgeo_model.cpp,0x0046b6d0,FUN_0046b6d0,UNTOUCHED,anchor
zGeometry,zgeo_model.cpp,0x0046ba90,FUN_0046ba90,UNTOUCHED,anchor
zGeometry,zgeo_model.cpp,0x0046bb30,FUN_0046bb30,UNTOUCHED,span
zGeometry,zgeo_model.cpp,0x0046bb90,FUN_0046bb90,UNTOUCHED,anchor
zGeometry,zgeo_weiler.cpp,0x00464680,FUN_00464680,UNTOUCHED,anchor
zGeometry,zgeo_weiler.cpp,0x00464790,FUN_00464790,UNTOUCHED,span
zGeometry,zgeo_weiler.cpp,0x004647d0,FUN_004647d0,UNTOUCHED,span
zGeometry,zgeo_weiler.cpp,0x00464810,FUN_00464810,UNTOUCHED,anchor
zGeometry,zgeo_weiler.cpp,0x00464b30,FUN_00464b30,UNTOUCHED,span
zGeometry,zgeo_weiler.cpp,0x00464b90,FUN_00464b90,UNTOUCHED,anchor
zGeometry,zgeo_weiler.cpp,0x00464c90,FUN_00464c90,UNTOUCHED,span
zGeometry,zgeo_weiler.cpp,0x00464ea0,FUN_00464ea0,UNTOUCHED,span
zGeometry,zgeo_weiler.cpp,0x00464f70,FUN_00464f70,UNTOUCHED,anchor
zGeometry,zgeo_weiler.cpp,0x00465ac0,FUN_00465ac0,UNTOUCHED,anchor
zGeometry,zgeo_weiler.cpp,0x00467600,FUN_00467600,UNTOUCHED,span
zGeometry,zgeo_weiler.cpp,0x00467630,FUN_00467630,UNTOUCHED,span
zGeometry,zgeo_weiler.cpp,0x00467660,FUN_00467660,UNTOUCHED,span
zGeometry,zgeo_weiler.cpp,0x004676c0,FUN_004676c0,UNTOUCHED,anchor
zGeometry,zgeo_weiler.cpp,0x00467710,FUN_00467710,UNTOUCHED,anchor
zGeometry,zgeo_weiler.cpp,0x004680b0,FUN_004680b0,UNTOUCHED,span
zGeometry,zgeo_weiler.cpp,0x004681a0,FUN_004681a0,UNTOUCHED,anchor
zGeometry,zgeo_weiler.cpp,0x004682c0,FUN_004682c0,UNTOUCHED,anchor
zGeometry,zgeo_weiler.cpp,0x004683a0,FUN_004683a0,UNTOUCHED,span
zGeometry,zgeo_weiler.cpp,0x00468410,FUN_00468410,UNTOUCHED,span
zGeometry,zgeo_weiler.cpp,0x00468470,FUN_00468470,UNTOUCHED,span
zGeometry,zgeo_weiler.cpp,0x00468580,FUN_00468580,UNTOUCHED,anchor
zGeometry,zgeo_weiler.cpp,0x00468650,FUN_00468650,UNTOUCHED,anchor
zGeometry,zgeo_weiler.cpp,0x00468700,FUN_00468700,UNTOUCHED,span
zGeometry,zgeo_weiler.cpp,0x004687b0,FUN_004687b0,UNTOUCHED,anchor
zGeometry,zgeo_weiler.cpp,0x00468a10,FUN_00468a10,UNTOUCHED,span
zGeometry,zgeo_weiler.cpp,0x00468c40,FUN_00468c40,UNTOUCHED,anchor
zGeometry,zgeo_weiler.cpp,0x00468fa0,FUN_00468fa0,UNTOUCHED,span
zGeometry,zgeo_weiler.cpp,0x004693a0,FUN_004693a0,UNTOUCHED,span
zGeometry,zgeo_weiler.cpp,0x004693c0,FUN_004693c0,UNTOUCHED,span
zGeometry,zgeo_weiler.cpp,0x00469430,FUN_00469430,UNTOUCHED,span
zGeometry,zgeo_weiler.cpp,0x00469450,FUN_00469450,UNTOUCHED,span
zGeometry,zgeo_weiler.cpp,0x00469560,FUN_00469560,UNTOUCHED,span
zGeometry,zgeo_weiler.cpp,0x00469960,FUN_00469960,UNTOUCHED,span
zGeometry,zgeo_weiler.cpp,0x00469a30,FUN_00469a30,UNTOUCHED,span
zGeometry,zgeo_weiler.cpp,0x00469ae0,FUN_00469ae0,UNTOUCHED,span
zGeometry,zgeo_weiler.cpp,0x00469af0,FUN_00469af0,UNTOUCHED,span
zGeometry,zgeo_weiler.cpp,0x00469b60,FUN_00469b60,UNTOUCHED,span
zGeometry,zgeo_weiler.cpp,0x00469ca0,FUN_00469ca0,UNTOUCHED,span
zGeometry,zgeo_weiler.cpp,0x00469d60,FUN_00469d60,UNTOUCHED,span
zGeometry,zgeo_weiler.cpp,0x00469e50,FUN_00469e50,UNTOUCHED,span
zGeometry,zgeo_weiler.cpp,0x00469e90,FUN_00469e90,UNTOUCHED,span
zGeometry,zgeo_weiler.cpp,0x0046a080,FUN_0046a080,UNTOUCHED,span
zGeometry,zgeo_weiler.cpp,0x0046a130,FUN_0046a130,UNTOUCHED,span
zGeometry,zgeo_weiler.cpp,0x0046a1f0,FUN_0046a1f0,UNTOUCHED,anchor
zImage,zimg_fonts.cpp,0x0046efe0,FUN_0046efe0,UNTOUCHED,anchor
zImage,zimg_texture.cpp,0x0046d360,FUN_0046d360,UNTOUCHED,anchor
zImage,zimg_texture.cpp,0x0046d420,FUN_0046d420,UNTOUCHED,anchor
zInput,zin_init.cpp,0x00471b50,zInInit,PRIOR-EVIDENCE,anchor
zInput,zin_kbd.cpp,0x0046f300,Input_Keyboard_CreateDevice,PRIOR-EVIDENCE,anchor
zInput,zin_kbd.cpp,0x0046f420,Input_Keyboard_ShutdownDevice,NAMED,span
zInput,zin_kbd.cpp,0x0046f450,Input_Keyboard_InitialPollAndClear,NAMED,anchor
zInput,zin_kbd.cpp,0x0046f690,Input_Keyboard_PollAndTranslate,PRIOR-EVIDENCE,anchor
zInput,zin_kbd.cpp,0x0046f970,Input_Keyboard_SetCharCallback,NAMED,span
zInput,zin_kbd.cpp,0x0046f980,Input_Keyboard_ConsumeKeyEdge,PRIOR-EVIDENCE,span
zInput,zin_kbd.cpp,0x0046f9b0,FUN_0046f9b0,UNTOUCHED,span
zInput,zin_kbd.cpp,0x0046f9d0,FUN_0046f9d0,UNTOUCHED,span
zInput,zin_kbd.cpp,0x0046f9f0,FUN_0046f9f0,UNTOUCHED,span
zInput,zin_kbd.cpp,0x0046fa10,Input_Keyboard_WaitForKeyPress,NAMED,anchor
zInterp,zinterp_parse.cpp,0x004c20a0,FUN_004c20a0,UNTOUCHED,anchor
zMath,zmth_main.c,0x00472cc0,FUN_00472cc0,UNTOUCHED,anchor
zModel,gmod_const.c,0x004815c0,FUN_004815c0,UNTOUCHED,anchor
zModel,gmod_const.c,0x00481aa0,FUN_00481aa0,UNTOUCHED,anchor
zModel,gmod_const.c,0x00481bc0,FUN_00481bc0,UNTOUCHED,anchor
zModel,gmod_const.c,0x00481c50,FUN_00481c50,UNTOUCHED,anchor
zModel,gmod_const.c,0x00481fa0,FUN_00481fa0,UNTOUCHED,anchor
zModel,gmod_const.c,0x00482080,FUN_00482080,UNTOUCHED,anchor
zModel,gmod_const.c,0x004820f0,FUN_004820f0,UNTOUCHED,span
zModel,gmod_const.c,0x00482160,FUN_00482160,UNTOUCHED,span
zModel,gmod_const.c,0x00482270,FUN_00482270,UNTOUCHED,span
zModel,gmod_const.c,0x004826a0,FUN_004826a0,UNTOUCHED,span
zModel,gmod_const.c,0x004826b0,FUN_004826b0,UNTOUCHED,span
zModel,gmod_const.c,0x004826d0,FUN_004826d0,UNTOUCHED,span
zModel,gmod_const.c,0x004826f0,FUN_004826f0,UNTOUCHED,span
zModel,gmod_const.c,0x00482700,FUN_00482700,UNTOUCHED,span
zModel,gmod_const.c,0x00482710,FUN_00482710,UNTOUCHED,span
zModel,gmod_const.c,0x00482720,FUN_00482720,UNTOUCHED,anchor
zModel,gmod_const.c,0x00482860,FUN_00482860,UNTOUCHED,anchor
zModel,gmod_const.c,0x00482a10,FUN_00482a10,UNTOUCHED,anchor
zModel,gmod_const.c,0x00482b40,FUN_00482b40,UNTOUCHED,span
zModel,gmod_const.c,0x00482c60,FUN_00482c60,UNTOUCHED,span
zModel,gmod_const.c,0x00482db0,FUN_00482db0,UNTOUCHED,span
zModel,gmod_const.c,0x00482e30,FUN_00482e30,UNTOUCHED,span
zModel,gmod_const.c,0x00482fe0,FUN_00482fe0,UNTOUCHED,span
zModel,gmod_const.c,0x00483240,FUN_00483240,UNTOUCHED,anchor
zModel,gmod_const.c,0x00483510,FUN_00483510,UNTOUCHED,span
zModel,gmod_const.c,0x00483610,FUN_00483610,UNTOUCHED,span
zModel,gmod_const.c,0x00483650,FUN_00483650,UNTOUCHED,anchor
zModel,gmod_const.c,0x00483a60,FUN_00483a60,UNTOUCHED,span
zModel,gmod_const.c,0x00483ad0,FUN_00483ad0,UNTOUCHED,span
zModel,gmod_const.c,0x00483b80,FUN_00483b80,UNTOUCHED,span
zModel,gmod_const.c,0x00483e60,FUN_00483e60,UNTOUCHED,span
zModel,gmod_const.c,0x00483f80,FUN_00483f80,UNTOUCHED,span
zModel,gmod_const.c,0x00484140,FUN_00484140,UNTOUCHED,span
zModel,gmod_const.c,0x00484170,FUN_00484170,UNTOUCHED,span
zModel,gmod_const.c,0x004841b0,FUN_004841b0,UNTOUCHED,span
zModel,gmod_const.c,0x004841f0,FUN_004841f0,UNTOUCHED,span
zModel,gmod_const.c,0x00484230,FUN_00484230,UNTOUCHED,span
zModel,gmod_const.c,0x00484250,FUN_00484250,UNTOUCHED,anchor
zModel,gmod_init.c,0x00475ff0,FUN_00475ff0,UNTOUCHED,anchor
zModel,gmod_init.c,0x00476020,FUN_00476020,UNTOUCHED,span
zModel,gmod_init.c,0x00476030,FUN_00476030,UNTOUCHED,span
zModel,gmod_init.c,0x00476040,FUN_00476040,UNTOUCHED,span
zModel,gmod_init.c,0x00476070,FUN_00476070,UNTOUCHED,span
zModel,gmod_init.c,0x00476080,FUN_00476080,UNTOUCHED,span
zModel,gmod_init.c,0x00476090,FUN_00476090,UNTOUCHED,span
zModel,gmod_init.c,0x004760b0,FUN_004760b0,UNTOUCHED,span
zModel,gmod_init.c,0x004760d0,FUN_004760d0,UNTOUCHED,anchor
zModel,gmod_light.c,0x00487a30,FUN_00487a30,UNTOUCHED,anchor
zModel,gmod_light.c,0x00487c50,FUN_00487c50,UNTOUCHED,anchor
zModel,gmod_matl.c,0x00480600,FUN_00480600,UNTOUCHED,anchor
zModel,gmod_matl.c,0x004808c0,FUN_004808c0,UNTOUCHED,anchor
zModel,gmod_matl.c,0x00480ae0,FUN_00480ae0,UNTOUCHED,span
zModel,gmod_matl.c,0x00480bf0,FUN_00480bf0,UNTOUCHED,anchor
zModel,gmod_matl.c,0x00480c40,FUN_00480c40,UNTOUCHED,span
zModel,gmod_matl.c,0x00480c80,FUN_00480c80,UNTOUCHED,span
zModel,gmod_matl.c,0x00480ca0,FUN_00480ca0,UNTOUCHED,span
zModel,gmod_matl.c,0x00480d20,FUN_00480d20,UNTOUCHED,span
zModel,gmod_matl.c,0x00480d80,FUN_00480d80,UNTOUCHED,span
zModel,gmod_matl.c,0x00480dc0,FUN_00480dc0,UNTOUCHED,span
zModel,gmod_matl.c,0x00480ec0,FUN_00480ec0,UNTOUCHED,span
zModel,gmod_matl.c,0x00480f10,FUN_00480f10,UNTOUCHED,span
zModel,gmod_matl.c,0x00480f60,FUN_00480f60,UNTOUCHED,span
zModel,gmod_matl.c,0x00480f80,FUN_00480f80,UNTOUCHED,span
zModel,gmod_matl.c,0x00480fd0,FUN_00480fd0,UNTOUCHED,span
zModel,gmod_matl.c,0x00481040,FUN_00481040,UNTOUCHED,span
zModel,gmod_matl.c,0x00481050,FUN_00481050,UNTOUCHED,span
zModel,gmod_matl.c,0x00481100,FUN_00481100,UNTOUCHED,span
zModel,gmod_matl.c,0x00481140,FUN_00481140,UNTOUCHED,anchor
zModel,gmod_matl.c,0x00481220,FUN_00481220,UNTOUCHED,anchor
zModel,gmod_matl.c,0x00481260,FUN_00481260,UNTOUCHED,anchor
zModel,gmod_matl.c,0x004812b0,thunk_FUN_004812c0,EXCLUDED,span
zModel,gmod_matl.c,0x004812c0,FUN_004812c0,UNTOUCHED,anchor
zNetwork,znet_dplay.cpp,0x0048a0d0,FUN_0048a0d0,UNTOUCHED,anchor
zNetwork,znet_dplay.cpp,0x0048a130,FUN_0048a130,UNTOUCHED,span
zNetwork,znet_dplay.cpp,0x0048a140,FUN_0048a140,UNTOUCHED,anchor
zNetwork,znet_dplay.cpp,0x0048a180,FUN_0048a180,UNTOUCHED,anchor
zNetwork,znet_dplay.cpp,0x0048a220,FUN_0048a220,UNTOUCHED,anchor
zNetwork,znet_dplay.cpp,0x0048a2c0,FUN_0048a2c0,UNTOUCHED,span
zNetwork,znet_dplay.cpp,0x0048a2e0,FUN_0048a2e0,UNTOUCHED,span
zNetwork,znet_dplay.cpp,0x0048a310,FUN_0048a310,UNTOUCHED,anchor
zNetwork,znet_dplay.cpp,0x0048a350,FUN_0048a350,UNTOUCHED,anchor
zNetwork,znet_dplay.cpp,0x0048a410,FUN_0048a410,UNTOUCHED,anchor
zNetwork,znet_dplay.cpp,0x0048a520,FUN_0048a520,UNTOUCHED,span
zNetwork,znet_dplay.cpp,0x0048a980,FUN_0048a980,UNTOUCHED,anchor
zNetwork,znet_dplay.cpp,0x0048a9c0,FUN_0048a9c0,UNTOUCHED,anchor
zNetwork,znet_dplay.cpp,0x0048acf0,FUN_0048acf0,UNTOUCHED,anchor
zNetwork,znet_dplay.cpp,0x0048ad30,FUN_0048ad30,UNTOUCHED,anchor
zNetwork,znet_dplay.cpp,0x0048ad70,FUN_0048ad70,UNTOUCHED,anchor
zNetwork,znet_dplay.cpp,0x0048ae10,FUN_0048ae10,UNTOUCHED,anchor
zNetwork,znet_dplay.cpp,0x0048ae70,FUN_0048ae70,UNTOUCHED,anchor
zNetwork,znet_dplay.cpp,0x0048afa0,FUN_0048afa0,UNTOUCHED,span
zNetwork,znet_dplay.cpp,0x0048afe0,FUN_0048afe0,UNTOUCHED,anchor
zNetwork,znet_dplay.cpp,0x0048b3a0,FUN_0048b3a0,UNTOUCHED,span
zNetwork,znet_dplay.cpp,0x0048b5e0,FUN_0048b5e0,UNTOUCHED,span
zNetwork,znet_dplay.cpp,0x0048b730,FUN_0048b730,UNTOUCHED,anchor
zReader,zreader.cpp,0x0048d080,FUN_0048d080,UNTOUCHED,anchor
zRender,zrndr_draw.c,0x00499a20,FUN_00499a20,UNTOUCHED,anchor
zRender,zrndr_draw.c,0x00499c40,FUN_00499c40,UNTOUCHED,anchor
zRender,zrndr_draw.c,0x00499ec0,FUN_00499ec0,UNTOUCHED,anchor
zSound,zsnd_3d.cpp,0x004a2b40,FUN_004a2b40,UNTOUCHED,anchor
zSound,zsnd_cd.cpp,0x004a20d0,FUN_004a20d0,UNTOUCHED,anchor
zSound,zsnd_cd.cpp,0x004a2490,FUN_004a2490,UNTOUCHED,span
zSound,zsnd_cd.cpp,0x004a24d0,FUN_004a24d0,UNTOUCHED,span
zSound,zsnd_cd.cpp,0x004a25e0,FUN_004a25e0,UNTOUCHED,span
zSound,zsnd_cd.cpp,0x004a2600,FUN_004a2600,UNTOUCHED,anchor
zSound,zsnd_cd.cpp,0x004a26b0,FUN_004a26b0,UNTOUCHED,span
zSound,zsnd_cd.cpp,0x004a26f0,FUN_004a26f0,UNTOUCHED,anchor
zSound,zsnd_cd.cpp,0x004a2750,FUN_004a2750,UNTOUCHED,anchor
zSound,zsnd_cd.cpp,0x004a27d0,FUN_004a27d0,UNTOUCHED,span
zSound,zsnd_cd.cpp,0x004a27f0,FUN_004a27f0,UNTOUCHED,anchor
zSound,zsnd_cd.cpp,0x004a2880,FUN_004a2880,UNTOUCHED,anchor
zSound,zsnd_create.cpp,0x004a2ec0,FUN_004a2ec0,UNTOUCHED,anchor
zSound,zsnd_create.cpp,0x004a3180,FUN_004a3180,UNTOUCHED,anchor
zSound,zsnd_create.cpp,0x004a34e0,FUN_004a34e0,UNTOUCHED,anchor
zSound,zsnd_create.cpp,0x004a3590,FUN_004a3590,UNTOUCHED,anchor
zSound,zsnd_grp.cpp,0x004a4590,FUN_004a4590,UNTOUCHED,anchor
zSound,zsnd_grp.cpp,0x004a49b0,FUN_004a49b0,UNTOUCHED,anchor
zSound,zsnd_init.cpp,0x004a1420,zSnd_CreateDevice,PRIOR-EVIDENCE,anchor
zSound,zsnd_init.cpp,0x004a1510,FUN_004a1510,UNTOUCHED,span
zSound,zsnd_init.cpp,0x004a1870,FUN_004a1870,UNTOUCHED,span
zSound,zsnd_init.cpp,0x004a1d10,Sound_InitA3DDevice,PRIOR-EVIDENCE,anchor
zSound,zsnd_init.cpp,0x004a1e50,zSnd_CreateDeviceAndPrimaryBuffer,PRIOR-EVIDENCE,anchor
zSound,zsnd_parm.cpp,0x004a10e0,FUN_004a10e0,UNTOUCHED,anchor
zSound,zsnd_play.cpp,0x0049f6f0,Sound_DuplicateA3DVoice,PRIOR-EVIDENCE,anchor
zSound,zsnd_play.cpp,0x0049f830,Sound_DuplicateHardwareBuffer,PRIOR-EVIDENCE,span
zSound,zsnd_play.cpp,0x0049f960,Sound_PlayResourceAuto,NAMED,span
zSound,zsnd_play.cpp,0x0049f9a0,FUN_0049f9a0,CONFIRMED,span
zSound,zsnd_play.cpp,0x0049fa00,FUN_0049fa00,UNTOUCHED,span
zSound,zsnd_play.cpp,0x0049fa10,Sound_StartVoice,CONFIRMED,span
zSound,zsnd_play.cpp,0x0049fa60,Sound_StartVoice_Mode1,NAMED,anchor
zSound,zsnd_play.cpp,0x0049fbb0,FUN_0049fbb0,DECOMPILED,anchor
zSound,zsnd_play.cpp,0x0049fcf0,Sound_PlayResourceSimple,NAMED,span
zSound,zsnd_play.cpp,0x0049fd50,Sound_PlayResourceVariant,PRIOR-EVIDENCE,span
zSound,zsnd_play.cpp,0x0049fda0,Sound_StopOrRestoreVoice,NAMED,anchor
zSound,zsnd_play.cpp,0x0049fec0,FUN_0049fec0,UNTOUCHED,anchor
zSound,zsnd_play.cpp,0x0049fff0,FUN_0049fff0,UNTOUCHED,span
zSound,zsnd_play.cpp,0x004a0300,FUN_004a0300,UNTOUCHED,span
zSound,zsnd_play.cpp,0x004a0380,FUN_004a0380,UNTOUCHED,anchor
zSound,zsnd_play.cpp,0x004a0400,FUN_004a0400,UNTOUCHED,anchor
zUtil,zutl_zar.cpp,0x004a61d0,Zar_OpenFile,NAMED,anchor
zVideo,zvid_buff.c,0x004a69e0,FUN_004a69e0,UNTOUCHED,anchor
zVideo,zvid_dd.c,0x004a7b40,DDraw_BootstrapDeviceEnumeration,PRIOR-EVIDENCE,anchor
zVideo,zvid_dd.c,0x004a7d20,DDraw_EnsureDeviceCreated,PRIOR-EVIDENCE,span
zVideo,zvid_dd.c,0x004a7d40,DDraw_ReleaseDevice,PRIOR-EVIDENCE,span
zVideo,zvid_dd.c,0x004a7d70,FUN_004a7d70,UNTOUCHED,anchor
zVideo,zvid_dd.c,0x004a7fc0,FUN_004a7fc0,UNTOUCHED,span
zVideo,zvid_dd.c,0x004a8030,FUN_004a8030,UNTOUCHED,span
zVideo,zvid_dd.c,0x004a8060,FUN_004a8060,UNTOUCHED,anchor
zVideo,zvid_dd.c,0x004a80c0,FUN_004a80c0,UNTOUCHED,anchor
zVideo,zvid_dd.c,0x004a8100,FUN_004a8100,UNTOUCHED,anchor
zVideo,zvid_dd.c,0x004a8160,FUN_004a8160,UNTOUCHED,anchor
zVideo,zvid_dd.c,0x004a83d0,DDraw_CreateOffscreenSurfaceAndQuery,NAMED,anchor
zVideo,zvid_dd.c,0x004a8500,FUN_004a8500,UNTOUCHED,anchor
zVideo,zvid_dd.c,0x004a8720,DDraw_SetCooperativeLevelAndDisplayMode,PRIOR-EVIDENCE,anchor
zVideo,zvid_dd.c,0x004a8800,DDraw_CreateAndQueryInterface,PRIOR-EVIDENCE,anchor
zVideo,zvid_dd.c,0x004a8870,FUN_004a8870,UNTOUCHED,span
zVideo,zvid_dd.c,0x004a88b0,FUN_004a88b0,UNTOUCHED,span
zVideo,zvid_dd.c,0x004a88f0,Render_CreatePrimarySurfacesAndZBuffer,PRIOR-EVIDENCE,anchor
zVideo,zvid_dd.c,0x004a8f80,Render_DetectSurfacePixelFormat,NAMED,anchor
zVideo,zvid_dd.c,0x004a9060,FUN_004a9060,UNTOUCHED,span
zVideo,zvid_dd.c,0x004a90e0,FUN_004a90e0,UNTOUCHED,anchor
zVideo,zvid_dd.c,0x004a9160,FUN_004a9160,UNTOUCHED,anchor
zVideo,zvid_dd.c,0x004a91b0,Render_ReleaseDeviceInterfaces,PRIOR-EVIDENCE,anchor
zVideo,zvid_dd.c,0x004a9300,FUN_004a9300,UNTOUCHED,span
zVideo,zvid_dd.c,0x004a9390,DDraw_EnumerateGraphicsDevices,PRIOR-EVIDENCE,anchor
zVideo,zvid_dd.c,0x004a93d0,DDraw_EnumDevicesCallback,PRIOR-EVIDENCE,anchor
zVideo,zvid_dd.c,0x004a95e0,FUN_004a95e0,UNTOUCHED,anchor
zVideo,zvid_ddd3d.c,0x004a9ac0,FUN_004a9ac0,UNTOUCHED,anchor
zVideo,zvid_ddd3d.c,0x004a9b40,FUN_004a9b40,UNTOUCHED,anchor
zVideo,zvid_ddd3d.c,0x004a9c20,Render_CreateD3DDevice,PRIOR-EVIDENCE,anchor
zVideo,zvid_ddd3d.c,0x004aa600,FUN_004aa600,UNTOUCHED,span
zVideo,zvid_ddd3d.c,0x004aa6f0,FUN_004aa6f0,UNTOUCHED,span
zVideo,zvid_ddd3d.c,0x004aa900,FUN_004aa900,UNTOUCHED,span
zVideo,zvid_ddd3d.c,0x004aa980,FUN_004aa980,UNTOUCHED,span
zVideo,zvid_ddd3d.c,0x004aa9d0,FUN_004aa9d0,UNTOUCHED,span
zVideo,zvid_ddd3d.c,0x004aa9e0,FUN_004aa9e0,UNTOUCHED,span
zVideo,zvid_ddd3d.c,0x004aab90,Render_QueuePolygon_Untextured,PRIOR-EVIDENCE,anchor
zVideo,zvid_ddd3d.c,0x004aaef0,Render_QueuePolygon_UntexturedGouraud,PRIOR-EVIDENCE,anchor
zVideo,zvid_ddd3d.c,0x004ab320,Render_QueuePolygon_UntexturedLit,DECOMPILED,anchor
zVideo,zvid_ddd3d.c,0x004ab6d0,Render_QueuePolygon_SingleTextured,PRIOR-EVIDENCE,anchor
zVideo,zvid_ddd3d.c,0x004abb20,Render_QueuePolygon_SingleTexturedLit,PRIOR-EVIDENCE,anchor
zVideo,zvid_ddd3d.c,0x004ac370,Render_QueuePolygon_SingleTexturedLitGradient,PRIOR-EVIDENCE,anchor
zVideo,zvid_ddd3d.c,0x004acbd0,Render_DrawPolygonImmediate,PRIOR-EVIDENCE,anchor
zVideo,zvid_ddd3d.c,0x004accc0,FUN_004accc0,UNTOUCHED,span
zVideo,zvid_ddd3d.c,0x004acd00,FUN_004acd00,UNTOUCHED,span
zVideo,zvid_ddd3d.c,0x004ace30,Render_FlushSortedDrawQueue,PRIOR-EVIDENCE,anchor
zVideo,zvid_ddd3d.c,0x004ad120,Render_FlushQuadDrawQueue,PRIOR-EVIDENCE,span
zVideo,zvid_ddd3d.c,0x004ad250,Render_FlushMainDrawQueue,PRIOR-EVIDENCE,anchor
zVideo,zvid_init.c,0x004a75f0,FUN_004a75f0,UNTOUCHED,anchor
zWeapon,zwep_init.c,0x004b1190,Weapon_LoadMountArrayFromConfig,CONFIRMED,anchor
