file,func
D:\Proj\Battlesport\ai_net.cpp,0x00403040
D:\Proj\Battlesport\Briefing.cpp,0x00404180
D:\Proj\Battlesport\hud.cpp,0x00410160
D:\Proj\Battlesport\hud.cpp,0x00414180
D:\Proj\Battlesport\map.cpp,0x004168d0
D:\Proj\Battlesport\mission.cpp,0x00419050
D:\Proj\Battlesport\mission.cpp,0x004192d0
D:\Proj\Battlesport\mission.cpp,0x00418230
D:\Proj\Battlesport\mission.cpp,0x00418230
D:\Proj\Battlesport\mission.cpp,0x00417f90
D:\Proj\Battlesport\mission.cpp,0x00417f90
D:\Proj\Battlesport\mission.cpp,0x00417f90
D:\Proj\Battlesport\pickup.cpp,0x0041db60
D:\Proj\Battlesport\pickup.cpp,0x0041d220
D:\Proj\Battlesport\pickup.cpp,0x0041ccf0
D:\Proj\Battlesport\player.cpp,0x0041fe90
D:\Proj\Battlesport\player.cpp,0x0041f1d0
D:\Proj\Battlesport\player.cpp,0x00421470
D:\Proj\Battlesport\player.cpp,0x00421470
D:\Proj\Battlesport\player.cpp,0x00421470
D:\Proj\Battlesport\player.cpp,0x00420d10
D:\Proj\Battlesport\RecoilApp.cpp,0x0042e5da
D:\Proj\Battlesport\turret.cpp,0x00437ac0
D:\Proj\GameZRecoil\zClass\cls_di.c,0x00445d40
D:\Proj\GameZRecoil\zClass\cls_di.c,0x00443f80
D:\Proj\GameZRecoil\zClass\cls_di.c,0x00443f80
D:\Proj\GameZRecoil\zClass\cls_di.c,0x00445650
D:\Proj\GameZRecoil\zClass\cls_di.c,0x00445650
D:\Proj\GameZRecoil\zClass\cls_di.c,0x00444890
D:\Proj\GameZRecoil\zClass\cls_di.c,0x00446a80
D:\Proj\GameZRecoil\zClass\cls_di.c,0x00446a80
D:\Proj\GameZRecoil\zClass\cls_di.c,0x00444e90
D:\Proj\GameZRecoil\zClass\cls_di.c,0x00446f60
D:\Proj\GameZRecoil\zClass\cls_di.c,0x00446440
D:\Proj\GameZRecoil\zClass\cls_di.c,0x004444b0
D:\Proj\GameZRecoil\zClass\Class.c,0x004478c0
D:\Proj\GameZRecoil\zClass\Class.c,0x00447980
D:\Proj\GameZRecoil\zClass\Class.c,0x00447980
D:\Proj\GameZRecoil\zClass\Class.c,0x00447a70
D:\Proj\GameZRecoil\zClass\Class.c,0x00449af0
D:\Proj\GameZRecoil\zClass\Class.c,0x00449ab0
D:\Proj\GameZRecoil\zClass\Class.c,0x00447b60
D:\Proj\GameZRecoil\zClass\Class.c,0x00447bc0
D:\Proj\GameZRecoil\zClass\Class.c,0x00447c60
D:\Proj\GameZRecoil\zClass\Class.c,0x00447c60
D:\Proj\GameZRecoil\zClass\Class.c,0x00447d70
D:\Proj\GameZRecoil\zClass\Class.c,0x00447d20
D:\Proj\GameZRecoil\zClass\Class.c,0x00447dc0
D:\Proj\GameZRecoil\zClass\Class.c,0x00447e60
D:\Proj\GameZRecoil\zClass\Class.c,0x00447f00
D:\Proj\GameZRecoil\zClass\Class.c,0x00447f30
D:\Proj\GameZRecoil\zClass\Class.c,0x00447f30
D:\Proj\GameZRecoil\zClass\Class.c,0x00447fe0
D:\Proj\GameZRecoil\zClass\Class.c,0x00447fe0
D:\Proj\GameZRecoil\zClass\Class.c,0x004491b0
D:\Proj\GameZRecoil\zClass\Class.c,0x00449420
D:\Proj\GameZRecoil\zClass\Class.c,0x00449480
D:\Proj\GameZRecoil\zClass\Class.c,0x00449480
D:\Proj\GameZRecoil\zClass\Class.c,0x00449480
D:\Proj\GameZRecoil\zClass\Class.c,0x00448920
D:\Proj\GameZRecoil\zClass\Class.c,0x00448cc0
D:\Proj\GameZRecoil\zClass\Class.c,0x00448e90
D:\Proj\GameZRecoil\zClass\Class.c,0x00448090
D:\Proj\GameZRecoil\zClass\Class.c,0x00448140
D:\Proj\GameZRecoil\zClass\Class.c,0x00448100
D:\Proj\GameZRecoil\zClass\Class.c,0x004481f0
D:\Proj\GameZRecoil\zClass\Class.c,0x00448180
D:\Proj\GameZRecoil\zClass\Class.c,0x004481b0
D:\Proj\GameZRecoil\zClass\Class.c,0x00448270
D:\Proj\GameZRecoil\zClass\Class.c,0x00448230
D:\Proj\GameZRecoil\zClass\Class.c,0x004482f0
D:\Proj\GameZRecoil\zClass\Class.c,0x004482b0
D:\Proj\GameZRecoil\zClass\Class.c,0x00448360
D:\Proj\GameZRecoil\zClass\Class.c,0x00448330
D:\Proj\GameZRecoil\zClass\Class.c,0x004483f0
D:\Proj\GameZRecoil\zClass\Class.c,0x004483f0
D:\Proj\GameZRecoil\zClass\Class.c,0x004483f0
D:\Proj\GameZRecoil\zClass\Class.c,0x004483a0
D:\Proj\GameZRecoil\zClass\Class.c,0x00448570
D:\Proj\GameZRecoil\zClass\Class.c,0x00448570
D:\Proj\GameZRecoil\zClass\Class.c,0x00448660
D:\Proj\GameZRecoil\zClass\Class.c,0x00448760
D:\Proj\GameZRecoil\zClass\Class.c,0x004487c0
D:\Proj\GameZRecoil\zClass\Class.c,0x00447e30
D:\Proj\GameZRecoil\zClass\Camera.c,0x00449be0
D:\Proj\GameZRecoil\zClass\Camera.c,0x00449cd0
D:\Proj\GameZRecoil\zClass\Camera.c,0x00449c90
D:\Proj\GameZRecoil\zClass\Camera.c,0x00449d20
D:\Proj\GameZRecoil\zClass\Camera.c,0x00449d20
D:\Proj\GameZRecoil\zClass\Camera.c,0x00449dd0
D:\Proj\GameZRecoil\zClass\Camera.c,0x00449dd0
D:\Proj\GameZRecoil\zClass\Camera.c,0x00449ea0
D:\Proj\GameZRecoil\zClass\Camera.c,0x00449ea0
D:\Proj\GameZRecoil\zClass\Camera.c,0x00449fb0
D:\Proj\GameZRecoil\zClass\Camera.c,0x00449fb0
D:\Proj\GameZRecoil\zClass\Camera.c,0x0044d260
D:\Proj\GameZRecoil\zClass\Camera.c,0x0044d260
D:\Proj\GameZRecoil\zClass\Camera.c,0x0044a870
D:\Proj\GameZRecoil\zClass\Camera.c,0x0044a870
D:\Proj\GameZRecoil\zClass\Camera.c,0x0044c8e0
D:\Proj\GameZRecoil\zClass\Camera.c,0x0044c8e0
D:\Proj\GameZRecoil\zClass\Camera.c,0x0044a910
D:\Proj\GameZRecoil\zClass\Camera.c,0x0044a910
D:\Proj\GameZRecoil\zClass\Camera.c,0x0044a9f0
D:\Proj\GameZRecoil\zClass\Camera.c,0x0044a980
D:\Proj\GameZRecoil\zClass\Camera.c,0x0044a980
D:\Proj\GameZRecoil\zClass\Camera.c,0x0044a060
D:\Proj\GameZRecoil\zClass\Camera.c,0x0044a060
D:\Proj\GameZRecoil\zClass\Camera.c,0x0044a0f0
D:\Proj\GameZRecoil\zClass\Camera.c,0x0044a0f0
D:\Proj\GameZRecoil\zClass\Camera.c,0x0044a1a0
D:\Proj\GameZRecoil\zClass\Camera.c,0x0044a1a0
D:\Proj\GameZRecoil\zClass\Camera.c,0x0044a250
D:\Proj\GameZRecoil\zClass\Camera.c,0x0044a250
D:\Proj\GameZRecoil\zClass\Camera.c,0x0044c230
D:\Proj\GameZRecoil\zClass\Camera.c,0x0044a2f0
D:\Proj\GameZRecoil\zClass\Camera.c,0x0044a2f0
D:\Proj\GameZRecoil\zClass\Camera.c,0x0044c3c0
D:\Proj\GameZRecoil\zClass\Camera.c,0x0044c3c0
D:\Proj\GameZRecoil\zClass\Camera.c,0x0044a380
D:\Proj\GameZRecoil\zClass\Camera.c,0x0044a380
D:\Proj\GameZRecoil\zClass\Camera.c,0x0044a410
D:\Proj\GameZRecoil\zClass\Camera.c,0x0044a410
D:\Proj\GameZRecoil\zClass\Camera.c,0x0044a580
D:\Proj\GameZRecoil\zClass\Camera.c,0x0044a580
D:\Proj\GameZRecoil\zClass\Camera.c,0x0044a610
D:\Proj\GameZRecoil\zClass\Camera.c,0x0044a610
D:\Proj\GameZRecoil\zClass\Camera.c,0x0044a760
D:\Proj\GameZRecoil\zClass\Camera.c,0x0044a760
D:\Proj\GameZRecoil\zClass\Camera.c,0x0044a7f0
D:\Proj\GameZRecoil\zClass\Camera.c,0x0044a7f0
D:\Proj\GameZRecoil\zClass\Object3d.c,0x0044d9e0
D:\Proj\GameZRecoil\zClass\Object3d.c,0x0044daa0
D:\Proj\GameZRecoil\zClass\Object3d.c,0x0044db60
D:\Proj\GameZRecoil\zClass\Object3d.c,0x0044db10
D:\Proj\GameZRecoil\zClass\Object3d.c,0x0044dbb0
D:\Proj\GameZRecoil\zClass\Object3d.c,0x0044dbb0
D:\Proj\GameZRecoil\zClass\Object3d.c,0x0044dc30
D:\Proj\GameZRecoil\zClass\Object3d.c,0x0044dc30
D:\Proj\GameZRecoil\zClass\Object3d.c,0x0044dd90
D:\Proj\GameZRecoil\zClass\Object3d.c,0x0044dd90
D:\Proj\GameZRecoil\zClass\Object3d.c,0x0044de10
D:\Proj\GameZRecoil\zClass\Object3d.c,0x0044de10
D:\Proj\GameZRecoil\zClass\Object3d.c,0x0044de80
D:\Proj\GameZRecoil\zClass\Object3d.c,0x0044de80
D:\Proj\GameZRecoil\zClass\Object3d.c,0x0044df00
D:\Proj\GameZRecoil\zClass\Object3d.c,0x0044dfd0
D:\Proj\GameZRecoil\zClass\Object3d.c,0x0044e030
D:\Proj\GameZRecoil\zClass\Object3d.c,0x0044e170
D:\Proj\GameZRecoil\zClass\Object3d.c,0x0044e110
D:\Proj\GameZRecoil\zClass\Object3d.c,0x0044e270
D:\Proj\GameZRecoil\zClass\Object3d.c,0x0044e270
D:\Proj\GameZRecoil\zClass\Object3d.c,0x0044e300
D:\Proj\GameZRecoil\zClass\Object3d.c,0x0044e3d0
D:\Proj\GameZRecoil\zClass\Object3d.c,0x0044e3d0
D:\Proj\GameZRecoil\zClass\Object3d.c,0x0044e4f0
D:\Proj\GameZRecoil\zClass\Object3d.c,0x0044e4f0
D:\Proj\GameZRecoil\zClass\Object3d.c,0x0044e5b0
D:\Proj\GameZRecoil\zClass\Object3d.c,0x0044e5b0
D:\Proj\GameZRecoil\zClass\Object3d.c,0x0044e5b0
D:\Proj\GameZRecoil\zClass\List.c,0x0044f000
D:\Proj\GameZRecoil\zClass\List.c,0x0044f120
D:\Proj\GameZRecoil\zClass\List.c,0x0044f1d0
D:\Proj\GameZRecoil\zClass\Window.c,0x0044f870
D:\Proj\GameZRecoil\zClass\Window.c,0x0044f8b0
D:\Proj\GameZRecoil\zClass\Window.c,0x0044f8b0
D:\Proj\GameZRecoil\zClass\Window.c,0x0044f930
D:\Proj\GameZRecoil\zClass\Window.c,0x0044f930
D:\Proj\GameZRecoil\zClass\Window.c,0x0044f9c0
D:\Proj\GameZRecoil\zClass\Window.c,0x0044f9c0
D:\Proj\GameZRecoil\zClass\Window.c,0x0044fa40
D:\Proj\GameZRecoil\zClass\Window.c,0x0044fa40
D:\Proj\GameZRecoil\zClass\Window.c,0x0044fad0
D:\Proj\GameZRecoil\zClass\Window.c,0x0044fad0
D:\Proj\GameZRecoil\zClass\Window.c,0x0044fb40
D:\Proj\GameZRecoil\zClass\Window.c,0x0044fb40
D:\Proj\GameZRecoil\zClass\Window.c,0x0044fbd0
D:\Proj\GameZRecoil\zClass\Window.c,0x0044fbd0
D:\Proj\GameZRecoil\zClass\Window.c,0x0044fbd0
D:\Proj\GameZRecoil\zClass\Window.c,0x0044fcf0
D:\Proj\GameZRecoil\zClass\Window.c,0x0044fcf0
D:\Proj\GameZRecoil\zClass\Window.c,0x0044fcf0
D:\Proj\GameZRecoil\zClass\Window.c,0x0044f7a0
D:\Proj\GameZRecoil\zClass\Display.c,0x0044fdd0
D:\Proj\GameZRecoil\zClass\Display.c,0x0044fe50
D:\Proj\GameZRecoil\zClass\Display.c,0x0044fe90
D:\Proj\GameZRecoil\zClass\Display.c,0x0044fe90
D:\Proj\GameZRecoil\zClass\Display.c,0x0044ff10
D:\Proj\GameZRecoil\zClass\Display.c,0x0044ff10
D:\Proj\GameZRecoil\zClass\Display.c,0x0044ff90
D:\Proj\GameZRecoil\zClass\Display.c,0x0044ff90
D:\Proj\GameZRecoil\zClass\cls_world.c,0x00451240
D:\Proj\GameZRecoil\zClass\cls_world.c,0x00451410
D:\Proj\GameZRecoil\zClass\cls_world.c,0x00451410
D:\Proj\GameZRecoil\zClass\cls_world.c,0x00451640
D:\Proj\GameZRecoil\zClass\cls_world.c,0x00451640
D:\Proj\GameZRecoil\zClass\cls_world.c,0x00450a70
D:\Proj\GameZRecoil\zClass\cls_world.c,0x00450f20
D:\Proj\GameZRecoil\zClass\cls_world.c,0x004502b0
D:\Proj\GameZRecoil\zClass\cls_world.c,0x00450a00
D:\Proj\GameZRecoil\zClass\cls_world.c,0x00450a00
D:\Proj\GameZRecoil\zClass\cls_util.c,0x004518b0
D:\Proj\GameZRecoil\zClass\cls_util.c,0x00451a60
D:\Proj\GameZRecoil\zClass\cls_util.c,0x00451bd0
D:\Proj\GameZRecoil\zClass\cls_util.c,0x00451bd0
D:\Proj\GameZRecoil\zClass\cls_util.c,0x00451bd0
D:\Proj\GameZRecoil\zClass\cls_util.c,0x00451bd0
D:\Proj\GameZRecoil\zClass\cls_util.c,0x00451bd0
D:\Proj\GameZRecoil\zClass\cls_util.c,0x00451bd0
D:\Proj\GameZRecoil\zClass\cls_util.c,0x00451bd0
D:\Proj\GameZRecoil\zClass\cls_util.c,0x00451bd0
D:\Proj\GameZRecoil\zClass\cls_util.c,0x00451bd0
D:\Proj\GameZRecoil\zClass\cls_util.c,0x00451bd0
D:\Proj\GameZRecoil\zClass\cls_util.c,0x00451bd0
D:\Proj\GameZRecoil\zClass\cls_util.c,0x00451bd0
D:\Proj\GameZRecoil\zClass\cls_util.c,0x00451bd0
D:\Proj\GameZRecoil\zClass\cls_util.c,0x00451bd0
D:\Proj\GameZRecoil\zClass\cls_util.c,0x00451bd0
D:\Proj\GameZRecoil\zClass\cls_util.c,0x00451bd0
D:\Proj\GameZRecoil\zClass\cls_util.c,0x00451f70
D:\Proj\GameZRecoil\zClass\cls_util.c,0x004520c0
D:\Proj\GameZRecoil\zClass\cls_util.c,0x004520e0
D:\Proj\GameZRecoil\zClass\cls_util.c,0x00452100
D:\Proj\GameZRecoil\zClass\cls_util.c,0x00452250
D:\Proj\GameZRecoil\zClass\cls_util.c,0x00452230
D:\Proj\GameZRecoil\zClass\cls_util.c,0x004523c0
D:\Proj\GameZRecoil\zClass\cls_util.c,0x004523e0
D:\Proj\GameZRecoil\zClass\cls_util.c,0x00452400
D:\Proj\GameZRecoil\zClass\cls_util.c,0x00452400
D:\Proj\GameZRecoil\zClass\cls_util.c,0x00452400
D:\Proj\GameZRecoil\zClass\cls_util.c,0x00452560
D:\Proj\GameZRecoil\zClass\cls_util.c,0x00452500
D:\Proj\GameZRecoil\zClass\Switch.c,0x00452970
D:\Proj\GameZRecoil\zClass\Switch.c,0x00452920
D:\Proj\GameZRecoil\zClass\Sound.c,0x004529c0
D:\Proj\GameZRecoil\zClass\Sound.c,0x00452ab0
D:\Proj\GameZRecoil\zClass\Sound.c,0x00452ab0
D:\Proj\GameZRecoil\zClass\Sound.c,0x00452bc0
D:\Proj\GameZRecoil\zClass\Sound.c,0x00452b80
D:\Proj\GameZRecoil\zClass\Sound.c,0x00452c60
D:\Proj\GameZRecoil\zClass\Sound.c,0x00452d60
D:\Proj\GameZRecoil\zClass\Sound.c,0x00452d00
D:\Proj\GameZRecoil\zClass\Sound.c,0x00452dc0
D:\Proj\GameZRecoil\zClass\Light.c,0x00453880
D:\Proj\GameZRecoil\zClass\Light.c,0x00453a40
D:\Proj\GameZRecoil\zClass\Light.c,0x00453aa0
D:\Proj\GameZRecoil\zClass\Light.c,0x00453110
D:\Proj\GameZRecoil\zClass\Light.c,0x00453110
D:\Proj\GameZRecoil\zClass\Light.c,0x004531c0
D:\Proj\GameZRecoil\zClass\Light.c,0x00453250
D:\Proj\GameZRecoil\zClass\Light.c,0x00453200
D:\Proj\GameZRecoil\zClass\Light.c,0x004532f0
D:\Proj\GameZRecoil\zClass\Light.c,0x004532a0
D:\Proj\GameZRecoil\zClass\Light.c,0x00453350
D:\Proj\GameZRecoil\zClass\Light.c,0x004533b0
D:\Proj\GameZRecoil\zClass\Light.c,0x00453400
D:\Proj\GameZRecoil\zClass\Light.c,0x00453400
D:\Proj\GameZRecoil\zClass\Light.c,0x00453560
D:\Proj\GameZRecoil\zClass\Light.c,0x00453500
D:\Proj\GameZRecoil\zClass\Light.c,0x004535c0
D:\Proj\GameZRecoil\zClass\Light.c,0x00452fd0
D:\Proj\GameZRecoil\zClass\Animate.c,0x00453b40
D:\Proj\GameZRecoil\zClass\Animate.c,0x00453b10
D:\Proj\GameZRecoil\zClass\Animate.c,0x00453bd0
D:\Proj\GameZRecoil\zClass\Animate.c,0x00453b80
D:\Proj\GameZRecoil\zClass\Seq.c,0x00453ee0
D:\Proj\GameZRecoil\zClass\Seq.c,0x00453f40
D:\Proj\GameZRecoil\zClass\Seq.c,0x00454000
D:\Proj\GameZRecoil\zClass\Seq.c,0x004540c0
D:\Proj\GameZRecoil\zClass\Seq.c,0x00454140
D:\Proj\GameZRecoil\zClass\Seq.c,0x00454100
D:\Proj\GameZRecoil\zClass\Seq.c,0x004541c0
D:\Proj\GameZRecoil\zClass\Seq.c,0x00454180
D:\Proj\GameZRecoil\zClass\cls_zbd.c,0x00455350
D:\Proj\GameZRecoil\zClass\cls_zbd.c,0x00455520
D:\Proj\GameZRecoil\zClass\cls_zbd.c,0x00455520
D:\Proj\GameZRecoil\zClass\cls_zbd.c,0x004556a0
D:\Proj\GameZRecoil\zClass\cls_zbd.c,0x00454890
D:\Proj\GameZRecoil\zClass\cls_zbd.c,0x00454890
D:\Proj\GameZRecoil\zClass\cls_zbd.c,0x00454a50
D:\Proj\GameZRecoil\zClass\cls_zbd.c,0x00454a50
D:\Proj\GameZRecoil\zClass\cls_zbd.c,0x00454bf0
D:\Proj\GameZRecoil\zClass\cls_zbd.c,0x00454c60
D:\Proj\GameZRecoil\zClass\cls_zbd.c,0x00454c60
D:\Proj\GameZRecoil\zClass\cls_zbd.c,0x00454c60
D:\Proj\GameZRecoil\zClass\cls_zbd.c,0x004543f0
D:\Proj\GameZRecoil\zClass\cls_zbd.c,0x004544b0
D:\Proj\GameZRecoil\zClass\cls_zbd.c,0x004544b0
D:\Proj\GameZRecoil\zClass\cls_zbd.c,0x004544b0
D:\Proj\GameZRecoil\zClass\cls_zbd.c,0x004544b0
D:\Proj\GameZRecoil\zClass\cls_zbd.c,0x004557a0
D:\Proj\GameZRecoil\zDEClient\zdec_init.cpp,0x004558f0
D:\Proj\GameZRecoil\zDEClient\zdec_init.cpp,0x004558f0
D:\Proj\GameZRecoil\zDEClient\zdec_init.cpp,0x004558f0
D:\Proj\GameZRecoil\zDEClient\zdec_qsand.cpp,0x00455ef0
D:\Proj\GameZRecoil\zDEClient\zdec_qsand.cpp,0x00455ef0
D:\Proj\GameZRecoil\zDEClient\zdec_qsand.cpp,0x00455ef0
D:\Proj\GameZRecoil\zDEClient\zdec_crater.cpp,0x00456b20
D:\Proj\GameZRecoil\zDEClient\zdec_crater.cpp,0x00456b20
D:\Proj\GameZRecoil\zDEClient\zdec_crater.cpp,0x00456b20
D:\Proj\GameZRecoil\zEffect\zeff_anim_run.c,0x0045cc00
D:\Proj\GameZRecoil\zEffect\zeff_anim_init.c,0x0045fb30
D:\Proj\GameZRecoil\zEffect\zeff_anim_init.c,0x0045ed80
D:\Proj\GameZRecoil\zEffect\zeff_anim_init.c,0x0045efb0
D:\Proj\GameZRecoil\zEffect\zeff_anim_init.c,0x0045e210
D:\Proj\GameZRecoil\zEffect\zeff_anim_init.c,0x0045e380
D:\Proj\GameZRecoil\zEffect\zeff_anim_init.c,0x0045e4a0
D:\Proj\GameZRecoil\zEffect\zeff_anim_init.c,0x0045e730
D:\Proj\GameZRecoil\zEffect\zeff_anim_init.c,0x0045e730
D:\Proj\GameZRecoil\zEffect\zeff_init.c,0x00460070
D:\Proj\GameZRecoil\zEffect\zeff_init.c,0x00460070
D:\Proj\GameZRecoil\zEffect\zeff_init.c,0x00460070
D:\Proj\GameZRecoil\zEffect\zeff_anim_save.c,0x004606d0
D:\Proj\GameZRecoil\zEffect\zeff_anim_save.c,0x004606d0
D:\Proj\GameZRecoil\zEffect\zeff_anim_save.c,0x004606d0
D:\Proj\GameZRecoil\zEffect\zeff_anim_save.c,0x004606d0
D:\Proj\GameZRecoil\zEffect\zeff_anim_save.c,0x004606d0
D:\Proj\GameZRecoil\zEffect\zeff_anim_save.c,0x004606d0
D:\Proj\GameZRecoil\zEffect\zeff_anim_save.c,0x004606d0
D:\Proj\GameZRecoil\zError\zerr_old.c,0x004622f0
D:\Proj\GameZRecoil\zFMV\fmv_main.cpp,0x00462570
D:\Proj\GameZRecoil\zFMV\fmv_script.cpp,0x004626b0
D:\Proj\GameZRecoil\zFMV\fmv_script.cpp,0x004626b0
D:\Proj\GameZRecoil\zFMV\fmv_stream.cpp,0x00463ef0
D:\Proj\GameZRecoil\zFMV\fmv_stream.cpp,0x004641a0
D:\Proj\GameZRecoil\zFMV\fmv_stream.cpp,0x00464540
D:\Proj\GameZRecoil\zFMV\fmv_stream.cpp,0x00464540
D:\Proj\GameZRecoil\zFMV\fmv_stream.cpp,0x004643a0
D:\Proj\GameZRecoil\zFMV\fmv_stream.cpp,0x004643a0
D:\Proj\GameZRecoil\zGeometry\zgeo_weiler.cpp,0x00465ac0
D:\Proj\GameZRecoil\zGeometry\zgeo_weiler.cpp,0x00465ac0
D:\Proj\GameZRecoil\zGeometry\zgeo_weiler.cpp,0x00465ac0
D:\Proj\GameZRecoil\zGeometry\zgeo_weiler.cpp,0x00465ac0
D:\Proj\GameZRecoil\zGeometry\zgeo_weiler.cpp,0x00465ac0
D:\Proj\GameZRecoil\zGeometry\zgeo_weiler.cpp,0x00465ac0
D:\Proj\GameZRecoil\zGeometry\zgeo_weiler.cpp,0x00465ac0
D:\Proj\GameZRecoil\zGeometry\zgeo_weiler.cpp,0x00465ac0
D:\Proj\GameZRecoil\zGeometry\zgeo_weiler.cpp,0x00465ac0
D:\Proj\GameZRecoil\zGeometry\zgeo_weiler.cpp,0x00465ac0
D:\Proj\GameZRecoil\zGeometry\zgeo_weiler.cpp,0x00465ac0
D:\Proj\GameZRecoil\zGeometry\zgeo_weiler.cpp,0x004676c0
D:\Proj\GameZRecoil\zGeometry\zgeo_weiler.cpp,0x00467710
D:\Proj\GameZRecoil\zGeometry\zgeo_weiler.cpp,0x00467710
D:\Proj\GameZRecoil\zGeometry\zgeo_weiler.cpp,0x00467710
D:\Proj\GameZRecoil\zGeometry\zgeo_weiler.cpp,0x00467710
D:\Proj\GameZRecoil\zGeometry\zgeo_weiler.cpp,0x00467710
D:\Proj\GameZRecoil\zGeometry\zgeo_weiler.cpp,0x00467710
D:\Proj\GameZRecoil\zGeometry\zgeo_weiler.cpp,0x00467710
D:\Proj\GameZRecoil\zGeometry\zgeo_weiler.cpp,0x00467710
D:\Proj\GameZRecoil\zGeometry\zgeo_weiler.cpp,0x00467710
D:\Proj\GameZRecoil\zGeometry\zgeo_weiler.cpp,0x00467710
D:\Proj\GameZRecoil\zGeometry\zgeo_weiler.cpp,0x00467710
D:\Proj\GameZRecoil\zGeometry\zgeo_weiler.cpp,0x00467710
D:\Proj\GameZRecoil\zGeometry\zgeo_weiler.cpp,0x00467710
D:\Proj\GameZRecoil\zGeometry\zgeo_weiler.cpp,0x00467710
D:\Proj\GameZRecoil\zGeometry\zgeo_weiler.cpp,0x00467710
D:\Proj\GameZRecoil\zGeometry\zgeo_weiler.cpp,0x00467710
D:\Proj\GameZRecoil\zGeometry\zgeo_weiler.cpp,0x00467710
D:\Proj\GameZRecoil\zGeometry\zgeo_weiler.cpp,0x00467710
D:\Proj\GameZRecoil\zGeometry\zgeo_weiler.cpp,0x00467710
D:\Proj\GameZRecoil\zGeometry\zgeo_weiler.cpp,0x00464810
D:\Proj\GameZRecoil\zGeometry\zgeo_weiler.cpp,0x00464810
D:\Proj\GameZRecoil\zGeometry\zgeo_weiler.cpp,0x00464b90
D:\Proj\GameZRecoil\zGeometry\zgeo_weiler.cpp,0x00464b90
D:\Proj\GameZRecoil\zGeometry\zgeo_weiler.cpp,0x00464b90
D:\Proj\GameZRecoil\zGeometry\zgeo_weiler.cpp,0x00468c40
D:\Proj\GameZRecoil\zGeometry\zgeo_weiler.cpp,0x00468c40
D:\Proj\GameZRecoil\zGeometry\zgeo_weiler.cpp,0x00468c40
D:\Proj\GameZRecoil\zGeometry\zgeo_weiler.cpp,0x00468c40
D:\Proj\GameZRecoil\zGeometry\zgeo_weiler.cpp,0x00464f70
D:\Proj\GameZRecoil\zGeometry\zgeo_weiler.cpp,0x00464f70
D:\Proj\GameZRecoil\zGeometry\zgeo_weiler.cpp,0x00464f70
D:\Proj\GameZRecoil\zGeometry\zgeo_weiler.cpp,0x00464f70
D:\Proj\GameZRecoil\zGeometry\zgeo_weiler.cpp,0x00464f70
D:\Proj\GameZRecoil\zGeometry\zgeo_weiler.cpp,0x00464f70
D:\Proj\GameZRecoil\zGeometry\zgeo_weiler.cpp,0x00464f70
D:\Proj\GameZRecoil\zGeometry\zgeo_weiler.cpp,0x00464f70
D:\Proj\GameZRecoil\zGeometry\zgeo_weiler.cpp,0x0046a1f0
D:\Proj\GameZRecoil\zGeometry\zgeo_weiler.cpp,0x0046a1f0
D:\Proj\GameZRecoil\zGeometry\zgeo_weiler.cpp,0x004681a0
D:\Proj\GameZRecoil\zGeometry\zgeo_weiler.cpp,0x004681a0
D:\Proj\GameZRecoil\zGeometry\zgeo_weiler.cpp,0x004681a0
D:\Proj\GameZRecoil\zGeometry\zgeo_weiler.cpp,0x004682c0
D:\Proj\GameZRecoil\zGeometry\zgeo_weiler.cpp,0x00468580
D:\Proj\GameZRecoil\zGeometry\zgeo_weiler.cpp,0x00468650
D:\Proj\GameZRecoil\zGeometry\zgeo_weiler.cpp,0x00464680
D:\Proj\GameZRecoil\zGeometry\zgeo_weiler.cpp,0x00464680
D:\Proj\GameZRecoil\zGeometry\zgeo_weiler.cpp,0x004687b0
D:\Proj\GameZRecoil\zGeometry\zgeo_weiler.cpp,0x004687b0
D:\Proj\GameZRecoil\zGeometry\zgeo_model.cpp,0x0046ba90
D:\Proj\GameZRecoil\zGeometry\zgeo_model.cpp,0x0046bb90
D:\Proj\GameZRecoil\zGeometry\zgeo_model.cpp,0x0046bb90
D:\Proj\GameZRecoil\zGeometry\zgeo_model.cpp,0x0046bb90
D:\Proj\GameZRecoil\zGeometry\zgeo_model.cpp,0x0046bb90
D:\Proj\GameZRecoil\zGeometry\zgeo_model.cpp,0x0046b030
D:\Proj\GameZRecoil\zGeometry\zgeo_model.cpp,0x0046b030
D:\Proj\GameZRecoil\zGeometry\zgeo_model.cpp,0x0046b1f0
D:\Proj\GameZRecoil\zGeometry\zgeo_model.cpp,0x0046b6d0
D:\Proj\GameZRecoil\zGeometry\zgeo_model.cpp,0x0046b6d0
D:\Proj\GameZRecoil\zGeometry\zgeo_model.cpp,0x0046b6d0
D:\Proj\GameZRecoil\zGeometry\zgeo_model.cpp,0x0046a770
D:\Proj\GameZRecoil\zGeometry\zgeo_convexify.cpp,0x0046c760
D:\Proj\GameZRecoil\zImage\zimg_texture.cpp,0x0046d360
D:\Proj\GameZRecoil\zImage\zimg_texture.cpp,0x0046d420
D:\Proj\GameZRecoil\zImage\zimg_texture.cpp,0x0046d420
D:\Proj\GameZRecoil\zImage\zimg_fonts.cpp,0x0046efe0
D:\Proj\GameZRecoil\zImage\zimg_fonts.cpp,0x0046efe0
D:\Proj\GameZRecoil\zImage\zimg_fonts.cpp,0x0046efe0
D:\Proj\GameZRecoil\zInput\zin_kbd.cpp,0x0046f450
D:\Proj\GameZRecoil\zInput\zin_kbd.cpp,0x0046f690
D:\Proj\GameZRecoil\zInput\zin_kbd.cpp,0x0046fa10
D:\Proj\GameZRecoil\zInput\zin_kbd.cpp,0x0046f300
D:\Proj\GameZRecoil\zInput\zin_init.cpp,0x00471b50
D:\Proj\GameZRecoil\zModel\gmod_init.c,0x00475ff0
D:\Proj\GameZRecoil\zModel\gmod_init.c,0x004760d0
D:\Proj\GameZRecoil\zModel\gmod_matl.c,0x00481140
D:\Proj\GameZRecoil\zModel\gmod_matl.c,0x00481260
D:\Proj\GameZRecoil\zModel\gmod_matl.c,0x00481220
D:\Proj\GameZRecoil\zModel\gmod_matl.c,0x004812c0
D:\Proj\GameZRecoil\zModel\gmod_matl.c,0x004808c0
D:\Proj\GameZRecoil\zModel\gmod_matl.c,0x00480bf0
D:\Proj\GameZRecoil\zModel\gmod_matl.c,0x00480600
D:\Proj\GameZRecoil\zModel\gmod_matl.c,0x00480600
D:\Proj\GameZRecoil\zModel\gmod_matl.c,0x00480600
D:\Proj\GameZRecoil\zModel\gmod_matl.c,0x00480600
D:\Proj\GameZRecoil\zModel\gmod_matl.c,0x00480600
D:\Proj\GameZRecoil\zModel\gmod_matl.c,0x00480600
D:\Proj\GameZRecoil\zModel\gmod_matl.c,0x00480600
D:\Proj\GameZRecoil\zModel\gmod_const.c,0x00481bc0
D:\Proj\GameZRecoil\zModel\gmod_const.c,0x00481c50
D:\Proj\GameZRecoil\zModel\gmod_const.c,0x00481fa0
D:\Proj\GameZRecoil\zModel\gmod_const.c,0x00483240
D:\Proj\GameZRecoil\zModel\gmod_const.c,0x004815c0
D:\Proj\GameZRecoil\zModel\gmod_const.c,0x004815c0
D:\Proj\GameZRecoil\zModel\gmod_const.c,0x004815c0
D:\Proj\GameZRecoil\zModel\gmod_const.c,0x004815c0
D:\Proj\GameZRecoil\zModel\gmod_const.c,0x004815c0
D:\Proj\GameZRecoil\zModel\gmod_const.c,0x004815c0
D:\Proj\GameZRecoil\zModel\gmod_const.c,0x004815c0
D:\Proj\GameZRecoil\zModel\gmod_const.c,0x004815c0
D:\Proj\GameZRecoil\zModel\gmod_const.c,0x004815c0
D:\Proj\GameZRecoil\zModel\gmod_const.c,0x00483650
D:\Proj\GameZRecoil\zModel\gmod_const.c,0x00483650
D:\Proj\GameZRecoil\zModel\gmod_const.c,0x00483650
D:\Proj\GameZRecoil\zModel\gmod_const.c,0x00483650
D:\Proj\GameZRecoil\zModel\gmod_const.c,0x00482860
D:\Proj\GameZRecoil\zModel\gmod_const.c,0x00482a10
D:\Proj\GameZRecoil\zModel\gmod_const.c,0x00482080
D:\Proj\GameZRecoil\zModel\gmod_const.c,0x00484250
D:\Proj\GameZRecoil\zModel\gmod_const.c,0x00482720
D:\Proj\GameZRecoil\zModel\gmod_const.c,0x00481aa0
D:\Proj\GameZRecoil\zModel\gmod_const.c,0x00481aa0
D:\Proj\GameZRecoil\zModel\gmod_light.c,0x00487a30
D:\Proj\GameZRecoil\zModel\gmod_light.c,0x00487c50
D:\Proj\GameZRecoil\zNetwork\znet_dplay.cpp,0x0048b730
D:\Proj\GameZRecoil\zNetwork\znet_dplay.cpp,0x0048b730
D:\Proj\GameZRecoil\zNetwork\znet_dplay.cpp,0x0048b730
D:\Proj\GameZRecoil\zNetwork\znet_dplay.cpp,0x0048ae70
D:\Proj\GameZRecoil\zNetwork\znet_dplay.cpp,0x0048afe0
D:\Proj\GameZRecoil\zNetwork\znet_dplay.cpp,0x0048a140
D:\Proj\GameZRecoil\zNetwork\znet_dplay.cpp,0x0048a180
D:\Proj\GameZRecoil\zNetwork\znet_dplay.cpp,0x0048a220
D:\Proj\GameZRecoil\zNetwork\znet_dplay.cpp,0x0048a310
D:\Proj\GameZRecoil\zNetwork\znet_dplay.cpp,0x0048a350
D:\Proj\GameZRecoil\zNetwork\znet_dplay.cpp,0x0048a410
D:\Proj\GameZRecoil\zNetwork\znet_dplay.cpp,0x0048a980
D:\Proj\GameZRecoil\zNetwork\znet_dplay.cpp,0x0048a9c0
D:\Proj\GameZRecoil\zNetwork\znet_dplay.cpp,0x0048ad30
D:\Proj\GameZRecoil\zNetwork\znet_dplay.cpp,0x0048ad70
D:\Proj\GameZRecoil\zNetwork\znet_dplay.cpp,0x0048ae10
D:\Proj\GameZRecoil\zNetwork\znet_dplay.cpp,0x0048b730
D:\Proj\GameZRecoil\zNetwork\znet_dplay.cpp,0x0048acf0
D:\Proj\GameZRecoil\zNetwork\znet_dplay.cpp,0x0048a0d0
D:\Proj\GameZRecoil\zReader\zreader.cpp,0x0048d080
D:\Proj\GameZRecoil\zRender\zrndr_draw.c,0x00499a20
D:\Proj\GameZRecoil\zRender\zrndr_draw.c,0x00499c40
D:\Proj\GameZRecoil\zRender\zrndr_draw.c,0x00499ec0
D:\Proj\GameZRecoil\zSound\zsnd_parm.cpp,0x004a10e0
D:\Proj\GameZRecoil\zSound\zsnd_init.cpp,0x004a1420
D:\Proj\GameZRecoil\zSound\zsnd_init.cpp,0x004a1d10
D:\Proj\GameZRecoil\zSound\zsnd_init.cpp,0x004a1d10
D:\Proj\GameZRecoil\zSound\zsnd_init.cpp,0x004a1d10
D:\Proj\GameZRecoil\zSound\zsnd_init.cpp,0x004a1e50
D:\Proj\GameZRecoil\zSound\zsnd_init.cpp,0x004a1e50
D:\Proj\GameZRecoil\zSound\zsnd_init.cpp,0x004a1e50
D:\Proj\GameZRecoil\zSound\zsnd_init.cpp,0x004a1e50
D:\Proj\GameZRecoil\zSound\zsnd_cd.cpp,0x004a20d0
D:\Proj\GameZRecoil\zSound\zsnd_cd.cpp,0x004a20d0
D:\Proj\GameZRecoil\zSound\zsnd_cd.cpp,0x004a20d0
D:\Proj\GameZRecoil\zSound\zsnd_cd.cpp,0x004a20d0
D:\Proj\GameZRecoil\zSound\zsnd_cd.cpp,0x004a20d0
D:\Proj\GameZRecoil\zSound\zsnd_cd.cpp,0x004a2600
D:\Proj\GameZRecoil\zSound\zsnd_cd.cpp,0x004a26f0
D:\Proj\GameZRecoil\zSound\zsnd_cd.cpp,0x004a2750
D:\Proj\GameZRecoil\zSound\zsnd_cd.cpp,0x004a2880
D:\Proj\GameZRecoil\zSound\zsnd_cd.cpp,0x004a27f0
D:\Proj\GameZRecoil\zSound\zsnd_create.cpp,0x004a3180
D:\Proj\GameZRecoil\zSound\zsnd_create.cpp,0x004a2ec0
D:\Proj\GameZRecoil\zSound\zsnd_create.cpp,0x004a2ec0
D:\Proj\GameZRecoil\zSound\zsnd_create.cpp,0x004a2ec0
D:\Proj\GameZRecoil\zSound\zsnd_create.cpp,0x004a2ec0
D:\Proj\GameZRecoil\zSound\zsnd_create.cpp,0x004a2ec0
D:\Proj\GameZRecoil\zSound\zsnd_create.cpp,0x004a3180
D:\Proj\GameZRecoil\zSound\zsnd_create.cpp,0x004a3180
D:\Proj\GameZRecoil\zSound\zsnd_create.cpp,0x004a3180
D:\Proj\GameZRecoil\zSound\zsnd_create.cpp,0x004a3180
D:\Proj\GameZRecoil\zSound\zsnd_create.cpp,0x004a3180
D:\Proj\GameZRecoil\zSound\zsnd_create.cpp,0x004a3180
D:\Proj\GameZRecoil\zSound\zsnd_create.cpp,0x004a34e0
D:\Proj\GameZRecoil\zSound\zsnd_create.cpp,0x004a34e0
D:\Proj\GameZRecoil\zSound\zsnd_create.cpp,0x004a3590
D:\Proj\GameZRecoil\zSound\zsnd_create.cpp,0x004a3590
D:\Proj\GameZRecoil\zSound\zsnd_grp.cpp,0x004a49b0
D:\Proj\GameZRecoil\zSound\zsnd_grp.cpp,0x004a49b0
D:\Proj\GameZRecoil\zSound\zsnd_grp.cpp,0x004a4590
D:\Proj\GameZRecoil\zSound\zsnd_grp.cpp,0x004a4590
D:\Proj\GameZRecoil\zUtil\zutl_zar.cpp,0x004a61d0
D:\Proj\GameZRecoil\zVideo\zvid_buff.c,0x004a69e0
D:\Proj\GameZRecoil\zVideo\zvid_init.c,0x004a75f0
D:\Proj\GameZRecoil\zVideo\zvid_init.c,0x004a75f0
D:\Proj\GameZRecoil\zVideo\zvid_dd.c,0x004a8060
D:\Proj\GameZRecoil\zVideo\zvid_dd.c,0x004a80c0
D:\Proj\GameZRecoil\zVideo\zvid_dd.c,0x004a8100
D:\Proj\GameZRecoil\zVideo\zvid_dd.c,0x004a8160
D:\Proj\GameZRecoil\zVideo\zvid_dd.c,0x004a9390
D:\Proj\GameZRecoil\zVideo\zvid_dd.c,0x004a8f80
D:\Proj\GameZRecoil\zVideo\zvid_dd.c,0x004a7b60
D:\Proj\GameZRecoil\zVideo\zvid_dd.c,0x004a7b60
D:\Proj\GameZRecoil\zVideo\zvid_dd.c,0x004a7b60
D:\Proj\GameZRecoil\zVideo\zvid_dd.c,0x004a7d90
D:\Proj\GameZRecoil\zVideo\zvid_dd.c,0x004a7dd0
D:\Proj\GameZRecoil\zVideo\zvid_dd.c,0x004a7e10
D:\Proj\GameZRecoil\zVideo\zvid_dd.c,0x004a81a0
D:\Proj\GameZRecoil\zVideo\zvid_dd.c,0x004a8220
D:\Proj\GameZRecoil\zVideo\zvid_dd.c,0x004a8220
D:\Proj\GameZRecoil\zVideo\zvid_dd.c,0x004a83d0
D:\Proj\GameZRecoil\zVideo\zvid_dd.c,0x004a8500
D:\Proj\GameZRecoil\zVideo\zvid_dd.c,0x004a8500
D:\Proj\GameZRecoil\zVideo\zvid_dd.c,0x004a8500
D:\Proj\GameZRecoil\zVideo\zvid_dd.c,0x004a8500
D:\Proj\GameZRecoil\zVideo\zvid_dd.c,0x004a8720
D:\Proj\GameZRecoil\zVideo\zvid_dd.c,0x004a8720
D:\Proj\GameZRecoil\zVideo\zvid_dd.c,0x004a8800
D:\Proj\GameZRecoil\zVideo\zvid_dd.c,0x004a8800
D:\Proj\GameZRecoil\zVideo\zvid_dd.c,0x004a88f0
D:\Proj\GameZRecoil\zVideo\zvid_dd.c,0x004a88f0
D:\Proj\GameZRecoil\zVideo\zvid_dd.c,0x004a88f0
D:\Proj\GameZRecoil\zVideo\zvid_dd.c,0x004a88f0
D:\Proj\GameZRecoil\zVideo\zvid_dd.c,0x004a88f0
D:\Proj\GameZRecoil\zVideo\zvid_dd.c,0x004a88f0
D:\Proj\GameZRecoil\zVideo\zvid_dd.c,0x004a8b20
D:\Proj\GameZRecoil\zVideo\zvid_dd.c,0x004a8b20
D:\Proj\GameZRecoil\zVideo\zvid_dd.c,0x004a8b20
D:\Proj\GameZRecoil\zVideo\zvid_dd.c,0x004a8b20
D:\Proj\GameZRecoil\zVideo\zvid_dd.c,0x004a8b20
D:\Proj\GameZRecoil\zVideo\zvid_dd.c,0x004a8b20
D:\Proj\GameZRecoil\zVideo\zvid_dd.c,0x004a8b20
D:\Proj\GameZRecoil\zVideo\zvid_dd.c,0x004a8dc0
D:\Proj\GameZRecoil\zVideo\zvid_dd.c,0x004a8dc0
D:\Proj\GameZRecoil\zVideo\zvid_dd.c,0x004a8dc0
D:\Proj\GameZRecoil\zVideo\zvid_dd.c,0x004a8dc0
D:\Proj\GameZRecoil\zVideo\zvid_dd.c,0x004a8dc0
D:\Proj\GameZRecoil\zVideo\zvid_dd.c,0x004a8dc0
D:\Proj\GameZRecoil\zVideo\zvid_dd.c,0x004a8f80
D:\Proj\GameZRecoil\zVideo\zvid_dd.c,0x004a90e0
D:\Proj\GameZRecoil\zVideo\zvid_dd.c,0x004a90e0
D:\Proj\GameZRecoil\zVideo\zvid_dd.c,0x004a90e0
D:\Proj\GameZRecoil\zVideo\zvid_dd.c,0x004a9160
D:\Proj\GameZRecoil\zVideo\zvid_dd.c,0x004a91b0
D:\Proj\GameZRecoil\zVideo\zvid_dd.c,0x004a91b0
D:\Proj\GameZRecoil\zVideo\zvid_dd.c,0x004a93d0
D:\Proj\GameZRecoil\zVideo\zvid_dd.c,0x004a95e0
D:\Proj\GameZRecoil\zVideo\zvid_dd.c,0x004a9890
D:\Proj\GameZRecoil\zVideo\zvid_dd.c,0x004a96b0
D:\Proj\GameZRecoil\zVideo\zvid_ddd3d.c,0x004a9ac0
D:\Proj\GameZRecoil\zVideo\zvid_ddd3d.c,0x004a9b40
D:\Proj\GameZRecoil\zVideo\zvid_ddd3d.c,0x004aa0f0
D:\Proj\GameZRecoil\zVideo\zvid_ddd3d.c,0x004aa0f0
D:\Proj\GameZRecoil\zVideo\zvid_ddd3d.c,0x004ab6d0
D:\Proj\GameZRecoil\zVideo\zvid_ddd3d.c,0x004aaef0
D:\Proj\GameZRecoil\zVideo\zvid_ddd3d.c,0x004ac370
D:\Proj\GameZRecoil\zVideo\zvid_ddd3d.c,0x004ab320
D:\Proj\GameZRecoil\zVideo\zvid_ddd3d.c,0x004abb20
D:\Proj\GameZRecoil\zVideo\zvid_ddd3d.c,0x004aab90
D:\Proj\GameZRecoil\zVideo\zvid_ddd3d.c,0x004a9b70
D:\Proj\GameZRecoil\zVideo\zvid_ddd3d.c,0x004a9c20
D:\Proj\GameZRecoil\zVideo\zvid_ddd3d.c,0x004a9c20
D:\Proj\GameZRecoil\zVideo\zvid_ddd3d.c,0x004a9c20
D:\Proj\GameZRecoil\zVideo\zvid_ddd3d.c,0x004a9c20
D:\Proj\GameZRecoil\zVideo\zvid_ddd3d.c,0x004a9c20
D:\Proj\GameZRecoil\zVideo\zvid_ddd3d.c,0x004a9c20
D:\Proj\GameZRecoil\zVideo\zvid_ddd3d.c,0x004a9c20
D:\Proj\GameZRecoil\zVideo\zvid_ddd3d.c,0x004a9c20
D:\Proj\GameZRecoil\zVideo\zvid_ddd3d.c,0x004a9c20
D:\Proj\GameZRecoil\zVideo\zvid_ddd3d.c,0x004a9c20
D:\Proj\GameZRecoil\zVideo\zvid_ddd3d.c,0x004a9c20
D:\Proj\GameZRecoil\zVideo\zvid_ddd3d.c,0x004a9c20
D:\Proj\GameZRecoil\zVideo\zvid_ddd3d.c,0x004a9c20
D:\Proj\GameZRecoil\zVideo\zvid_ddd3d.c,0x004a9c20
D:\Proj\GameZRecoil\zVideo\zvid_ddd3d.c,0x004aa0f0
D:\Proj\GameZRecoil\zVideo\zvid_ddd3d.c,0x004aab90
D:\Proj\GameZRecoil\zVideo\zvid_ddd3d.c,0x004aaef0
D:\Proj\GameZRecoil\zVideo\zvid_ddd3d.c,0x004ab320
D:\Proj\GameZRecoil\zVideo\zvid_ddd3d.c,0x004ab6d0
D:\Proj\GameZRecoil\zVideo\zvid_ddd3d.c,0x004abb20
D:\Proj\GameZRecoil\zVideo\zvid_ddd3d.c,0x004ac370
D:\Proj\GameZRecoil\zVideo\zvid_ddd3d.c,0x004acbd0
D:\Proj\GameZRecoil\zVideo\zvid_ddd3d.c,0x004ace30
D:\Proj\GameZRecoil\zVideo\zvid_ddd3d.c,0x004ad250
D:\Proj\GameZRecoil\zWeapon\zwep_init.c,0x004b1190
D:\Proj\GameZRecoil\zWeapon\zwep_init.c,0x004b1190
D:\Proj\GameZRecoil\zWeapon\zwep_init.c,0x004b1190
D:\Proj\GameZRecoil\zWeapon\zwep_init.c,0x004b1190
D:\Proj\GameZRecoil\zInterp\zinterp_parse.cpp,0x004c20a0
D:\Proj\GameZRecoil\zInterp\zinterp_parse.cpp,0x004c20a0
D:\Proj\GameZRecoil\zInterp\zinterp_parse.cpp,0x004c20a0
D:\Proj\GameZRecoil\zInterp\zinterp_parse.cpp,0x004c20a0
