subsystem,membership,description,boundary_notes,stage2_phase
transform,CLOSED,The matrix/identity-flag transform stack and the operations on it; spec 04_spec/systems/transform_stack.md,"CLOSED 2026-09-15. Rule: a function is a member iff (a) its machine code references 0x004e0e84 or 0x004e0e88 (scanned in Recoil.exe for every function 0x00472ed0-0x00475fa0; this caught FUN_004731f0 which a decompiler-text search missed), or (b) every direct caller is a member (exclusive helper), or (c) it is a bare wrapper around a member (FUN_00472f90). Non-members in the region are general math called from across the game and form subsystem math3d; transform depends on math3d (0x00474de0 0x00474e10 0x00475a80 among others) and cannot open until those are covered. Consumers elsewhere that touch the stack (render, collision, sound, 41 decompiler hits) belong to their own subsystems. Limit: direct call edges only; vtable dispatch not checked.",P1
math3d,CLOSED,"General 3D math with no game state: atan2/Euler extraction, axis rotations of vectors, look-at, 4-component products, quaternion to matrix","CLOSED 2026-09-15. Rule: in 0x00472ed0-0x00475fa0, not a transform or view member, and its machine code references no .data address (a byte scan cannot miss a real absolute operand, so absence is reliable). Removed from the earlier provisional list: 0x00473e60/0x00473fc0/0x004743e0/0x00474400/0x00474b20/0x00474b70/0x00474fc0/0x004753e0/0x00472ed0 (view state); 0x00475c40 (render setup - installs Render_ShadeAndQueueObjectPolygons_SW, ~60 render globals); 0x00475e60/0x00475e70/0x00475f60/0x00475fa0 (model-array management sharing DAT_00576200 with gmod_init.c at 0x00475ff0). Those five are unassigned until render and model subsystems exist.",P1
view,CLOSED,"World-to-screen state: projection setup, camera and view matrices, projection helpers; spec 04_spec/systems/view.md","CLOSED 2026-09-15. Rule: in the region, not a transform member, and machine code references the view/projection block. A scan of the whole .text for the block addresses found 17 functions: 13 in the region (4 already transform members, 9 view) and 4 elsewhere - 0x00495850 0x004969d0 0x00497ac0 (read the screen centre) and 0x004ae660 (reads the default angles). Disassembly shows all four only load, never store, so they are consumers in other subsystems. Every writer of the block is a view member. Limit: gate callee coverage uses call edges; data dependencies such as transform reading view globals are not part of the gate rule.",P4
camera,CLOSED,"Camera.c camera API: property getters/setters (FOV, aspect, world position) and a small create/attach cluster","CLOSED 2026-09-15. Split 2026-09-15 from the 47-function Camera.c span by direct call structure: these 28 have no direct calls to or from the scene_render cluster. Past the span, before Object3d.c at 0x0044d9e0, lie four unattributed functions and none is camera API: Render_CameraFrame_SW/HW are per-frame drivers called from Render_DispatchCameraList that call camera, scene_render, light, sound, collision and render code; 0x0044d320 is their private helper; 0x0044d990 is a recursive node dirty-flag setter called by the Object3D setters.",P3
scene_render,CLOSED,"Scene-graph render traversal: Render_DispatchNodeByType, Render_Process*Node, culling, camera frame/frustum update","CLOSED 2026-09-15. The 19 Camera.c-span functions forming one connected direct-call cluster, entered from outside only via 0x0044a9f0 and 0x0044d240. Render_CameraFrame_SW/HW call into this cluster through its two entry points but sit a level above it - they orchestrate lighting, sound, collision and render as well - so they are frame-level drivers, not members.",P4
scene_update,CLOSED,"Node registry and scene update propagation: typed node lists (list heads 0x00539bb4 + 12k), dirty-mark and flush (0x004dded8), lookup by name, insert.","CLOSED 2026-09-15 (was PROVISIONAL earlier the same day). Core = string-less block 0x0044e630..0x0044eed0 (22 functions) between zClass/Object3d.c (strings up to 0x0044e5b0) and zClass/List.c (from 0x0044f000). Lists are 12-byte records: pointer table 0x004ddef8[16] -> head at +0, dirty flag at +8 (e.g. list 7 head 0x00539c00, flag 0x00539c08; list 6 head 0x00539bac, flag 0x00539bb4; list 13 head 0x00539c30). Evidence: the DIRTY FLAGS (0x00539bb4 + 12k, 0x00539c68) and the flush switch 0x004dded8 are referenced only by block functions. CORRECTION (same day): an earlier version said collision touches no list heads - wrong; the tested addresses were the flags. Collision (0x00443d20, 0x004444b0, 0x00444e90, 0x00445d40, 0x00446a80) reads the list-7 head 0x00539c00 and 0x00455350 reads the list-13 head 0x00539c30 directly, i.e. they are CLIENTS iterating lists, and they also call entry 0x0044eba0. Q2 partly answered: 0x00448cc0 is gwNodeUpdate (Class.c string 0x004ddbcc) and the hot node-API callers are Class.c code outside the block -> a separate class_api subsystem, not members. OPEN: (1) is the block the tail of Object3d.c or its own file; (2) remaining Class.c callers to assign; (3) List.c 0x0044f000/0x0044f120 call into the block - client or member. ANSWERS (2026-09-15): the block's PRIVATE state - dirty flags 0x00539bb4+12k / 0x00539c68, flush switch 0x004dded8, free chain 0x00539c6c, live/peak counters 0x00539c74/0x00539c78, deferred chain 0x00539c70 - is referenced by block functions only (decomp_raw grep). The list tables 0x004ddef8/0x004ddf38 are referenced outside only by 0x0044f120 (zClass/List.c by its own strings 0x004ddfd0): it deletes a list's nodes through the API (flush 0x0044e920, count 0x0044ec90, per-link List.c 0x0044f1d0) and resets the head pointer after the count reaches 0 - a CLIENT that writes one field, not a member. Collision and 0x00455350 read list records 7 and 13 directly - clients. Class.c (gwNodeUpdate 0x00448cc0, node free 0x00447a70, node API) - outside by its strings. Q1 (Object3d.c tail or own file) does not affect membership, which is defined by the private state; left open as a naming question only.",P2
class_api,CLOSED,"Class.c node API: node pool alloc/free, attach/detach, flags, node update (gwNodeUpdate), bounding boxes and their propagation, node-to-ancestor matrices.","PROVISIONAL 2026-09-15. Seed = every function citing the Class.c source string 0x004dd9e8 (all in 0x004478c0..0x00449af0) plus six string-less functions inside or at the end of that range (0x004484d0, 0x004497b0, 0x00449850, 0x004498e0, 0x00449b40, 0x00449ba0); Camera.c strings start at 0x00449be0. Neighbours: zClass/cls_di.c below (0x00446a80, 0x00446f60; string 0x004dd94c), zClass/cls_world.c (0x004de298), zClass/cls_zbd.c (0x004dee1c). OPEN: (1) the node pool 0x00539c94 (base), 0x00539c98 (live count), 0x004de4c8 (free head) is written OUTSIDE Class.c: init 0x00451900 and free 0x00451a00 (string-less, cls_world region), load/save in cls_zbd.c (0x00455350, 0x00454a50, 0x00455520, 0x00454890), index helpers 0x00454370 / 0x004543a0 / 0x004543d0 - pool code may belong here or to a separate pool/zbd subsystem; (2) string-less 0x004472c0..0x004476f0 between cls_di.c and Class.c; (3) the six string-less seeds are placed by position only. UPDATE 2026-09-15: Q1 ANSWERED - the pool lifecycle is outside Class.c: init 0x00451900 and free 0x00451a00 lie inside zClass/cls_util.c (its strings 0x004de4d0 at 0x004518b0 and 0x00451a60 bracket them); load/save are cls_zbd.c. Class.c only allocates/frees single nodes through the pool (0x004478c0, gwNodeFree 0x00447a70) - the pool belongs to a future cls_util subsystem. Q2 (0x004472c0..0x004476f0) still OPEN, so membership stays PROVISIONAL. CLOSED 2026-09-15. Q2 ANSWERED: 0x004472c0, 0x004473e0, 0x00447540, 0x004476f0 are called only by collision code (0x00443f80..0x00446970), use collision globals (0x005396d8.., 0x0053981c/0x00539820) and reach Class.c only as clients of 0x00448920 - the tail of cls_di.c, not members. Q3 ANSWERED: five string-less seeds are tied to Class.c by call edges (0x004484d0 attach handler; 0x004497b0 / 0x00449850 / 0x004498e0 built on 0x00449480; 0x00449b40 called by 0x004484d0 / 0x00448660). 0x00449ba0 REMOVED from membership: its globals 0x004ddd14 / 0x004ddd18 are read only by Render_CameraFrame_SW 0x0044d3a0 and Render_CameraFrame_HW 0x0044d600 (render frame-rate cap) - camera/render code placed just before Camera.c, not Class.c.",P2
cls_world,CLOSED,"World node (class 2): the 2D cell grid that buckets nodes by XZ extent (cell lookup, insert/remove/move), world attach/detach/destroy, world update.","PROVISIONAL 2026-09-15. Span 0x00450030..0x004518a0 between zClass/Display.c (strings 0x004de214, last at 0x0044ff90) and zClass/cls_util.c (strings 0x004de4d0, first at 0x004518b0). Anchors citing zClass/cls_world.c (0x004de298): 0x004502b0, 0x00450a00, 0x00450a70, 0x00450f20, 0x00451240, 0x00451410, 0x00451640. String-less head 0x00450030..0x00450240: 0x00450030 and 0x004500b0 are called from inside the span (helpers); 0x004501c0 and 0x00450240 (class-2 destroy handler) are entry points called from outside. OPEN: (1) the tail 0x00451660..0x004518a0 holds Sound_ProcessWorldNodeEmitters (confirmed) and GWWorld_BuildSaveRecords (calls five span functions) - world members or separate light/sound/save code placed in the file; (2) Light_PrepareFrameLightList / Light_UpdateAllInNode (0x00451540 / 0x00451560) inside the span - world members or a lighting subsystem; (3) placement of the head helpers is by position and call edges only. CLOSED 2026-09-15. Q1 ANSWERED: the tail belongs to the world by function - GWWorld_BuildSaveRecords 0x004517a0 iterates list 13 (the world list, into which World_Create registers) and calls the world parameter getters; Sound_ProcessWorldNodeEmitters 0x00451770 serves the world's sound list. Q2 ANSWERED: Light_PrepareFrameLightList / Light_UpdateAllInNode operate on the world's own light list (data+0x90..+0x98), which World_AddLight / World_RemoveLight maintain - members. Q3 ANSWERED: the head helpers are world code by function - 0x00450030 queues dirty cells, 0x004500b0 refreshes cell bounds, 0x004501c0 creates the world, 0x00450240 destroys it. The span is bracketed by Display.c and cls_util.c strings; the grid's own error string names it the 'virtual area partition' (0x004de23c).",P2
object3d,CLOSED,"Object node (class 5), zClass/Object3d.c: create, attach/detach children, local TRS (position, rotation, scale), dirty marking.","CLOSED 2026-09-15. Every function in 0x0044d9e0..0x0044e5b0 (19) cites zClass/Object3d.c (string 0x004ddeac) - no string-less gaps inside. Plus 0x0044d990 (string-less, immediately before): 6 of its 7 callers are Object3d.c functions (0x0044d9e0, SetScale 0x0044df00, SetRotation 0x0044e030, 0x0044e170, SetPosition 0x0044e300, 0x0044e3d0); the 7th, Camera 0x00449f50, is a client. Below: 0x0044d320 is called only by Render_CameraFrame_SW / HW (0x0044d3a0 / 0x0044d600) - camera-render frame code, not a member. Above: scene_update starts at 0x0044e630 (NodeList_AllocLink). Class-5 data is also read by scene_render, class_api and gwNodeUpdate; they are clients of this file's layout.",P2
render_frame,CLOSED,"Per-frame camera render: the camera-list dispatcher, the software and hardware camera-frame paths, and the frame-rate cap.","PROVISIONAL 2026-09-15. Seeded by call edges, not source strings: 0x0044f630..0x0044f740 are string-less between List.c (last string function 0x0044f1d0) and Window.c (first 0x0044f7a0); 0x0044d320 / 0x0044d3a0 / 0x0044d600 are string-less between Camera.c and Object3d.c; 0x00449ba0 string-less just before Camera.c. OPEN: (1) file identity of both string-less stretches; (2) whether 0x0044f690 / 0x0044f6f0 / 0x0044f740 are render code or a generic list walker placed nearby (their callers 0x0041de70, 0x004c20a0, 0x0045efb0 are unread); (3) the frame functions call into unexplored areas - projection caller 0x00479ce0, the zRndr span buffer (0x00490590..), the D3D back end (0x0049a2b0.., 0x004a75e0), 0x004bef70, 0x0048d7a0, collision 0x00443c50..70 - those are callees to cover, not members. CLOSED 2026-09-15. Q2 ANSWERED from bytes: 0x0044f690 / 0x0044f6f0 / 0x0044f740 are a generic resumable node-list search (predicate callback, name compare), called from game code - REMOVED. The five members are tied by exclusive call edges: 0x0044f630 is the only caller of both camera frames, which are the only callers of 0x0044d320, and the only readers of 0x00449ba0's globals. Q1 (file identity) does not affect membership.",P4
rasteriser,CLOSED,"Software back-end draw primitives, span functions and screen-tint row blitters reached from the render_frame back-end flushes","Seeded from the direct callees of 0x0049a2b0/0x0049a490/0x0049a920/0x00490590/0x0048d7a0. Membership OPEN: boundary not yet established. | 2026-09-16 evidence (not a closure): the 0x0046e... region is a texture/palette manager with its own tables - 0x0046e680 looks up 8-float lighting records in [0x0053d784] (count [0x0053d780]), 0x0046e720 appends one and reallocs every texture's shade table to count*0x4000+0x200, 0x0046e290 picks a texture level. The rasteriser only CALLS into it (0x0046e960 from 0x00495850, 0x0046e290 from 0x00499130) - treat as an external dependency, not members. Open: 0x0048ff80 (fill-table installer) and the zRndr setters (0x00490340/430/480, 0x004904a0/d0) - rasteriser or a zRndr init group. | 2026-09-16 DEAD-CODE EVIDENCE (static, complete for the executable): raw byte scan of Recoil.exe finds 0x0049ea80, 0x0049cea0, 0x0049ddb0, 0x0049cbb0, 0x0049da80, 0x0049ec20, 0x0049ea40 referenced ONLY as absolute stores inside 0x0048ff80 (0x0049007f/004900f4/004901f5/004901ff/0049017d/00490187/00490073/004900e8/0049009d/00490112), and 0x004b3050 / 0x0049e140 called only from 0x0048ff80 (0x00490066, 0x004900db, 0x00490150); no call/jmp rel32 to any of them. 0x0048ff80 clears bit 2 of [[0x00632110]] unconditionally at entry, and the only call before its bit-2 tests is 0x00490480 (writes only 0x0057de70/74/78), so every MMX branch is unreachable. Membership consequence to decide: these are rasteriser code but dead; either confirm them for completeness or exclude them from the gate with this evidence. | 2026-09-16 MEMBERSHIP CLOSED (evidence): (1) raw scan of every member body for 4-byte constants equal to a known function start finds ONLY members (0 non-member constants), so every fill/span routine installed through a pointer is a member; the installer 0x0048ff80 names 37 routines (C7 05 stores and register stores), all members; the only absolute references to 0x0049f180 (0x004962fc in 0x00495850, 0x00496699 in 0x00495850, 0x004968cf in 0x00495850) lie in members. (2) Non-member direct callees and why they stay outside: 0x0046e290 / 0x0046e960 texture manager (own tables, see above); 0x004753e0 member of view; 0x00490480 and the other zRndr setters 0x00490340/430/4a0/4d0 - a config API called from the script parser 0x004c20a0, zRndrInit 0x0048fd80 and app code, which only writes globals the members read; 0x004a6b90/bb0/bd0 pixel-format getters (0x004a6bb0 has 5 callers outside, so REMOVED from members to match its siblings); 0x004a7220/7250/7300 hardware-renderer colour setters; 0x004c60a6 ftol (thunk) and 0x004c6100 stack probe (library). All CONFIRMED. (3) 0x004b3050 ADDED (its only caller is the member 0x0048ff80). (4) Entry points from outside: the render back end 0x0049a2b0/0x0049a490/0x0049a920/0x00499a20/0x00499c40/0x00499ec0, 0x00490590, 0x0048d7a0, 0x00476700; the installer's callers 0x0040ca40/0x0048ff70; the blend-state preset callers (0x00450530 cls_world, 0x004762f0, 0x00476a50, 0x00476cf0, 0x00453aa0, 0x00487f10, 0x00488d60, 0x0048fd80). Residual limit: vtable/pointer dispatch into members from outside is not excluded by the direct call graph; any such dispatch found later reopens membership.",P4
poly_shade,CLOSED,"Per-object polygon shading and draw-mode selection: HW shader 0x00477b30 and SW twin 0x00476cf0, with the callees only they call","Seeded 2026-09-16 from 0x00477b30 / 0x00476cf0 plus every UNCONFIRMED ENGINE callee whose only callers were those two (callgraph). MEMBERSHIP CLOSED 2026-09-16; this block REPLACES the earlier seed text that still said membership was open with the shared callees undecided. Membership decisions for those once-undecided shared callees: BECAME MEMBERS - 0x00476a50(poly_shade), 0x00481140(poly_shade), 0x00487f10(poly_shade), 0x00499a20(poly_shade), 0x00499ec0(poly_shade); STAYED EXTERNAL (all CONFIRMED, so callee coverage holds) - 0x004803b0, 0x0049a830, 0x00499930, 0x00499990, 0x00499a00, 0x00499c40, 0x00490330. The externals stayed out because each is a general service called from outside poly_shade as well: the blend-index setters and the point queue serve the rasteriser fan filler, and 0x00490330 is a one-line constant store. | (1) BODY SCAN: a raw scan of every member body for 4-byte constants equal to a known function start found exactly one apparent non-member, 0x00453b40 inside 0x0047b540 and 0x0047bd30. VERIFIED A FALSE POSITIVE from the disassembly: the four matches (0x0047bae8, 0x0047bcc3, 0x0047c8b1, 0x0047ccf7) each land on an 'inc eax' (opcode 0x40) preceded by 'mov eax, dword ptr [esp+18h]', whose 24 18 tail completes the byte pattern - the constant spans instruction boundaries. Neither function contains any call or push of 0x00453b40, and both have zero callees. So no member reaches a non-member through an embedded address. | (2) CALLEE COVERAGE: 39 external callees, every one CONFIRMED (or thunk/library), so the gate's callee test passes with no gaps. They are: 0x00402f60, 0x00404e80, 0x0046e960, 0x004727a0, 0x00472f30(transform), 0x00472f60(transform), 0x00472fb0(transform), 0x00473060(transform), 0x004731f0(transform), 0x00473fc0(view), 0x004744f0(math3d), 0x004747d0(transform), 0x00474b20(view), 0x00474b70(view), 0x004803b0, 0x00487c50, 0x004894f0, 0x00489540, 0x00490330, 0x00492000(rasteriser), 0x00495850(rasteriser), 0x004969d0(rasteriser), 0x00499930, 0x00499990, 0x00499a00, 0x00499c40, 0x0049a830, 0x0049b350(rasteriser), 0x0049b4c0(rasteriser), 0x0049b530(rasteriser), 0x0049b5a0(rasteriser), 0x0049b710(rasteriser), 0x0049b780(rasteriser), 0x004a7220, 0x004a7250, 0x004a7330, 0x004a73a0, 0x004c60a6, 0x004c6100. | (3) ENTRY POINTS - corrected 2026-09-16 after re-verification under a second model; THE ORIGINAL CLAIM HERE WAS WRONG (it said 0x004a77a0 installed the shaders into the draw-dispatch table). A raw scan finds exactly ONE reference to each shader in the whole image: 0x00475c40 stores 0x00476cf0 (SW, the default) and 0x00475e70 stores 0x00477b30 (HW, only when [0x0056bbe8] != 0), both into the SAME function pointer [0x0057d9e0]. That pointer is invoked as 'mov ecx,esi; call dword ptr [0x0057d9e0]' by five CONFIRMED scene_render node processors: 0x0044ada0, 0x0044af60, 0x0044b140, 0x0044b300, 0x0044b710. poly_shade is therefore entered from scene_render through a single pointer whose value is chosen by hardware mode; no member has an external DIRECT caller. 0x004a77a0 governs only the draw-mode SLOTS [0x0056bc50..74] that the shaders call through (render.md). 0x00475c40 / 0x00475e70 are render/zRndr init and are NOT members (they also initialise about 50 unrelated render globals and the scene-node pool); both are now CONFIRMED. | RESIDUAL LIMITS: (a) the shared globals 0x0057c5c4 (camera-space verts), 0x0057c8c4 (projected verts), 0x0057cdc4 (UVs) and 0x0057d0cc / 0x0057d1cc / 0x0057d2cc (weight arrays) couple poly_shade to the queue functions and lighting helpers by convention rather than by call edges; (b) pointer dispatch INTO members is now established for the two shaders, but no equivalent scan has been done for the other 21 members; (c) the SW half has 0 trace hits, so its runtime behaviour is provisional.",P4
sound,CLOSED,"Sound engine: voice/resource playback API, device and backend init, 3D listener, and the stream-cue state machine","MEMBERSHIP CLOSED 2026-09-17. Boundary evidence: | (1) SPAN: every ENGINE function in 0x0049f600..0x004a5440 is either a member or classified - the scan (membership_evidence.py sound 0x0049f600 0x004a5440 0x0056b290 0x0056b440) reports zero evidence-bearing non-members, and the no-evidence residue (list/static-dtor/record helpers) was read and registered. | (2) MODULES: all seven zSound source paths are accounted for. The path literals begin 8 bytes earlier than the ""GameZRecoil"" substring hits (D:\Proj\ prefix), which is why a search on the substring addresses found no references. Full-path references: zsnd_play.cpp 0x004e2208 (15 dword refs, all in sound), zsnd_parm.cpp 0x004e225c (1 ref at ~0x004a11aa, inside SoundVoice_SetFrequencyRatio - so zsnd_parm is the voice PARAMETER setters 0x004a1090..0x004a11d0, already members; RESOLVED), zsnd_init/cd/3d/create/grp as previously recorded. | (3) UPPER BOUND: 0x004a5440+ is the utility region; its functions used by sound (file/archive loading, search paths, string sets) are CONFIRMED external callees, not members. | (4) CALLEE COVERAGE: 0 uncovered (gate_gap.py). | (5) ENTRY: sound is reached from outside through the play API, the scene sound node and the stream-cue node action callback; caller-reachability alone under-counts it (it missed zsnd_create), so membership was decided by module strings and sound globals. | RESIDUAL LIMITS: A3D (mode 1) and CD audio never execute in any trace - provisional at runtime; load-time paths (config, bank/buffer creation) predate the recorder.",P4
collision,CLOSED,"Scene database intersection queries (ray/segment and point), world grid query, DDA traversal","MEMBERSHIP CLOSED 2026-09-17. 38 members. | (1) SEED: every corpus function referencing the query globals 0x005396d0..0x0053981f (27). | (2) CLOSURE: the mesh/polygon-level tests they call (11) were added after a byte scan for E8 calls showed EVERY direct caller of each is itself a collision member, confirmed also against _callgraph.tsv. | (3) EXCLUDED shared helper: Collision_UVQueryEnabled 0x00479c80 (a getter also called from 0x00421ab0 and 0x00479660) stays external and CONFIRMED. | (4) ENTRY POINTS are called only from game code outside this subsystem: World_QueryPointSet 0x004444b0 (2 sites), World_QuerySegmentSet 0x00445d40 (4), World_QueryObjectsAtPoint 0x00443d20 (7), Collision_GridDDATraversal 0x00444e90 (9) - consumers, not members. | (5) RESIDUAL LIMITS: pointer-dispatched entry into members was not scanned; several per-axis details are garbled in the decompile and flagged in the row notes (segment grid walk axes, ray interpolation expression).",P3
texture,CLOSED,"Texture manager: 4096 0x24-byte texture slots at 0x0053d79c, image loading, D3D binding creation through zVideo hook [0x0056bc08], software texture path","MEMBERSHIP CLOSED 2026-09-17. 42 members. | (1) SEED: membership_evidence.py --register over 0x0046d500..0x0046f000 with globals 0x0053d780..0x00562000 reached a fixpoint of 42 (global refs plus member call edges). | (2) All 42 CONFIRMED from bytes; callee coverage 0 uncovered (gate_gap.py). The six former uncovered callees are CONFIRMED and stay EXTERNAL as general services: TextureManager_FindSlotByName 0x0046d4d0 is internal-looking but was outside the scanned span only by address (it is at 0x0046d4d0) - kept external but confirmed; Font_ScanGlyphs 0x0046f130, Texture_IsSoftwareOnly 0x00479cc0, Image_PrepareSoftwareSampling 0x004902b0 (also used by the software rasteriser path), File_OpenOnSearchPath 0x004a5f50, Pixel_PackRGB 0x004a6d40. | (3) NEIGHBOURS EXCLUDED: Tex_PickLevel 0x0046e290 (1 caller at 0x00499295) and Tex_CallWithDefaultRecord 0x0046e960 (callers 0x004962d7, 0x00499f0e) are called only from the software rasteriser/poly_shade region, so they belong to that side, not the texture manager. | (4) RESIDUAL: Font_ScanGlyphs calls the column test 0x0046f210 (unconfirmed; not a gate callee because Font_ScanGlyphs is external). Pointer-dispatched entry into members (the zVideo hooks point AT render functions, not into texture) was not separately scanned.",P2
zvideo,CLOSED,"zVideo: DirectDraw/Direct3D bring-up, surfaces, texture bindings, draw-mode queues and flushes, hook table, fog, zVideo error reporting","MEMBERSHIP CLOSED 2026-09-17. 132 members. | (1) SEED: membership_evidence.py --register over 0x004a6700..0x004ae600, globals 0x00632000..0x00636000 (118). | (2) GAP MEMBERS: 13 functions absent from the corpus but referenced from members by call or address-taken (gap_members.py), each read via Ghidra create_function+decompile, added. | (3) 0x004ad680 Math_FloorPowerOfTwo added: its only 3 callers are in member D3DTextureBinding_CreateFromImage (find_callers.py). | (4) SPAN END: 0x004ae380..0x004ae590 (8 functions) EXCLUDED - find_callers.py shows every caller is game code (0x0041xxxx-0x0043xxxx) or 0x004aexxx/0x004afxxx, none a zvideo member, and none touch 0x00632000..0x00636000 (they use 0x00778924/0x00778928 tables and object +0xfc lists); a different module begins at 0x004ae380. | (5) CALLEE CHECK: gate_gap.py UNCOV empty for corpus members; for the 13 gap members a byte scan of E8 rel32 targets found only CONFIRMED functions plus ftol (EXCLUDED CRT).",P4
weapon,CLOSED,"Weapon module: mount array [0x00778928] x [0x00778924] (0x164-byte records), projectile update/impact, radius damage, weapon save record","MEMBERSHIP CLOSED 2026-09-17. 61 members. | (1) SEED: membership_evidence.py --register over 0x004ae380..0x004b3260, globals 0x00778900..0x00778a00 (46). | (2) SPAN: 14 NO-EVIDENCE functions in 0x004b0530..0x004b2940 read and added - each operates on weapon/projectile/beam records or the +0xbc target tag. Gap 0x004ae520 (address taken in Weapon_FireProjectile) added. | (3) EXCLUDED: 0x004527f0 (generic gwNode class predicate, only address-taken by a weapon member; belongs with gwNode); 0x004b2960 onward = Settings module (Settings_LoadFromRegistry/SaveToRegistry/RegisterNode, Cpu_IsP6Model3Plus, then Settings_InitPathsAndAutoLoad) - span END is 0x004b2960. | (4) START 0x004ae380: evidenced by zvideo closure. | (5) CALLEES: gate_gap.py weapon UNCOV empty after confirming all 33 external callees.",P3
settings,CLOSED,"Settings: registry load/save, settings node registry and lookup, path init/shutdown","MEMBERSHIP CLOSED 2026-09-17. 6 members: Settings_LoadFromRegistry/SaveToRegistry/RegisterNode/InitPathsAndAutoLoad/Shutdown/FindNodeByName (node list 0x0056bcd0, paths 0x0056bcd8..e0). | System-information functions seeded with it were MOVED to `sysinfo` (content read). | Span: 0x004b2960..0x004b2f50 and 0x004b3260..0x004b33f0 (interleaved with sysinfo). | Callees: gate_gap.py settings.",P2
sysinfo,CLOSED,"System information: CPU identification (legacy flag probes, CPUID, vendor), CPU speed timing (RDTSC/QPC/CMOS), physical memory, DirectSound caps",MEMBERSHIP CLOSED 2026-09-17. Split from settings by content; span 0x004b2f50..0x004b3ce0 minus the settings functions; 0x004b3ce0 onward is a C++ class (scalar deleting destructor) - span END. Callees covered via gate_gap.py sysinfo.,P5
ui_widgets,CLOSED,"UI widget class hierarchy: base vtable 0x004cca10, 126 derived classes (menus, briefing, image widgets)","MEMBERSHIP CLOSED 2026-09-17. 344 members. | (1) SEED: slot targets of the 126 vtables sharing >= 40% slots with base 0x004cca10 (vtable_scan.py --family; 240, of which 88 were added to the ledger as gap rows and read via Ghidra create_function). | (2) LIBRARY CALLEES: every uncovered callee at >= 0x004b3ce0 added and confirmed, iterated to a fixpoint (levels 1-4). | (3) CONSTRUCTORS: every library-range function containing mov dword [reg], imm32 with imm32 a family vtable (byte scan of .text). | (4) BOUNDARY: game-side callees and game-side vtable writers (< 0x004b3ce0) were delegated to subsystem `menus` instead of growing this one. | (5) CALLEES: gate_gap.py ui_widgets UNCOV empty. | REOPENED and RE-CLOSED 2026-09-17 (354 members): 10 library-range functions called only from game screens were not reached by the callee fixpoint (see menus scope decision (B)); add, confirm, re-close. | REOPENED again 2026-09-18 for 0x004bd410, 0x004bf560, 0x004bf630 (reached only from menus). | RE-CLOSED 2026-09-18 (362 members). | REOPENED 2026-09-18 for message panel methods 0x004bd160, 0x004bd2a0, 0x004bd3d0, 0x004bd440. | RE-CLOSED 2026-09-18 (366 members).",P5
menus,CLOSED,Game menu screens and options/settings accessors driven by the UI widget library,"Seeded 2026-09-17 with the 71 game-side functions called by ui_widgets members. A span scan over 0x00407000..0x00436000 hits 966 functions (most of the game), so membership must be grown by call/vtable evidence, not by span. | SCOPE DECISION 2026-09-17 for the 97 uncovered callees: (A) stay in menus - settings accessors and menu logic 0x00407e30..0x0040ff50, 0x004136b0..0x00415630, 0x00434ee0..0x004353f0, 0x00438350, screen manager 0x00443140..0x00443700, MPExitPanel_BuildWidgets 0x00419500; (B) widget-library range 0x004b4ba0, 0x004b4e40, 0x004b8100, 0x004b9760, 0x004b9850, 0x004ba470, 0x004bc980, 0x004bd020, 0x004bd2d0, 0x004c5ec0 -> belong to ui_widgets (its closure only followed calls FROM its members; these are called only by game screens) - ui_widgets membership REOPENED to add them; (C) input / key bindings 0x0046f450, 0x00470610..0x00472410 and the binding-table source 0x00429f80..0x0042a500, 0x0042e170 -> new subsystem `input`; (D) AVI stream setup 0x00463ef0, 0x004641a0 -> new subsystem `avi`; (E) save/load 0x004c0030, 0x004c0050 -> new subsystem `savegame`; (F) outside any UI concern, left for their owners: 0x00404070 (frame step), 0x0045e0f0 (effects level), 0x00499020 (pixel plot), 0x004a5bf0 (string table lookup). | Band F (left to other owners, will stay uncovered until they confirm): 0x00404070, 0x00405c90 Vehicle_SetCameraViewState, 0x0045e0f0, 0x0048ea00, 0x00499020, 0x004a5bf0. CLOSED 2026-09-18 at 179 members: remaining uncovered callees delegated - band F to owners (0x00404070, 0x00405c90 Vehicle_SetCameraViewState, 0x0045e0f0, 0x0048ea00, 0x00499020, 0x004a5bf0) and input/avi/savegame seeds.",P5
input,CLOSED,Keyboard/mouse/joystick input contexts and command key bindings,Seeded 2026-09-17 from menus scope delegation (bands C/D/E): only the functions menus calls; membership not yet grown. CLOSED 2026-09-18 at 59; 0x004a5bf0 delegated,P3
avi,CLOSED,"Movie/sequence playback: AVI (VFW) frame decode and present, fade/blur/MCI sequence objects (fmv.zrd)",Seeded 2026-09-17 from menus scope delegation (bands C/D/E): only the functions menus calls; membership not yet grown. CLOSED at 4,P5
savegame,CLOSED,Save and load game files,Seeded 2026-09-17 from menus scope delegation (bands C/D/E): only the functions menus calls; membership not yet grown. CLOSED at 18,P2
vehicle,CLOSED,"Vehicle movement and physics: per-type movers (track/hover/amphib/sub/fly), contact and suspension, skid model, mode changes, health/damage, camera view states; spec 04_spec/systems/vehicle.md","Seeded 2026-09-18 with 0x00405c90 Vehicle_SetCameraViewState (band F callee of menus; reads [0x004f36a8]+4 vehicle, view state [+0x58c]). Grow by calls from the seed. CLOSED 2026-09-18 at 2 (seed + Vehicle_ResetChaseCamera); remaining callees already owned (camera, class_api, object3d, math3d, menus, zvideo). Scope is only the camera view-state path, not vehicle physics.",P3
zclass_nodes,CLOSED,"zClass scene node types: Switch, Sound, Light, Animation, Sequence and cls helpers","Seeded 2026-09-18 with 61 unowned functions in 0x00452920..0x004558f0; module boundaries from D:/Proj/GameZ/Recoil/zClass/* source-path strings in decompiles (next module zDEClient starts 0x004558f0). CLOSED 2026-09-18 at 61; 11 uncovered callees are other modules (texture section IO 0x0046d360/0x0046d420 zImage, material IO 0x00480600/0x004808c0, model3d IO 0x00481570..0x004820f0, display 0x0044ff90) - delegated.",P2
asset_io,CLOSED,GameZ asset sections: zImage texture section IO and zModel (gmod) material/model3d IO,"Seeded 2026-09-18 with 82 unowned functions: 0x004803b0..0x00484860 (zModel/gmod source-path strings; module runs 0x00475ff0..0x0048ae70, rest owned by render subsystems or unassigned beyond 0x00484860) plus zImage 0x0046d360/0x0046d420/0x0046d4c0. Callees of GameZ_LoadZbd/SaveZbd. CLOSED 2026-09-18 at 84 (+ texture index map 0x0046d310/0x0046d340); gate_gap empty.",P2
geometry,CLOSED,zGeometry: Weiler-Atherton polygon clipping and helpers,Seeded 2026-09-18 with 87 unowned functions in 0x00464670..0x0046d360; bounds from zFMV (ends 0x00464670) and zImage (starts 0x0046d360) source-path strings; 70 decompiles cite D:/Proj/GameZ/Recoil/zGeometry. CLOSED 2026-09-18 at 87; only uncovered callee 0x00458ae0 lies in the zDEClient span (delegated to declient).,P1
declient,CLOSED,zDEClient: game data/entity client module (zd*),"Seeded 2026-09-18 with 90 unowned functions in 0x004558f0..0x0045cc00; bounds from zClass cls_z (ends 0x004558f0) and zEffect (starts 0x0045cc00) source-path strings. CLOSED 2026-09-18 at 90; 11 uncovered callees: 0x0045d3d0..0x0045e4a0 are zEffect module (starts 0x0045cc00, unregistered) and 0x004bd280/0x004beee0/0x004bef10 lie in the ui_widgets span - delegated.",P2
zeffect,CLOSED,"zEffect: anim node effects, spawning and per-effect state","Seeded 2026-09-18 with 76 unowned functions in 0x0045cc00..0x00462570; bounds from zDEClient (ends 0x0045cc00) and zFMV (starts 0x00462570) source-path strings. CLOSED 2026-09-23: all 76 confirmed, gate_gap UNCOV empty; 0x00462370 is MCI MPEGVideo playback kept by span (flag for zFMV review).",P2
mission,CLOSED,"Battlesport mission.cpp: objectives, triggers, review screen, save record",Seeded 2026-09-23 with 30 unowned functions 0x00417430..0x004192d0 from mission.cpp source-path refs and Mission_* names; lower bound vs map.cpp (0x004168d0) and upper bound vs next file not yet pinned. CLOSED 2026-09-23: Mission class = 0x00417260..0x00419490 plus ctor/static init; 0x00417130/0x00417220 are map.cpp base-class methods; global instance 0x004f0cc0.,P3
hud,CLOSED,"Battlesport hud.cpp: in-game HUD, messages, timers, radar/map overlay","Seeded 2026-09-23 with 70 unowned functions 0x0040fb90..0x00414ab0. Note: menus already owns ~25 CONFIRMED functions inside this span (e.g. 0x00410d10, 0x00411270, 0x004138d0) - likely hud.cpp code assigned by earlier menus span; revisit ownership before closing. CLOSED 2026-09-23 at 88: 0x0040fb90..0x00414ab0 plus unowned 0x0040e590..0x0040f460; menus-owned HUD widget classes left in menus; unowned 0x0040d410..0x0040db00 not assigned (menus-widget region).",P4
pickup,CLOSED,"Battlesport pickup.cpp: pickup table (40 x 0x30), spawn, collect, respawn","Seeded 2026-09-24 with 44 unowned functions 0x0041ccd0..0x0041ea30; lower bound vs map/mission end, upper bound vs player.cpp (0x0041f1d0) not pinned. CLOSED 2026-09-24 at 44 (all pickup table/list/spawn/collect functions; 0x0041ea30 last).",P3
player,CLOSED,"Battlesport player.cpp: player vehicle setup, save/restore, HUD sync, per-frame control",Seeded 2026-09-24 with 47 unowned functions 0x0041ea31..0x004236b0; upper bound vs next file not pinned. CLOSED 2026-09-24 at 67 (0x0041ea31..0x00425a20).,P3
turret,CLOSED,"Battlesport turret.cpp: turret spawn, AI tracking, damage, faders",Seeded 2026-09-24 with 23 unowned functions 0x00436630..0x004381d0 (between menus SaveRecordSort and MessageBox).,P3
ai_net,CLOSED,"AI path network (NetGraph) load/lookup/link, ai_net.cpp",range 0x00401060..0x00403870 (0x00401000 dialog ctor moved to menus; 0x004038a0+ is Briefing); all callees covered,P3
mapscreen,CLOSED,in-game map screen and markers (MapScreen_/MapMarker_),range 0x00415ab0..0x00417250 (map.cpp; bounded by menus 0x004159e0 and mission 0x00417260); 10 menu helpers moved out,P5
net,CLOSED,network session and messages (Net_/NetMsg_/NetPlayerTag_),range 0x00431c50..0x00434650 (bounded by menus CMenu wrapper 0x00431ba0 and SaveRecord 0x00434660); 3 CMenu helpers moved to menus,OUT
app,CLOSED,"RecoilApp core: instance init, engine subsystem init/shutdown, main run loop","range 0x00441c60..0x00442d00 (RecoilApp/Engine init, WOL/combo dialogs) bounded by ScreenManager 0x00443140; extended with main-frame/bootstrap range 0x0042da40..0x0042eed0",P3
script,CLOSED,"zInterp scene-script interpreter: .gs/.gw command dispatch (world/camera/light/model/material/fog/texture construction), compiled cache interp.zbd; spec 04_spec/systems/script.md",range 0x004c0e50..0x004c20a0 (zInterp) before CRT helpers at 0x004c5xxx,P2
znetwork,CLOSED,"zNetwork: DirectPlay session/players/messages and the Westwood Online lobby callbacks (multiplayer, out of v1 scope)","seeded by address range (zNetwork module string, Net_* confirmed members)",OUT
