address,vtables,status
0x00401020,0x004ce2f8 0x004d34d8 0x004d3608,LEDGERED
0x00407130,0x004ccd50 0x004d0ac8,LEDGERED
0x00407170,0x004ccd50,LEDGERED
0x004099a0,0x004ccd28 0x004cd178 0x004cd350 0x004cdb08,LEDGERED
0x00412bd0,0x004ce988,LEDGERED
0x00412be0,0x004ce968 0x004ce988,LEDGERED
0x00412bf0,0x004ce968 0x004ce988,LEDGERED
0x00412c00,0x004ce968 0x004ce988,LEDGERED
0x00412c60,0x004ce968,LEDGERED
0x004130d0,0x004ce9a8,LEDGERED
0x00413340,0x004ce9a8,LEDGERED
0x00413500,0x004ce9a8,LEDGERED
0x004135f0,0x004ce9a8,LEDGERED
0x00414660,0x004ce2f8,LEDGERED
0x00414b50,0x004d1fe0,LEDGERED
0x004153d0,0x004cee28,LEDGERED
0x004159d0,0x004cee50 0x004d2520,LEDGERED
0x00415a80,0x004cee50,LEDGERED
0x004198d0,0x004d0aa0,LEDGERED
0x00419940,0x004d0aa0,LEDGERED
0x00419990,0x004d0aa0,LEDGERED
0x0042eac0,0x004d0b18,LEDGERED
0x0042eb10,0x004d0b18,LEDGERED
0x0042eb60,0x004d0af0,LEDGERED
0x0042ec80,0x004d0b40,LEDGERED
0x0042eca0,0x004d0b40,LEDGERED
0x0042edb0,0x004d0b68,LEDGERED
0x0042ee50,0x004d0b68,LEDGERED
0x0042ee70,0x004d0b68,LEDGERED
0x0042eec0,0x004d0b90,LEDGERED
0x0042f8e0,0x004d0b90,LEDGERED
0x0042f9d0,0x004d0ac8,LEDGERED
0x00430240,0x004d1140,LEDGERED
0x00431b50,0x004d1268,LEDGERED
0x00434970,0x004d12c8,LEDGERED
0x00434dc0,0x004d1678,LEDGERED
0x0043f6b0,0x004d1c90,LEDGERED
0x0043f830,0x004d1c90,LEDGERED
0x0043fa70,0x004d1c90,LEDGERED
0x0043fa90,0x004d1c90,LEDGERED
0x0043fde0,0x004d1c90,LEDGERED
0x00441660,0x004d1c90,LEDGERED
0x00442260,0x004d1ee8,LEDGERED
0x00442660,0x004d1fe0,LEDGERED
0x00442680,0x004d1fe0,LEDGERED
0x00442720,0x004d1fe0,LEDGERED
0x00442770,0x004d1c90 0x004d1fe0,LEDGERED
0x004427d0,0x004d1fe0,LEDGERED
0x004437a0,0x004d21d8,LEDGERED
0x00462ed0,0x004d2568,LEDGERED
0x00462ee0,0x004d2568,LEDGERED
0x00462f00,0x004d2568,LEDGERED
0x00463320,0x004d2598,LEDGERED
0x004636d0,0x004d25c8,LEDGERED
0x00463920,0x004d2538 0x004d2550 0x004d25e0,LEDGERED
0x00463c90,0x004d25f8,LEDGERED
0x00463ca0,0x004d25f8,LEDGERED
0x004b4530,0x004ce2f8 0x004d34d8 0x004d3608,LEDGERED
0x004b4550,0x004ce2f8 0x004d34d8 0x004d3608,LEDGERED
0x004b4560,0x004ce2f8 0x004d34d8 0x004d3608,LEDGERED
0x004b4570,0x004ce2f8 0x004d34d8 0x004d3608,LEDGERED
0x004bf7c0,0x004d4028,LEDGERED
0x004bf7e0,0x004d4028,LEDGERED
0x004c5ada,0x004d0000,LEDGERED
0x004c5ae0,0x004d0000,LEDGERED
0x004c5ae6,0x004d0000,LEDGERED
0x004c5af2,0x004d0000,LEDGERED
0x004c5af8,0x004d0000,LEDGERED
0x004c5afe,0x004d0000,LEDGERED
0x004c5b04,0x004d0000,LEDGERED
0x004c5b2e,0x004d1ee8,LEDGERED
0x004c5b34,0x004d1ee8,LEDGERED
0x004c5b3a,0x004d1ee8,LEDGERED
0x004c5b40,0x004d1ee8,LEDGERED
0x004c5b46,0x004d1ee8,LEDGERED
0x004c5b4c,0x004cc738 0x004cfc68 0x004cfd40 0x004cfe10,LEDGERED
0x004c5b52,0x004cc738 0x004cfc68 0x004cfd40 0x004cfe10,LEDGERED
0x004c5b58,0x004cc738 0x004cfc68 0x004d0420 0x004d1bb8,LEDGERED
0x004c5b5e,0x004cc738 0x004cfc68 0x004d0420 0x004d1bb8,LEDGERED
0x004c5bd0,0x004cffb0,LEDGERED
0x004c5bf4,0x004cfd40,LEDGERED
0x004c5c24,0x004cfe10,LEDGERED
0x004c5c4e,0x004cfd40 0x004cfe10 0x004cfee8 0x004cffb0,LEDGERED
0x004c5c54,0x004cfee8,LEDGERED
0x004c5cc0,0x004d04f8,LEDGERED
0x004c5d38,0x004d09e0 0x004d2020,LEDGERED
0x004c5d3e,0x004d09e0 0x004d2020,LEDGERED
0x004c5de6,0x004d1140 0x004d21d8,LEDGERED
0x004c5dec,0x004d1248,LEDGERED
0x004c5df2,0x004d1248,LEDGERED
0x004c5df8,0x004d1248,LEDGERED
0x004c5e10,0x004d1268,LEDGERED
0x004c5e6a,0x004d22e0,LEDGERED
0x004c5e76,0x004d22f8,LEDGERED
