command,handler_calls
AddChild,0x0044ecf0:NodeRegistry_LookupByName 0x004483f0:gwNodeAttachChild
AddEnhancerImage,0x0046d810:TextureManager_FindOrAddSlot
AnimSetZBDFile,0x0045e210:AnimData_SetZbdName
AnimSetDebugFrame,0x0045d000:SetGlobal_004df670
CameraRotate,0x00449ea0:FUN_00449ea0
CameraGetTranslate,0x0044a250:Camera_GetWorldPosition
CameraSetActive,0x00449d10:gwNodeSetActive
CameraSetDynamicLOD,0x00449ba0:Render_SetFrameRateCap
CameraSetFOV,0x0044a610:Camera_SetFOV
CameraSetHorizonXZ,0x0044ecf0:NodeRegistry_LookupByName 0x0044a980:FUN_0044a980
CameraSetHorizon,0x0044ecf0:NodeRegistry_LookupByName 0x0044a910:FUN_0044a910
CameraSetLODMultiplier,0x0044a870:FUN_0044a870
CameraSetNearFarClip,0x0044a2f0:FUN_0044a2f0
CameraSetNearClip,0x0044a380:FUN_0044a380 0x0044a2f0:FUN_0044a2f0
CameraSetFarClip,0x0044a380:FUN_0044a380 0x0044a2f0:FUN_0044a2f0
CameraSetObjectHSETest,0x00449dc0:FUN_00449dc0
CameraSetWindow,0x0044ecf0:NodeRegistry_LookupByName 0x00449e90:FUN_00449e90
CameraSetWorld,0x0044ecf0:NodeRegistry_LookupByName 0x00449dd0:FUN_00449dd0
CameraTranslate,0x0044a0f0:FUN_0044a0f0
CountCameraNodes,0x0044ec90:NodeList_Count
CountUsedNodes,0x0044ec90:NodeList_Count
CycleTextureSetLooping,0x004842f0:ModelInstance_Call_00481220
CycleTextureSetMap,0x0046d810:TextureManager_FindOrAddSlot 0x00484330:ModelInstance_Call_00481100
CycleTextureSetOn,0x00404e80:FUN_00404e80 0x00447f00:gwNodeGetModel 0x00484250:ModelInstance_Call481050
CycleTextureSetSpeed,0x00484310:ModelInstance_Call_00481260
ClearScreenBuffer,0x004a7b20:zVideo_SetD3DDeviceCreated
DeleteChild,0x00452770:Node_FindChildByNameRecursive 0x00448570:gwNodeDetachChild
NULL,
DeleteFile,
DeleteTree,0x0044ecf0:NodeRegistry_LookupByName 0x00404e80:FUN_00404e80 0x00451a60:gwNode_DestroyTree
DisplayOrigin,0x0044ff10:DisplayClass_SetOrigin
DisplayResolution,0x0044fe90:DisplayClass_SetSize
DisplaySetClearColor,0x0044ff90:Display_SetColour 0x004c1870:Script_DumpArgs
Echo,0x004c1870:Script_DumpArgs
FindNode,0x0044ecf0:NodeRegistry_LookupByName
FindSubNode,0x00452770:Node_FindChildByNameRecursive
FreeNode,0x0044ecf0:NodeRegistry_LookupByName 0x0044db00:thunk_FUN_00447b60 0x00450240:World_Destroy
GameZReadZBDFile,0x00455520:GameZ_LoadZbd
GameZWriteZBDFile,0x0044ec80:NodeList_RunClientLists 0x0044e920:NodeList_FlushAll 0x00454a50:GameZ_SaveZbd
GetBFETolerance,0x00476470:FUN_00476470
LensFlareTexture,0x0046d810:TextureManager_FindOrAddSlot 0x0049aa40:FUN_0049aa40
LightNew,0x00452fd0:Light_Create
LightSetActive,0x00447c60:gwNodeSetActive
LightSetAmbient,0x00453200:Light_SetFieldA8
LightSetColor,0x00453aa0:Light_SetColor
LightSetDiffuse,0x00453250:Light_SetFieldA4
LightSetDirectedSource,0x004532f0:Light_SetModeBC
LightSetDirectional,0x004532a0:Light_SetFieldB8
LightSetOrientation,0x004535c0:Light_SetVec08
LightSetPointSource,0x00453350:Light_SetModeC0
LightSetRanges,0x00453400:Light_SetFalloffRange
LightSetSaturated,0x004533b0:Light_SetFieldC4
LightSetTranslate,0x00453560:Light_SetVec14
LoadSoils,0x00481460:MaterialName_LoadFromConfig
LODAddChild,0x0044ecf0:NodeRegistry_LookupByName 0x00454310:thunk_FUN_004484d0
LODSetRange,
MatlFaceColor,0x004a6d40:Pixel_PackRGB
MatlNew,0x00480c40:Material_Init
MatlTexture,0x0046d4d0:TextureManager_FindSlotByName
ModelNew,0x0044daa0:Object3D_Create 0x00447dc0:gwNodeSetName 0x00482080:Model_Alloc 0x00447e60:gwNodeSetModel
Facade,0x004826a0:SetDword0_FromEDX
ModelPolygonBegin,
ModelPolygonEnd,0x00480ca0:Material_FindOrCreate 0x00476320:FUN_00476320 0x00483610:Model_Call483650_Arg2Zero
ModelPolygonUV,
ModelPolygonVertex,
NewCamera,0x00449be0:FUN_00449be0
NewDisplay,0x0044fdd0:FUN_0044fdd0
NewLOD,0x004542a0:NodeType6_Create
NewNode,0x004478c0:FUN_004478c0
NewObject3D,0x0044daa0:Object3D_Create
NewSEQ,0x00453ee0:Seq_Create 0x00447dc0:gwNodeSetName
NewWindow,0x0044f7a0:FUN_0044f7a0
NewWorld,0x004501c0:World_Create
NodeSetActive,0x00447c60:gwNodeSetActive
NodeSetDescription,0x00447dc0:gwNodeSetName
NodeSetCanModify,0x00447d20:gwNodeSetFlag10000
NodeSetLighting,0x004528e0:FUN_004528e0
NodeSetOverwrite,0x004483a0:gwNodeSetFlag800000
Object3DAddChild,0x0044ecf0:NodeRegistry_LookupByName 0x0044db10:Object3D_AttachChild
NULL,
Object3DGetTranslate,0x0044e270:Object3D_GetPosition
Object3DRegisterTexturesToWorld,0x00447f00:gwNodeGetModel
Object3DRotate,0x0044e030:Object3D_SetRotation
Object3DScale,0x0044df00:Object3D_SetScale
Object3DSetActionPriority,0x00448090:gwNodeSetActionList
Object3DSetActive,0x00447c60:gwNodeSetActive
Object3DSetColor,0x00447f00:gwNodeGetModel 0x00484350:ModelInstance_ResetNonCycleParts
Object3DSetFacade,0x00447f00:gwNodeGetModel 0x004826a0:SetDword0_FromEDX
Object3DSetOpacityIsSet,0x0044de80:Object3D_SetFlag2
Object3DSetOpacity,0x0044dd90:Object3D_SetValue4
Object3DSetPoints,0x00447f00:gwNodeGetModel 0x004826a0:SetDword0_FromEDX
Object3DSetPriority,0x00447f00:gwNodeGetModel 0x00484140:ModelInstance_SetAllPartsField4
Object3DSetScrollAlways,0x00404e80:FUN_00404e80
Object3DSetScroll,
Object3DSetShowBackFace,0x00447f00:gwNodeGetModel 0x00484170:ModelInstance_SetAllPartsBit8
Object3DSetTextureWorldBaseCoordinates,0x004760b0:FUN_004760b0
Object3DSetTextureWorldTexturesPerMeter,0x00476090:FUN_00476090
Object3DSetMorphVertex,0x00447f00:gwNodeGetModel 0x00483f80:Model_BuildVertexWeightTable
Object3DTranslate,0x0044e300:Object3D_SetPosition
PerspectiveTexture,
PrintNodeCount,0x0044f6f0:NodeList_FindNextByName
PrintTree,0x004c2030:Script_DumpTree
PrintUsedNodes,0x0044ecb0:NodeList_DebugPrint
RdrAddPath,0x0048cce0:FUN_0048cce0
RdrSetPath,0x0048cca0:SearchPath_InitOrReset
SEQ,
SEQAddChild,0x0044ecf0:NodeRegistry_LookupByName 0x00453f40:Seq_InsertEntry
SEQNew,0x00453ee0:Seq_Create 0x00447dc0:gwNodeSetName
SEQSetActive,0x004540c0:Seq_SetField0
SEQSetLoop,0x00454140:Seq_SetField8
SEQSetPause,0x00454180:Seq_SetFieldC
SEQSetRepeat,0x00454100:Seq_SetField4
SetAltitudeSurface,0x00448100:gwNodeSetFlag08
SetBFETolerance,0x00476460:FUN_00476460
SetCoplanarTolerance,0x00481550:Model_SetGlobalDouble_004e1388
SetColinearTolerance,0x00481560:Model_SetGlobalDouble_004e1390
SetGameZNodeArraySize,0x004518b0:FUN_004518b0
SetMaterialArraySize,0x00480bf0:Material_SetArraySize
SetModel3DArraySize,0x00475ff0:FUN_00475ff0
SetIntersectBBOX,0x00448230:gwNodeSetFlag20
SetIntersectSurface,0x004481b0:gwNodeSetFlag10
SetLandmark,0x004482f0:gwNodeSetFlag80
SetPaletteName,
SetPaletteShading,0x00476020:FUN_00476020
SetPerspectiveAdaptiveCorrection,0x00490480:zRndr_SetPerspectiveSubdivAdaptive
SetPerspectiveTextureDeltaX,0x00490430:zRndr_SetPerspectiveSubdivFixed
SetInverseZTolerance,0x00476300:FUN_00476300
SetPerspectiveInverseZTolerance,0x004904d0:zRndr_SetPerspectiveInverseZTolerance
SetPerspectiveTextureFarZ,0x004904a0:zRndr_SetReciprocalParam_0057de68
SetProximity,0x004482b0:gwNodeSetFlag40
SetSmallPolygonRejectArea,0x004804c0:Model_SetScaleGlobals
SetTextureDirectory,0x0046ebd0:TextureManager_AddSearchPaths
SetVertexShading,0x00476030:RenderState_SetSecondArrayBlendEnabled
TextureAdd,0x0046d810:TextureManager_FindOrAddSlot
Verbose,
VideoSetDither,0x004a6b70:zVideo_SetGlobal_0063213c
VideoSetWireFrame,0x004a6b60:zVideo_SetGlobal_00632138
WindowAddClearPolygonVertex,0x0044fbd0:FUN_0044fbd0
WindowBuffer,0x0044fad0:FUN_0044fad0
WindowCloseClearPolygon,0x0044fcf0:FUN_0044fcf0
WindowOrigin,0x0044f9c0:WindowClass_SetOrigin
WindowResolution,0x0044f8b0:WindowClass_SetSize
WindowSetClearPolygon,0x0044fb40:FUN_0044fb40
WorldAddLight,0x0044ecf0:NodeRegistry_LookupByName 0x00451360:World_AddLight
WorldExtents,0x00450c30:World_SetExtent
WorldOrigin,0x00450c00:World_SetOrigin
WorldPartitionInclusionTolerance,0x00450f00:World_SetCellMargins
WorldPartitionMaxDECFeatureCount,0x00450f20:World_SetPartitionMax
WorldPartition,0x00450c60:World_BuildGrid
WorldSetFogAltitude,0x00450b20:World_SetParams28
WorldSetFogColor,0x00450af0:World_SetParams14
WorldSetFogDensity,0x00450b60:World_SetParam30
WorldSetFogRange,0x00450b40:World_SetParams20
WorldSetFogRangeNear,0x00450bc0:World_GetParams20 0x00450b40:World_SetParams20
WorldSetFogRangeFar,0x00450bc0:World_GetParams20 0x00450b40:World_SetParams20
WorldGetFogRange,0x00450bc0:World_GetParams20
WorldSetFogState,0x00450ae0:World_SetParam10
WorldSetVirtualPartition,0x00450510:World_SetRebucket50
WriteTextureSetType,0x00479c50:Decal_SetImageIndex
WriteTextureSetMap,0x0046d810:TextureManager_FindOrAddSlot 0x00479c60:FUN_00479c60 0x004c1b20:Script_IncLine
